OrderID,CustomerName,ProductID,ProductName,Quantity,OrderDate,DeliveryStatus,Country,RevenueUSD
ORD-10000,"Brown, Roberts and Kelly",CHC-01292,Value Pack Compound Chocolate Bar,20,2025-12-02,Delivered,India,36.4
ORD-10001,Powell-Gordon,CHC-00798,Marzipan Style Almond Chocolate Truffle Box,16,2026-03-01,Delivered,Italy,65.92
ORD-10002,Salas-Cooper,CHC-01485,Espresso Infused Dark Chocolate Drops,21,2026-06-16,Delivered,Germany,52.5
ORD-10003,Pena Inc,CHC-00584,Marzipan Style Almond Chocolate Gift Box,35,2026-02-27,Shipped,Germany,120.05
ORD-10004,Lee-Reeves,CHC-00627,70% Intense Dark Chocolate Drops,135,2025-12-22,Delivered,Belgium,352.35
ORD-10005,Willis Ltd,CHC-00850,Honeycomb Milk Chocolate Truffle Box,10,2026-07-25,Delivered,Australia,22.2
ORD-10006,Mueller Inc,CHC-01499,Organic Single Origin Chocolate Squares,11,2025-11-06,Delivered,China,39.93
ORD-10007,Sharp-Blackwell,CHC-01408,Espresso Infused Dark Chocolate Pralines,31,2025-11-24,Delivered,Germany,128.03
ORD-10008,"Andrews, Ross and Rodriguez",CHC-00234,Coconut Sugar Vegan Dark Chocolate Drops,34,2025-10-10,Delivered,USA,205.02
ORD-10009,Lee Group,CHC-00173,Stevia Sweetened Sugar-Free Chocolate Drops,15,2026-04-09,Shipped,Brazil,69.75
ORD-10010,"Miranda, Brown and Mason",CHC-00218,70% Intense Dark Chocolate Truffle Box,105,2026-02-04,Processing,Peru,351.75
ORD-10011,"Carr, Jensen and Sims",CHC-01053,Berry Burst Ruby Chocolate Gift Box,79,2026-04-17,Delivered,United Kingdom,352.34
ORD-10012,"Norris, Walter and Miller",CHC-01044,Diabetic Friendly Sugar-Free Chocolate Truffle Box,20,2026-02-19,Delivered,France,76.4
ORD-10013,Estrada Group,CHC-00337,85% Extra Bold Dark Chocolate Filled Bar,27,2026-07-07,Delivered,UAE,162.81
ORD-10014,"Farmer, Garcia and White",CHC-00757,Raisin & Almond Fruit & Nut Chocolate Drops,16,2026-03-19,Delivered,Cote d'Ivoire,47.84
ORD-10015,Fisher Inc,CHC-00237,Classic Milk Chocolate Squares,52,2026-07-03,Delivered,Cote d'Ivoire,187.72
ORD-10016,"Smith, Wiggins and Taylor",CHC-00268,Whole Hazelnut Chocolate Coated Nuts,62,2026-01-07,Processing,France,199.64
ORD-10017,Hart-Scott,CHC-01177,Plant-Based Classic Vegan Dark Chocolate Filled Bar,6,2026-04-11,Shipped,Switzerland,20.4
ORD-10018,Lopez-Johnson,CHC-00521,Confectionery Grade Compound Chocolate Pralines,18,2026-05-20,Pending,Canada,28.98
ORD-10019,Jordan Ltd,CHC-00782,Vanilla Bean White Chocolate Gift Box,68,2026-07-26,Delivered,Australia,285.6
ORD-10020,"Peck, Brown and Bradley",CHC-00750,Coconut White Chocolate Truffle Box,12,2025-11-29,Pending,Switzerland,30.0
ORD-10021,Summers Group,CHC-00078,Tropical Mix Fruit & Nut Chocolate Coated Nuts,45,2026-02-04,Delivered,Mexico,151.2
ORD-10022,"Dominguez, Sullivan and Jones",CHC-00105,70% Intense Dark Chocolate Chips (Baking),24,2025-10-17,Shipped,South Africa,115.44
ORD-10023,"Hughes, Vargas and Pace",CHC-01392,Organic Single Origin Chocolate Wafer Bar,36,2026-03-06,Delivered,Switzerland,236.16
ORD-10024,Alvarez Group,CHC-01400,Tropical Mix Fruit & Nut Chocolate Drops,42,2026-03-19,Processing,Germany,161.28
ORD-10025,"Garcia, Newman and Lewis",CHC-01229,Salted Butter Caramel Chocolate Filled Bar,38,2026-06-09,Shipped,Belgium,182.78
ORD-10026,Sims Group,CHC-00642,Sea Salt Milk Chocolate Squares,17,2026-06-11,Shipped,Brazil,40.97
ORD-10027,Smith Ltd,CHC-01360,Cranberry Walnut Fruit & Nut Chocolate Gift Box,66,2026-07-12,Pending,Italy,254.76
ORD-10028,Hatfield Inc,CHC-01477,85% Extra Bold Dark Chocolate Truffle Box,35,2026-04-15,Delivered,UAE,108.15
ORD-10029,Kane and Sons,CHC-00521,Confectionery Grade Compound Chocolate Pralines,38,2025-10-31,Shipped,Canada,61.18
ORD-10030,Smith-Ball,CHC-00054,Raisin & Almond Fruit & Nut Chocolate Drops,19,2026-04-09,Delivered,Canada,55.48
ORD-10031,Hayes Ltd,CHC-00100,Marzipan Style Almond Chocolate Bar,38,2025-10-19,Delivered,Belgium,115.14
ORD-10032,Livingston LLC,CHC-00692,Vanilla Bean White Chocolate Squares,49,2026-07-27,Processing,Australia,109.27
ORD-10033,"Reeves, Foley and Blair",CHC-01500,Praline Hazelnut Chocolate Drops,51,2026-06-12,Pending,Australia,200.94
ORD-10034,Carter PLC,CHC-00795,Organic Single Origin Chocolate Coated Nuts,6,2025-12-06,Delivered,Mexico,38.4
ORD-10035,"Jimenez, Caldwell and Wu",CHC-00797,70% Intense Dark Chocolate Coated Nuts,89,2025-12-19,Delivered,France,353.33
ORD-10036,Love Inc,CHC-00119,Soft Caramel Core Chocolate Coated Nuts,19,2026-02-17,Shipped,United Kingdom,65.55
ORD-10037,Smith Ltd,CHC-00266,Confectionery Grade Compound Chocolate Wafer Bar,9,2026-07-23,Shipped,Mexico,20.97
ORD-10038,"Roth, Miller and Collins",CHC-00200,Biscuit Milk Chocolate Coated Nuts,31,2026-01-08,Delivered,France,110.98
ORD-10039,"Greene, Rosario and Conley",CHC-01422,Confectionery Grade Compound Chocolate Drops,60,2025-11-13,Delivered,United Kingdom,85.2
ORD-10040,"Brown, Richardson and Andrews",CHC-00172,Marzipan Style Almond Chocolate Squares,59,2025-11-25,Pending,Germany,254.88
ORD-10041,Harrison-Jackson,CHC-01129,Vanilla Bean White Chocolate Truffle Box,27,2026-04-30,Delivered,Australia,62.37
ORD-10042,Cox Ltd,CHC-00112,Soft Caramel Core Chocolate Pralines,17,2026-02-17,Processing,USA,57.46
ORD-10043,Soto Group,CHC-01371,Single Origin Dark Chocolate Squares,68,2026-07-28,Processing,Mexico,261.12
ORD-10044,Cruz-Hartman,CHC-01257,Praline Hazelnut Chocolate Drops,85,2026-07-20,Processing,Ecuador,397.8
ORD-10045,Mueller-Knight,CHC-00182,Lemon Zest White Chocolate Chips (Baking),31,2026-05-11,Pending,Switzerland,94.24
ORD-10046,Ramirez-Howell,CHC-00228,Raspberry Swirl White Chocolate Drops,80,2025-11-04,Pending,Switzerland,356.8
ORD-10047,"Warner, Wilcox and Rivera",CHC-00703,Classic Milk Chocolate Gift Box,55,2026-05-20,Delivered,Switzerland,122.65
ORD-10048,"Swanson, Smith and Hernandez",CHC-01307,Roasted Almond Chocolate Truffle Box,151,2026-07-06,Delivered,USA,744.43
ORD-10049,Richards-Bray,CHC-00383,85% Extra Bold Dark Chocolate Pralines,25,2026-07-18,Delivered,Brazil,127.5
ORD-10050,Bennett Ltd,CHC-00998,Confectionery Grade Compound Chocolate Squares,21,2026-03-07,Pending,Australia,37.59
ORD-10051,Guzman-Kemp,CHC-00719,Coconut White Chocolate Truffle Box,19,2026-07-15,Pending,India,66.5
ORD-10052,Campbell-Smith,CHC-01427,Coconut Sugar Vegan Dark Chocolate Pralines,31,2026-02-17,Delivered,Germany,113.77
ORD-10053,Adams-Moore,CHC-01127,85% Extra Bold Dark Chocolate Drops,137,2026-06-30,Pending,Brazil,431.55
ORD-10054,Roberts and Sons,CHC-00116,Almond Crunch Chocolate Bar,30,2026-01-08,Shipped,Italy,163.2
ORD-10055,"Thomas, Hester and Robles",CHC-00142,Almond Crunch Chocolate Drops,232,2026-07-04,Delivered,Cote d'Ivoire,805.04
ORD-10056,"Cohen, Mcintyre and Reed",CHC-00853,Single Origin Dark Chocolate Truffle Box,39,2026-03-06,Pending,France,99.45
ORD-10057,Fernandez Group,CHC-01312,Citrus Ruby Chocolate Squares,38,2026-03-02,Delivered,South Africa,253.84
ORD-10058,Gonzalez-Christensen,CHC-00459,Diabetic Friendly Sugar-Free Chocolate Gift Box,31,2026-04-10,Delivered,Mexico,128.03
ORD-10059,Collins Inc,CHC-01408,Espresso Infused Dark Chocolate Pralines,29,2026-04-10,Shipped,Germany,119.77
ORD-10060,"Foster, Erickson and Howe",CHC-00229,Cranberry Walnut Fruit & Nut Chocolate Wafer Bar,12,2026-03-29,Processing,Ghana,58.92
ORD-10061,"Potter, Conner and Stevens",CHC-01406,Oat Milk Blend Vegan Dark Chocolate Truffle Box,20,2026-03-31,Shipped,Australia,105.2
ORD-10062,Herrera LLC,CHC-01464,Espresso Infused Dark Chocolate Truffle Box,22,2026-06-06,Delivered,Switzerland,110.66
ORD-10063,Hall PLC,CHC-01430,Single Origin Dark Chocolate Chips (Baking),5,2025-11-13,Delivered,Cote d'Ivoire,16.35
ORD-10064,"Prince, Dyer and Boyd",CHC-01473,Marzipan Style Almond Chocolate Coated Nuts,12,2026-02-06,Delivered,Netherlands,60.84
ORD-10065,Hunter-Harris,CHC-00308,Espresso Infused Dark Chocolate Drops,15,2026-06-26,Delivered,India,46.05
ORD-10066,Lee and Sons,CHC-00862,Roasted Almond Chocolate Filled Bar,41,2026-05-21,Delivered,Mexico,162.77
ORD-10067,"Roberts, Lane and Howard",CHC-00101,Biscuit Milk Chocolate Gift Box,111,2026-05-19,Shipped,Belgium,480.63
ORD-10068,"Vincent, Sanchez and Livingston",CHC-00873,Honeycomb Milk Chocolate Filled Bar,65,2025-11-24,Pending,India,161.85
ORD-10069,Brooks-Rodriguez,CHC-01085,Tropical Mix Fruit & Nut Chocolate Bar,56,2026-07-25,Delivered,Switzerland,213.36
ORD-10070,"Ford, Miller and Stewart",CHC-01342,Espresso Infused Dark Chocolate Coated Nuts,217,2026-07-15,Shipped,Australia,1200.01
ORD-10071,Cooper PLC,CHC-01075,Lemon Zest White Chocolate Filled Bar,77,2026-05-14,Delivered,USA,277.97
ORD-10072,"Smith, Johnson and Mooney",CHC-01134,Classic Sugar-Free Chocolate Truffle Box,136,2026-04-06,Pending,South Africa,776.56
ORD-10073,"Tucker, Bradley and Green",CHC-00271,Stevia Sweetened Sugar-Free Chocolate Pralines,85,2025-10-21,Pending,Germany,360.4
ORD-10074,Simmons-Potts,CHC-01398,Sea Salt Milk Chocolate Coated Nuts,49,2026-03-25,Pending,India,115.64
ORD-10075,"Fuentes, Richmond and King",CHC-00567,Roasted Almond Chocolate Squares,9,2026-03-28,Delivered,Germany,42.03
ORD-10076,Morgan and Sons,CHC-00610,Single Origin Dark Chocolate Wafer Bar,127,2026-02-28,Delivered,Canada,796.29
ORD-10077,Miller-Williams,CHC-01065,Vanilla Bean White Chocolate Gift Box,12,2025-11-12,Delivered,USA,34.56
ORD-10078,"Wood, Thornton and Tucker",CHC-00711,Original Ruby Chocolate Truffle Box,8,2026-01-18,Pending,Peru,60.24
ORD-10079,Roy Ltd,CHC-00873,Honeycomb Milk Chocolate Filled Bar,13,2025-10-27,Shipped,India,32.37
ORD-10080,Weeks-Mccarthy,CHC-01018,Organic Raw Cacao Chocolate Bar,10,2025-11-03,Processing,Cote d'Ivoire,38.4
ORD-10081,Scott PLC,CHC-01093,Sea Salt Milk Chocolate Squares,56,2026-05-24,Delivered,Cote d'Ivoire,114.8
ORD-10082,Davidson Ltd,CHC-00846,Sea Salt Milk Chocolate Filled Bar,36,2026-06-15,Delivered,Japan,160.2
ORD-10083,"Long, West and Moore",CHC-01485,Espresso Infused Dark Chocolate Drops,93,2026-01-17,Pending,Germany,232.5
ORD-10084,Frey and Sons,CHC-01048,Cranberry Walnut Fruit & Nut Chocolate Gift Box,76,2026-01-03,Processing,Italy,406.6
ORD-10085,Johnson LLC,CHC-00139,Coconut White Chocolate Wafer Bar,70,2026-06-28,Delivered,UAE,312.9
ORD-10086,Brown-Tran,CHC-00138,Tropical Mix Fruit & Nut Chocolate Bar,13,2026-03-08,Processing,Belgium,41.21
ORD-10087,Hood Inc,CHC-00440,Cranberry Walnut Fruit & Nut Chocolate Truffle Box,35,2026-02-21,Delivered,Germany,172.2
ORD-10088,Hartman-Mckinney,CHC-00741,Coconut White Chocolate Gift Box,21,2026-04-11,Shipped,Colombia,85.26
ORD-10089,"Gill, Webb and Garcia",CHC-00969,Biscuit Milk Chocolate Truffle Box,9,2026-04-09,Delivered,Mexico,33.3
ORD-10090,Fischer-Ayers,CHC-01293,Coconut White Chocolate Pralines,145,2025-11-11,Shipped,Brazil,413.25
ORD-10091,"Goodman, Lawrence and Alexander",CHC-01462,Coconut White Chocolate Coated Nuts,123,2026-02-06,Processing,Ecuador,460.02
ORD-10092,"Garcia, Nguyen and Scott",CHC-00516,Biscuit Milk Chocolate Coated Nuts,134,2026-02-25,Delivered,Peru,529.3
ORD-10093,Brooks Group,CHC-00176,85% Extra Bold Dark Chocolate Drops,96,2026-02-17,Shipped,Ghana,366.72
ORD-10094,Alexander and Sons,CHC-00497,Single Origin Dark Chocolate Squares,14,2026-06-01,Pending,Switzerland,83.02
ORD-10095,"Mcclain, Mcdonald and Gaines",CHC-00574,Coconut White Chocolate Drops,16,2026-08-02,Delivered,Indonesia,60.32
ORD-10096,Moore and Sons,CHC-00760,Raspberry Swirl White Chocolate Bar,25,2026-06-02,Processing,Peru,72.5
ORD-10097,Villa LLC,CHC-00361,Honeycomb Milk Chocolate Truffle Box,25,2026-04-21,Shipped,Australia,106.25
ORD-10098,"Taylor, West and Davis",CHC-00753,Soft Caramel Core Chocolate Pralines,32,2026-01-17,Processing,Australia,102.4
ORD-10099,Kirby-Fuller,CHC-00718,Marzipan Style Almond Chocolate Wafer Bar,12,2026-03-19,Pending,Mexico,56.88
ORD-10100,Compton-Morris,CHC-00322,Espresso Infused Dark Chocolate Gift Box,23,2025-10-21,Processing,France,93.38
ORD-10101,Woods Ltd,CHC-00179,Coconut White Chocolate Chips (Baking),122,2025-12-08,Delivered,Indonesia,434.32
ORD-10102,Thomas-Walker,CHC-01056,Biscuit Milk Chocolate Filled Bar,43,2026-05-13,Processing,UAE,141.9
ORD-10103,White Group,CHC-01033,Classic Milk Chocolate Chips (Baking),11,2026-06-17,Pending,Japan,34.87
ORD-10104,"Small, Gonzales and Hernandez",CHC-00559,Organic Fair-Trade Chocolate Wafer Bar,72,2026-02-28,Delivered,Cote d'Ivoire,347.04
ORD-10105,Jenkins-Moore,CHC-01480,Classic Milk Chocolate Gift Box,45,2026-06-22,Shipped,Switzerland,198.0
ORD-10106,Duncan-Phillips,CHC-00864,Plant-Based Classic Vegan Dark Chocolate Chips (Baking),92,2026-03-15,Delivered,Cote d'Ivoire,556.6
ORD-10107,Green Inc,CHC-01207,Confectionery Grade Compound Chocolate Gift Box,29,2025-11-14,Shipped,USA,53.94
ORD-10108,Bryant-Olson,CHC-00749,Whole Hazelnut Chocolate Wafer Bar,43,2025-12-02,Delivered,South Africa,188.77
ORD-10109,Irwin Inc,CHC-00096,Biscuit Milk Chocolate Squares,32,2026-02-09,Delivered,Germany,79.36
ORD-10110,"Jacobson, Barnett and Clark",CHC-00621,Classic Milk Chocolate Gift Box,50,2026-04-24,Pending,Ecuador,148.0
ORD-10111,Conley-Wilson,CHC-01062,85% Extra Bold Dark Chocolate Pralines,27,2026-06-05,Delivered,South Africa,115.83
ORD-10112,Arellano Group,CHC-01347,Cranberry Walnut Fruit & Nut Chocolate Bar,18,2025-11-09,Pending,Netherlands,84.6
ORD-10113,Bolton-Buckley,CHC-00793,Coconut White Chocolate Drops,11,2026-04-08,Processing,Colombia,48.84
ORD-10114,Price Group,CHC-01064,70% Intense Dark Chocolate Squares,29,2026-06-02,Pending,France,174.87
ORD-10115,Brown Ltd,CHC-00287,Classic Sugar-Free Chocolate Filled Bar,59,2026-03-28,Delivered,South Africa,315.06
ORD-10116,Thomas-Bowman,CHC-00057,85% Extra Bold Dark Chocolate Filled Bar,14,2025-10-19,Delivered,India,77.84
ORD-10117,Roman-Peterson,CHC-01032,Plant-Based Classic Vegan Dark Chocolate Chips (Baking),23,2026-04-14,Shipped,Ghana,121.44
ORD-10118,Ramos PLC,CHC-00388,Praline Hazelnut Chocolate Chips (Baking),35,2026-06-02,Pending,Indonesia,207.55
ORD-10119,Lopez-Graham,CHC-00272,Cranberry Walnut Fruit & Nut Chocolate Pralines,77,2026-06-23,Delivered,Peru,304.92
ORD-10120,Robinson-Duncan,CHC-00471,Single Origin Dark Chocolate Bar,13,2026-05-01,Delivered,Cote d'Ivoire,39.91
ORD-10121,Bridges PLC,CHC-00122,Single Origin Dark Chocolate Truffle Box,49,2026-07-26,Shipped,Belgium,255.78
ORD-10122,Dawson and Sons,CHC-01322,Honeycomb Milk Chocolate Filled Bar,78,2025-12-06,Delivered,Brazil,209.82
ORD-10123,"Miller, Miller and Franklin",CHC-00525,Biscuit Milk Chocolate Wafer Bar,21,2026-07-06,Delivered,Switzerland,88.2
ORD-10124,Juarez-Thompson,CHC-00854,Salted Butter Caramel Chocolate Pralines,79,2025-12-27,Delivered,Netherlands,353.13
ORD-10125,Salazar Ltd,CHC-00948,Almond Crunch Chocolate Gift Box,19,2025-11-25,Shipped,Netherlands,57.76
ORD-10126,"Cain, Aguilar and Harris",CHC-00514,Classic Milk Chocolate Filled Bar,19,2026-07-18,Processing,Indonesia,76.19
ORD-10127,Schwartz PLC,CHC-00105,70% Intense Dark Chocolate Chips (Baking),25,2026-01-30,Pending,South Africa,120.25
ORD-10128,Randall-Hendricks,CHC-00041,Almond Crunch Chocolate Drops,81,2026-03-23,Delivered,United Kingdom,336.96
ORD-10129,"Cochran, Rogers and Wilkinson",CHC-00525,Biscuit Milk Chocolate Wafer Bar,7,2026-06-29,Delivered,Switzerland,29.4
ORD-10130,Davis-Ortiz,CHC-00301,Single Origin Dark Chocolate Truffle Box,71,2025-12-21,Processing,Australia,281.87
ORD-10131,Anderson-Wade,CHC-00127,Marzipan Style Almond Chocolate Gift Box,24,2026-04-07,Shipped,Belgium,124.08
ORD-10132,Lopez LLC,CHC-00051,Tropical Mix Fruit & Nut Chocolate Pralines,45,2026-05-16,Pending,Switzerland,180.0
ORD-10133,Martin LLC,CHC-00867,Whole Hazelnut Chocolate Filled Bar,14,2025-10-31,Delivered,Germany,47.74
ORD-10134,"Larson, Smith and Meyer",CHC-00374,Biscuit Milk Chocolate Bar,28,2026-07-27,Delivered,Canada,68.32
ORD-10135,Novak-Jones,CHC-01051,85% Extra Bold Dark Chocolate Gift Box,6,2026-05-16,Shipped,USA,36.78
ORD-10136,Klein-Velasquez,CHC-00650,Gianduja Style Hazelnut Chocolate Chips (Baking),78,2025-11-16,Pending,Australia,365.04
ORD-10137,Maxwell-Parrish,CHC-01317,Confectionery Grade Compound Chocolate Bar,13,2026-01-12,Delivered,Australia,18.07
ORD-10138,"Potter, Brown and Salas",CHC-01466,Value Pack Compound Chocolate Gift Box,18,2026-05-20,Pending,France,23.22
ORD-10139,"Simpson, Palmer and Moreno",CHC-01097,70% Intense Dark Chocolate Truffle Box,86,2026-01-21,Processing,USA,250.26
ORD-10140,"Taylor, Sanchez and Davis",CHC-01412,Organic Single Origin Chocolate Pralines,64,2025-11-27,Delivered,France,404.48
ORD-10141,"White, Garcia and King",CHC-00004,Cranberry Walnut Fruit & Nut Chocolate Pralines,13,2025-10-31,Delivered,Germany,47.45
ORD-10142,Smith Ltd,CHC-01412,Organic Single Origin Chocolate Pralines,30,2026-02-13,Delivered,France,189.6
ORD-10143,"Lee, Smith and Greene",CHC-00391,Lemon Zest White Chocolate Coated Nuts,352,2026-04-10,Delivered,Peru,1478.4
ORD-10144,"Marshall, Allen and Wallace",CHC-00026,Organic Single Origin Chocolate Coated Nuts,58,2026-04-29,Delivered,Indonesia,218.66
ORD-10145,Kane-Love,CHC-00615,70% Intense Dark Chocolate Drops,15,2025-11-07,Shipped,Ghana,55.05
ORD-10146,Nelson Group,CHC-00634,Cranberry Walnut Fruit & Nut Chocolate Coated Nuts,64,2026-05-05,Delivered,USA,257.28
ORD-10147,Willis-Juarez,CHC-01386,Oat Milk Blend Vegan Dark Chocolate Drops,314,2026-07-01,Delivered,Mexico,1089.58
ORD-10148,Martinez Group,CHC-00411,Bakers Classic Compound Chocolate Filled Bar,49,2026-02-14,Delivered,Japan,75.46
ORD-10149,Weaver and Sons,CHC-00270,Roasted Almond Chocolate Bar,99,2026-02-11,Delivered,India,303.93
ORD-10150,Thomas PLC,CHC-00074,85% Extra Bold Dark Chocolate Bar,35,2026-02-06,Shipped,Ghana,152.25
ORD-10151,Francis-Martin,CHC-00775,Sea Salt Caramel Chocolate Chips (Baking),83,2026-04-20,Shipped,Brazil,356.07
ORD-10152,Pace Group,CHC-00643,Confectionery Grade Compound Chocolate Pralines,45,2026-03-27,Processing,UAE,104.85
ORD-10153,"Fisher, Franco and Fox",CHC-00464,Raspberry Swirl White Chocolate Squares,75,2026-05-24,Delivered,Germany,270.75
ORD-10154,Waller-Williams,CHC-01264,85% Extra Bold Dark Chocolate Squares,75,2026-05-05,Processing,USA,293.25
ORD-10155,Morgan-Allen,CHC-01328,Raspberry Swirl White Chocolate Coated Nuts,19,2026-06-07,Delivered,South Africa,62.89
ORD-10156,Baldwin-Cameron,CHC-00712,Roasted Almond Chocolate Chips (Baking),40,2025-10-30,Pending,Mexico,208.4
ORD-10157,"Brock, Durham and Briggs",CHC-00979,70% Intense Dark Chocolate Coated Nuts,11,2026-04-05,Pending,Australia,36.96
ORD-10158,"Brown, Holmes and Rosario",CHC-00052,85% Extra Bold Dark Chocolate Pralines,48,2026-08-03,Shipped,Ecuador,301.44
ORD-10159,Wright-Henderson,CHC-01132,Coconut White Chocolate Bar,38,2026-06-23,Pending,France,143.26
ORD-10160,"Smith, Rodriguez and Lopez",CHC-01071,Bakers Classic Compound Chocolate Bar,8,2026-07-24,Pending,Indonesia,15.76
ORD-10161,Hamilton-Wagner,CHC-00958,Sea Salt Milk Chocolate Truffle Box,20,2026-07-27,Delivered,Brazil,78.6
ORD-10162,Perez Group,CHC-00027,Diabetic Friendly Sugar-Free Chocolate Chips (Baking),16,2026-05-16,Delivered,UAE,60.96
ORD-10163,Frank-Giles,CHC-01017,Vanilla Bean White Chocolate Drops,33,2026-01-22,Pending,Ecuador,137.28
ORD-10164,"Williams, Baird and Mcpherson",CHC-01375,Bakers Classic Compound Chocolate Drops,7,2026-04-30,Delivered,Germany,14.14
ORD-10165,Johnson Ltd,CHC-00059,Value Pack Compound Chocolate Gift Box,22,2026-03-28,Shipped,Mexico,28.16
ORD-10166,"Baker, Gregory and Hill",CHC-00733,Stevia Sweetened Sugar-Free Chocolate Drops,12,2025-10-10,Shipped,Colombia,67.2
ORD-10167,"Drake, Johnson and Garcia",CHC-00163,Honeycomb Milk Chocolate Coated Nuts,26,2026-05-18,Delivered,Belgium,79.3
ORD-10168,Meyer Group,CHC-00419,Sea Salt Caramel Chocolate Truffle Box,53,2026-01-31,Delivered,USA,196.1
ORD-10169,Tapia LLC,CHC-00534,Honeycomb Milk Chocolate Bar,20,2026-07-05,Delivered,Belgium,59.8
ORD-10170,Torres Ltd,CHC-00202,Marzipan Style Almond Chocolate Gift Box,21,2026-06-17,Delivered,Cote d'Ivoire,68.46
ORD-10171,Martinez PLC,CHC-00007,Almond Crunch Chocolate Pralines,17,2026-05-27,Delivered,Australia,86.7
ORD-10172,"Valenzuela, Miller and Garza",CHC-01383,70% Intense Dark Chocolate Filled Bar,108,2026-06-27,Shipped,Italy,365.04
ORD-10173,Gonzales PLC,CHC-00778,Praline Hazelnut Chocolate Drops,50,2026-01-26,Pending,Cote d'Ivoire,224.5
ORD-10174,Mcclure Group,CHC-00247,Oat Milk Blend Vegan Dark Chocolate Bar,17,2026-06-20,Shipped,Indonesia,106.08
ORD-10175,"Roberts, Sanchez and Miller",CHC-01119,70% Intense Dark Chocolate Wafer Bar,61,2026-03-08,Pending,India,362.34
ORD-10176,"Mitchell, Gibson and Neal",CHC-00020,Lemon Zest White Chocolate Chips (Baking),88,2026-01-06,Pending,Switzerland,392.48
ORD-10177,Santos and Sons,CHC-00558,70% Intense Dark Chocolate Pralines,40,2025-11-16,Processing,France,160.0
ORD-10178,"Page, Murray and Kelley",CHC-01307,Roasted Almond Chocolate Truffle Box,28,2026-06-15,Delivered,USA,138.04
ORD-10179,"Woods, Fuentes and Johnson",CHC-00242,Whole Hazelnut Chocolate Truffle Box,86,2026-07-07,Pending,Canada,266.6
ORD-10180,Walker-Hunt,CHC-00493,Soft Caramel Core Chocolate Bar,28,2026-05-09,Delivered,United Kingdom,118.72
ORD-10181,Montes-Sanders,CHC-01062,85% Extra Bold Dark Chocolate Pralines,48,2026-06-27,Processing,South Africa,205.92
ORD-10182,Martin-Crane,CHC-00298,Cranberry Walnut Fruit & Nut Chocolate Filled Bar,82,2025-10-15,Processing,Indonesia,294.38
ORD-10183,Hawkins-Henry,CHC-00122,Single Origin Dark Chocolate Truffle Box,62,2026-04-08,Shipped,Belgium,323.64
ORD-10184,Johns-Robinson,CHC-00450,Classic Milk Chocolate Gift Box,145,2026-07-04,Delivered,Indonesia,333.5
ORD-10185,Barton and Sons,CHC-00767,70% Intense Dark Chocolate Bar,19,2026-02-08,Delivered,Peru,118.56
ORD-10186,"Jones, Savage and Gonzales",CHC-01315,Almond Crunch Chocolate Drops,54,2026-03-15,Processing,Switzerland,288.9
ORD-10187,Black Group,CHC-00053,Organic Raw Cacao Chocolate Bar,27,2025-10-17,Delivered,Indonesia,176.85
ORD-10188,Moss-Rodriguez,CHC-01383,70% Intense Dark Chocolate Filled Bar,14,2026-04-11,Shipped,Italy,47.32
ORD-10189,Hays Ltd,CHC-01019,Roasted Almond Chocolate Drops,25,2025-11-19,Delivered,Japan,96.5
ORD-10190,"Peck, Butler and Barnett",CHC-00500,Oat Milk Blend Vegan Dark Chocolate Filled Bar,37,2026-05-23,Delivered,Switzerland,203.87
ORD-10191,Leonard PLC,CHC-00652,Espresso Infused Dark Chocolate Squares,58,2025-12-15,Pending,UAE,172.26
ORD-10192,"Horn, Nicholson and Holmes",CHC-01266,Soft Caramel Core Chocolate Gift Box,20,2025-10-11,Delivered,Indonesia,76.4
ORD-10193,"Chase, Weeks and Cowan",CHC-01030,70% Intense Dark Chocolate Wafer Bar,22,2025-12-04,Delivered,UAE,130.9
ORD-10194,Glover-Erickson,CHC-01316,Honeycomb Milk Chocolate Drops,29,2026-03-27,Processing,Germany,62.35
ORD-10195,"Martinez, Pitts and Smith",CHC-00934,Biscuit Milk Chocolate Wafer Bar,10,2026-03-05,Pending,Germany,23.2
ORD-10196,"Willis, Jimenez and Estes",CHC-01284,Coconut Sugar Vegan Dark Chocolate Chips (Baking),9,2025-11-30,Pending,Germany,55.53
ORD-10197,"Hernandez, Horn and Ramirez",CHC-00371,Soft Caramel Core Chocolate Pralines,24,2026-07-19,Processing,India,114.24
ORD-10198,"Lawson, Gray and Chavez",CHC-00143,Soft Caramel Core Chocolate Coated Nuts,89,2025-12-31,Delivered,Switzerland,322.18
ORD-10199,Roberts-Gomez,CHC-00895,Citrus Ruby Chocolate Filled Bar,66,2026-01-08,Pending,Australia,456.72
ORD-10200,Myers-Peters,CHC-00844,85% Extra Bold Dark Chocolate Drops,88,2026-03-27,Processing,Peru,393.36
ORD-10201,Wong-Smith,CHC-01051,85% Extra Bold Dark Chocolate Gift Box,13,2026-02-11,Delivered,USA,79.69
ORD-10202,"Atkinson, Porter and Wallace",CHC-00090,Value Pack Compound Chocolate Coated Nuts,37,2025-11-20,Processing,Switzerland,68.82
ORD-10203,Herrera and Sons,CHC-00521,Confectionery Grade Compound Chocolate Pralines,44,2026-07-23,Processing,Canada,70.84
ORD-10204,Johnston-Perkins,CHC-00862,Roasted Almond Chocolate Filled Bar,13,2026-06-16,Delivered,Mexico,51.61
ORD-10205,Underwood LLC,CHC-00910,Classic Milk Chocolate Coated Nuts,10,2026-04-01,Delivered,Germany,22.4
ORD-10206,Novak-Franklin,CHC-00822,Salted Butter Caramel Chocolate Wafer Bar,49,2026-04-13,Delivered,Cote d'Ivoire,219.52
ORD-10207,Benjamin and Sons,CHC-01283,Sea Salt Caramel Chocolate Squares,11,2026-04-25,Shipped,South Africa,37.18
ORD-10208,Vance-Blanchard,CHC-01245,Whole Hazelnut Chocolate Truffle Box,24,2026-07-27,Processing,Switzerland,98.4
ORD-10209,Williams PLC,CHC-01215,Sea Salt Caramel Chocolate Squares,66,2026-07-04,Delivered,Brazil,302.94
ORD-10210,Evans-Herrera,CHC-00477,Whole Hazelnut Chocolate Gift Box,40,2025-11-13,Pending,Belgium,141.6
ORD-10211,Ryan-Murillo,CHC-00039,Almond Crunch Chocolate Truffle Box,23,2025-12-15,Delivered,Belgium,81.19
ORD-10212,"Petersen, Acosta and Jordan",CHC-00896,70% Intense Dark Chocolate Truffle Box,38,2026-02-26,Delivered,Cote d'Ivoire,138.32
ORD-10213,Howard-Wheeler,CHC-01472,Honeycomb Milk Chocolate Truffle Box,22,2025-10-09,Delivered,Australia,92.18
ORD-10214,Chavez-Smith,CHC-00082,Original Ruby Chocolate Coated Nuts,26,2026-07-13,Pending,Australia,105.56
ORD-10215,Fox Inc,CHC-00618,Whole Hazelnut Chocolate Filled Bar,68,2026-06-04,Processing,France,340.0
ORD-10216,Brooks-Morales,CHC-01480,Classic Milk Chocolate Gift Box,16,2026-05-18,Processing,Switzerland,70.4
ORD-10217,"Hebert, Moore and Lopez",CHC-00979,70% Intense Dark Chocolate Coated Nuts,46,2026-01-10,Pending,Australia,154.56
ORD-10218,Tucker-Alexander,CHC-01292,Value Pack Compound Chocolate Bar,54,2025-11-15,Pending,India,98.28
ORD-10219,"Nolan, Matthews and Holt",CHC-00868,85% Extra Bold Dark Chocolate Chips (Baking),92,2026-01-02,Pending,Belgium,245.64
ORD-10220,"Cabrera, Jackson and Stewart",CHC-01118,Single Origin Dark Chocolate Pralines,9,2026-01-10,Processing,Switzerland,29.52
ORD-10221,Mckenzie PLC,CHC-00950,Whole Hazelnut Chocolate Wafer Bar,36,2026-05-27,Delivered,Australia,208.8
ORD-10222,Rodriguez LLC,CHC-00578,Diabetic Friendly Sugar-Free Chocolate Gift Box,25,2026-06-21,Delivered,USA,116.0
ORD-10223,"Cooper, Mcconnell and Hicks",CHC-00582,Stevia Sweetened Sugar-Free Chocolate Truffle Box,24,2025-10-09,Delivered,France,83.04
ORD-10224,Welch-Warren,CHC-00515,Coconut White Chocolate Wafer Bar,41,2025-12-22,Delivered,Australia,157.03
ORD-10225,"Clark, Barry and Gutierrez",CHC-00342,Classic Milk Chocolate Drops,17,2026-07-18,Delivered,Indonesia,55.93
ORD-10226,Mccoy PLC,CHC-01265,Gianduja Style Hazelnut Chocolate Pralines,9,2026-02-26,Delivered,India,27.09
ORD-10227,Gomez Ltd,CHC-00107,85% Extra Bold Dark Chocolate Coated Nuts,12,2025-10-26,Shipped,Mexico,66.12
ORD-10228,"Sharp, Holt and Smith",CHC-01492,Bakers Classic Compound Chocolate Filled Bar,55,2026-04-09,Pending,Ecuador,94.05
ORD-10229,Parker Ltd,CHC-01036,Honeycomb Milk Chocolate Truffle Box,18,2026-07-13,Pending,India,62.64
ORD-10230,"Smith, Torres and Wilkinson",CHC-01439,Tropical Mix Fruit & Nut Chocolate Drops,57,2026-03-30,Pending,France,303.81
ORD-10231,"Smith, Johnson and Thompson",CHC-01130,Organic Raw Cacao Chocolate Coated Nuts,25,2026-05-20,Delivered,Germany,107.75
ORD-10232,"Bradley, Pitts and Woodard",CHC-00524,Sea Salt Milk Chocolate Truffle Box,21,2026-01-17,Pending,Japan,64.89
ORD-10233,"Osborn, Andrews and Jenkins",CHC-00714,Espresso Infused Dark Chocolate Squares,67,2026-07-28,Delivered,South Africa,209.04
ORD-10234,Thomas PLC,CHC-00362,Whole Hazelnut Chocolate Pralines,10,2025-10-21,Delivered,Germany,54.5
ORD-10235,"Rodriguez, Garcia and Jackson",CHC-00439,Soft Caramel Core Chocolate Coated Nuts,77,2026-04-21,Shipped,China,327.25
ORD-10236,"Henry, Mcdonald and Jordan",CHC-00891,Roasted Almond Chocolate Drops,40,2026-03-21,Processing,Ecuador,144.8
ORD-10237,Santos Ltd,CHC-00078,Tropical Mix Fruit & Nut Chocolate Coated Nuts,142,2026-07-08,Delivered,Mexico,477.12
ORD-10238,"Morris, Baldwin and Gomez",CHC-00849,85% Extra Bold Dark Chocolate Filled Bar,4,2026-02-03,Shipped,Cote d'Ivoire,15.04
ORD-10239,Johnson Ltd,CHC-00265,Vanilla Bean White Chocolate Squares,48,2025-10-21,Shipped,Indonesia,206.88
ORD-10240,Villarreal PLC,CHC-01351,Espresso Infused Dark Chocolate Drops,115,2026-01-07,Delivered,Switzerland,288.65
ORD-10241,Bailey Group,CHC-00579,70% Intense Dark Chocolate Pralines,25,2025-11-17,Delivered,France,83.0
ORD-10242,"Cruz, Brown and Zamora",CHC-00024,Coconut White Chocolate Truffle Box,20,2026-01-12,Processing,UAE,84.8
ORD-10243,"Gallagher, Williams and Brown",CHC-01340,Gianduja Style Hazelnut Chocolate Bar,7,2026-02-03,Delivered,France,36.4
ORD-10244,Wright Inc,CHC-01183,Raisin & Almond Fruit & Nut Chocolate Pralines,76,2026-05-09,Pending,India,294.88
ORD-10245,Galvan and Sons,CHC-00507,Single Origin Dark Chocolate Chips (Baking),9,2025-10-14,Shipped,Ghana,36.27
ORD-10246,Smith-Camacho,CHC-00884,Raisin & Almond Fruit & Nut Chocolate Squares,7,2026-01-29,Delivered,Canada,23.31
ORD-10247,Torres-Morrison,CHC-01265,Gianduja Style Hazelnut Chocolate Pralines,14,2026-05-23,Shipped,India,42.14
ORD-10248,Petty-Jones,CHC-01228,Marzipan Style Almond Chocolate Coated Nuts,17,2026-04-01,Shipped,South Africa,64.94
ORD-10249,"Price, Higgins and Walker",CHC-00022,Classic Milk Chocolate Truffle Box,99,2025-11-07,Delivered,Switzerland,351.45
ORD-10250,Ross-Joseph,CHC-01165,Vanilla Bean White Chocolate Chips (Baking),47,2026-05-11,Shipped,Switzerland,115.62
ORD-10251,Sparks and Sons,CHC-00567,Roasted Almond Chocolate Squares,9,2025-12-22,Delivered,Germany,42.03
ORD-10252,Thompson LLC,CHC-01402,Plant-Based Classic Vegan Dark Chocolate Filled Bar,131,2026-05-25,Processing,France,541.03
ORD-10253,Lopez-Mata,CHC-00069,Sea Salt Milk Chocolate Pralines,70,2026-03-24,Delivered,Canada,259.0
ORD-10254,Foster-Cox,CHC-01212,Raisin & Almond Fruit & Nut Chocolate Gift Box,131,2026-03-19,Delivered,USA,711.33
ORD-10255,Ferguson-Cruz,CHC-00691,Berry Burst Ruby Chocolate Chips (Baking),28,2025-12-06,Shipped,UAE,188.16
ORD-10256,Curtis-Ali,CHC-01256,Sea Salt Caramel Chocolate Pralines,45,2026-06-13,Shipped,Peru,129.15
ORD-10257,Petersen-Bell,CHC-00430,Coconut White Chocolate Wafer Bar,91,2026-01-16,Processing,France,193.83
ORD-10258,Hughes Group,CHC-01321,Sea Salt Caramel Chocolate Wafer Bar,31,2026-06-09,Shipped,France,117.49
ORD-10259,Cooper-Graham,CHC-00114,Whole Hazelnut Chocolate Drops,71,2026-05-21,Delivered,Germany,213.71
ORD-10260,Beck-Peterson,CHC-01164,Raspberry Swirl White Chocolate Wafer Bar,9,2026-06-16,Delivered,Switzerland,38.25
ORD-10261,Allen and Sons,CHC-01324,Classic Sugar-Free Chocolate Drops,27,2025-12-08,Processing,France,139.05
ORD-10262,Gonzalez PLC,CHC-01237,Organic Raw Cacao Chocolate Truffle Box,34,2026-04-29,Delivered,China,225.42
ORD-10263,Peters Group,CHC-01190,Classic Sugar-Free Chocolate Chips (Baking),31,2025-10-30,Delivered,Brazil,129.58
ORD-10264,Moore LLC,CHC-01469,Soft Caramel Core Chocolate Drops,60,2026-03-16,Pending,Japan,196.2
ORD-10265,Sharp Group,CHC-00531,Bakers Classic Compound Chocolate Bar,120,2026-04-17,Shipped,Switzerland,178.8
ORD-10266,"Mullen, Clark and Tapia",CHC-00277,Espresso Infused Dark Chocolate Truffle Box,28,2026-03-23,Delivered,Colombia,152.32
ORD-10267,"Harris, Garrison and Leonard",CHC-00698,Marzipan Style Almond Chocolate Coated Nuts,61,2026-02-10,Shipped,Mexico,284.26
ORD-10268,"Cuevas, Carlson and Alexander",CHC-00748,Raspberry Swirl White Chocolate Pralines,13,2026-01-29,Processing,Ghana,39.91
ORD-10269,Nichols-Powell,CHC-00407,Organic Raw Cacao Chocolate Truffle Box,23,2026-06-16,Delivered,France,82.8
ORD-10270,"Lewis, Brennan and Martinez",CHC-00403,Sea Salt Caramel Chocolate Chips (Baking),46,2025-11-25,Pending,France,218.04
ORD-10271,"Davis, Christian and Fitzgerald",CHC-00147,Espresso Infused Dark Chocolate Coated Nuts,27,2026-01-19,Delivered,Germany,80.73
ORD-10272,Johnson-Higgins,CHC-00462,Biscuit Milk Chocolate Filled Bar,72,2025-10-10,Processing,Mexico,313.92
ORD-10273,Collins Group,CHC-00093,85% Extra Bold Dark Chocolate Truffle Box,183,2026-06-24,Processing,Canada,1158.39
ORD-10274,"Miller, Thompson and Rosales",CHC-01199,Classic Sugar-Free Chocolate Truffle Box,22,2026-07-25,Pending,USA,125.84
ORD-10275,Lopez-Vance,CHC-00482,Single Origin Dark Chocolate Filled Bar,7,2025-12-17,Delivered,Mexico,30.87
ORD-10276,Hoffman LLC,CHC-00547,Original Ruby Chocolate Chips (Baking),73,2026-04-06,Delivered,Brazil,513.19
ORD-10277,"Blake, Lee and Higgins",CHC-00195,Almond Crunch Chocolate Chips (Baking),54,2026-01-24,Processing,Belgium,201.42
ORD-10278,Perez and Sons,CHC-00373,Almond Crunch Chocolate Squares,15,2026-07-26,Delivered,Mexico,71.55
ORD-10279,"Ross, Kelly and Richard",CHC-01418,Coconut White Chocolate Pralines,16,2026-01-10,Delivered,Canada,54.88
ORD-10280,Hampton-Andrade,CHC-01435,85% Extra Bold Dark Chocolate Pralines,40,2026-01-14,Delivered,Canada,111.2
ORD-10281,Zuniga and Sons,CHC-00723,Salted Butter Caramel Chocolate Bar,34,2026-06-19,Delivered,Belgium,112.2
ORD-10282,Richardson Ltd,CHC-01443,Plant-Based Classic Vegan Dark Chocolate Drops,29,2026-01-01,Processing,Switzerland,161.24
ORD-10283,"Bell, Gutierrez and Hopkins",CHC-00395,Espresso Infused Dark Chocolate Gift Box,88,2026-06-17,Pending,Belgium,527.12
ORD-10284,"Ford, Cooke and Morales",CHC-00686,Praline Hazelnut Chocolate Squares,34,2026-04-07,Shipped,Netherlands,123.08
ORD-10285,"Davis, Carter and Nelson",CHC-00892,Diabetic Friendly Sugar-Free Chocolate Wafer Bar,26,2026-02-21,Shipped,Ghana,133.12
ORD-10286,"Gross, Marquez and Williams",CHC-00846,Sea Salt Milk Chocolate Filled Bar,14,2025-12-11,Delivered,Japan,62.3
ORD-10287,Franklin Group,CHC-01192,70% Intense Dark Chocolate Coated Nuts,21,2025-10-10,Shipped,China,88.62
ORD-10288,Sherman and Sons,CHC-01117,Salted Butter Caramel Chocolate Truffle Box,32,2026-04-07,Pending,Italy,121.28
ORD-10289,Rodgers-Tran,CHC-00458,Raspberry Swirl White Chocolate Filled Bar,121,2026-04-27,Delivered,Canada,329.12
ORD-10290,"Little, White and Franco",CHC-01493,Bakers Classic Compound Chocolate Wafer Bar,3,2025-10-11,Delivered,Switzerland,4.08
ORD-10291,"Jimenez, Meyer and Frost",CHC-00803,Oat Milk Blend Vegan Dark Chocolate Coated Nuts,88,2026-07-24,Shipped,India,568.48
ORD-10292,"Cohen, Bailey and Smith",CHC-00572,Organic Single Origin Chocolate Wafer Bar,58,2026-05-03,Delivered,Belgium,336.4
ORD-10293,"Mitchell, Williams and Dickerson",CHC-00818,Stevia Sweetened Sugar-Free Chocolate Filled Bar,29,2026-07-28,Processing,France,104.4
ORD-10294,"Dominguez, Mccann and Becker",CHC-01001,Sea Salt Caramel Chocolate Pralines,38,2026-06-02,Processing,Switzerland,165.3
ORD-10295,Moody and Sons,CHC-00527,Honeycomb Milk Chocolate Bar,42,2026-04-29,Delivered,Italy,125.16
ORD-10296,Brady-Miller,CHC-00404,Vanilla Bean White Chocolate Squares,21,2026-06-01,Delivered,Switzerland,78.75
ORD-10297,"Manning, Bolton and Gilbert",CHC-00881,Praline Hazelnut Chocolate Wafer Bar,38,2026-05-08,Delivered,UAE,185.06
ORD-10298,Campbell Inc,CHC-00593,Soft Caramel Core Chocolate Wafer Bar,56,2025-11-18,Delivered,Australia,167.44
ORD-10299,Potts-Coleman,CHC-00718,Marzipan Style Almond Chocolate Wafer Bar,26,2025-12-24,Processing,Mexico,123.24
ORD-10300,Holt-Rodgers,CHC-01313,Diabetic Friendly Sugar-Free Chocolate Chips (Baking),62,2026-04-15,Processing,South Africa,262.88
ORD-10301,"Garrett, Romero and Rhodes",CHC-01257,Praline Hazelnut Chocolate Drops,42,2026-05-05,Delivered,Ecuador,196.56
ORD-10302,Patterson PLC,CHC-01112,Berry Burst Ruby Chocolate Chips (Baking),15,2026-05-23,Delivered,Belgium,88.35
ORD-10303,Burns and Sons,CHC-01321,Sea Salt Caramel Chocolate Wafer Bar,46,2026-02-20,Shipped,France,174.34
ORD-10304,Farley PLC,CHC-01019,Roasted Almond Chocolate Drops,141,2025-11-20,Shipped,Japan,544.26
ORD-10305,Thompson-Martin,CHC-00156,Plant-Based Classic Vegan Dark Chocolate Filled Bar,30,2026-03-19,Delivered,Canada,111.6
ORD-10306,"Young, Green and Stuart",CHC-00391,Lemon Zest White Chocolate Coated Nuts,26,2026-01-02,Processing,Peru,109.2
ORD-10307,Howard Group,CHC-00383,85% Extra Bold Dark Chocolate Pralines,76,2025-12-25,Delivered,Brazil,387.6
ORD-10308,Harris LLC,CHC-00581,Honeycomb Milk Chocolate Filled Bar,12,2026-04-28,Delivered,Switzerland,44.64
ORD-10309,Taylor Ltd,CHC-01014,Organic Raw Cacao Chocolate Chips (Baking),54,2026-08-03,Delivered,Netherlands,295.38
ORD-10310,Santiago-Young,CHC-00362,Whole Hazelnut Chocolate Pralines,30,2026-04-30,Delivered,Germany,163.5
ORD-10311,Smith Ltd,CHC-00361,Honeycomb Milk Chocolate Truffle Box,76,2026-05-09,Delivered,Australia,323.0
ORD-10312,Anderson-Davidson,CHC-00584,Marzipan Style Almond Chocolate Gift Box,83,2026-06-01,Delivered,Germany,284.69
ORD-10313,"Evans, Wilkerson and Thomas",CHC-00804,Single Origin Dark Chocolate Wafer Bar,54,2026-05-01,Processing,Japan,281.88
ORD-10314,"Allen, Soto and Wilson",CHC-00064,Citrus Ruby Chocolate Pralines,44,2026-04-03,Shipped,Mexico,251.24
ORD-10315,Hodges-Jackson,CHC-00946,Espresso Infused Dark Chocolate Coated Nuts,35,2026-02-16,Shipped,Mexico,175.7
ORD-10316,"Moore, Krause and Franco",CHC-01206,Raisin & Almond Fruit & Nut Chocolate Pralines,22,2026-02-13,Processing,USA,70.18
ORD-10317,Guerra-Wilson,CHC-00021,Espresso Infused Dark Chocolate Wafer Bar,15,2026-01-06,Processing,Japan,90.3
ORD-10318,Smith-Tucker,CHC-01304,Coconut White Chocolate Chips (Baking),99,2026-04-15,Shipped,France,364.32
ORD-10319,Brown LLC,CHC-01313,Diabetic Friendly Sugar-Free Chocolate Chips (Baking),27,2026-07-31,Delivered,South Africa,114.48
ORD-10320,Gonzalez-Miles,CHC-00606,Lemon Zest White Chocolate Drops,22,2026-06-07,Shipped,China,68.2
ORD-10321,Mccarty-Martin,CHC-00037,Value Pack Compound Chocolate Gift Box,26,2025-10-30,Delivered,Peru,58.24
ORD-10322,Harrison-Cox,CHC-00994,85% Extra Bold Dark Chocolate Coated Nuts,358,2026-06-16,Processing,France,1861.6
ORD-10323,Grant Inc,CHC-00565,Roasted Almond Chocolate Pralines,6,2026-04-20,Pending,Mexico,27.0
ORD-10324,Mcdonald Group,CHC-00595,Single Origin Dark Chocolate Gift Box,22,2025-10-17,Delivered,Germany,138.16
ORD-10325,Burgess LLC,CHC-00521,Confectionery Grade Compound Chocolate Pralines,53,2026-06-18,Pending,Canada,85.33
ORD-10326,"Elliott, Rodriguez and Burns",CHC-01474,Tropical Mix Fruit & Nut Chocolate Truffle Box,61,2026-06-12,Pending,USA,295.24
ORD-10327,Freeman-Bowers,CHC-00400,Bakers Classic Compound Chocolate Pralines,38,2026-02-07,Processing,South Africa,95.0
ORD-10328,Smith-Gillespie,CHC-00982,70% Intense Dark Chocolate Truffle Box,92,2026-06-10,Delivered,Belgium,235.52
ORD-10329,"Mitchell, Austin and Cross",CHC-00550,70% Intense Dark Chocolate Coated Nuts,106,2026-04-09,Shipped,Ecuador,540.6
ORD-10330,"King, Sanchez and Taylor",CHC-00878,Almond Crunch Chocolate Bar,27,2026-02-11,Pending,Germany,110.16
ORD-10331,Johnson Group,CHC-00110,Salted Butter Caramel Chocolate Truffle Box,40,2025-11-16,Shipped,Switzerland,188.0
ORD-10332,Phillips and Sons,CHC-01039,Honeycomb Milk Chocolate Truffle Box,25,2026-05-05,Shipped,Cote d'Ivoire,90.25
ORD-10333,"Fox, Huang and Fleming",CHC-00603,70% Intense Dark Chocolate Gift Box,140,2026-04-21,Processing,Mexico,567.0
ORD-10334,Mueller LLC,CHC-00245,Sea Salt Milk Chocolate Wafer Bar,35,2026-02-21,Delivered,Netherlands,142.8
ORD-10335,"Jensen, Gray and Holland",CHC-01381,Citrus Ruby Chocolate Coated Nuts,20,2025-11-12,Processing,Peru,155.4
ORD-10336,Flores-Richardson,CHC-01056,Biscuit Milk Chocolate Filled Bar,197,2026-01-24,Pending,UAE,650.1
ORD-10337,"Gillespie, Monroe and King",CHC-00006,Stevia Sweetened Sugar-Free Chocolate Filled Bar,28,2026-03-10,Delivered,Switzerland,140.0
ORD-10338,Williams PLC,CHC-00332,Whole Hazelnut Chocolate Bar,9,2026-01-29,Shipped,Ghana,33.3
ORD-10339,"Morse, Cooke and Powell",CHC-00055,Classic Milk Chocolate Drops,65,2026-03-23,Shipped,USA,154.05
ORD-10340,Duffy Group,CHC-01305,Biscuit Milk Chocolate Pralines,7,2026-02-10,Pending,Belgium,27.02
ORD-10341,Porter-Moore,CHC-01152,Honeycomb Milk Chocolate Bar,19,2025-11-30,Shipped,Japan,72.39
ORD-10342,Morrison-Sims,CHC-00377,Espresso Infused Dark Chocolate Squares,10,2026-01-18,Shipped,Belgium,27.5
ORD-10343,Watts and Sons,CHC-00034,Soft Caramel Core Chocolate Gift Box,32,2026-03-01,Processing,Switzerland,125.76
ORD-10344,Ramos Group,CHC-00411,Bakers Classic Compound Chocolate Filled Bar,23,2025-10-25,Delivered,Japan,35.42
ORD-10345,Werner Group,CHC-00921,Biscuit Milk Chocolate Chips (Baking),21,2026-05-13,Shipped,Germany,70.14
ORD-10346,Lee-Sharp,CHC-00363,Espresso Infused Dark Chocolate Filled Bar,22,2025-10-08,Processing,India,72.16
ORD-10347,Johnson PLC,CHC-00300,Whole Hazelnut Chocolate Gift Box,81,2026-06-10,Pending,India,441.45
ORD-10348,"Coleman, Campbell and Stanley",CHC-01150,Oat Milk Blend Vegan Dark Chocolate Gift Box,28,2026-04-07,Delivered,Belgium,144.2
ORD-10349,"Page, Macdonald and Brown",CHC-01171,Espresso Infused Dark Chocolate Filled Bar,20,2026-04-28,Delivered,Cote d'Ivoire,109.8
ORD-10350,Wade and Sons,CHC-01364,Tropical Mix Fruit & Nut Chocolate Gift Box,45,2026-05-09,Pending,UAE,189.45
ORD-10351,"Martin, Phillips and Ramos",CHC-00256,Classic Milk Chocolate Gift Box,20,2025-11-03,Shipped,India,49.8
ORD-10352,"Leonard, Bradley and Harrison",CHC-00424,85% Extra Bold Dark Chocolate Drops,9,2026-06-09,Shipped,Belgium,39.15
ORD-10353,"Morris, Stevens and Mata",CHC-00415,Tropical Mix Fruit & Nut Chocolate Filled Bar,6,2026-04-12,Shipped,Germany,30.72
ORD-10354,"Grimes, Mccann and Nixon",CHC-00175,Berry Burst Ruby Chocolate Coated Nuts,33,2026-08-03,Shipped,India,185.46
ORD-10355,"Miller, Pacheco and Sharp",CHC-00608,Tropical Mix Fruit & Nut Chocolate Drops,69,2026-04-14,Pending,Australia,229.08
ORD-10356,Lynch-Phillips,CHC-01080,Classic Sugar-Free Chocolate Wafer Bar,7,2026-05-18,Delivered,USA,35.28
ORD-10357,"Fisher, Richardson and Douglas",CHC-01452,Value Pack Compound Chocolate Drops,61,2026-07-01,Shipped,South Africa,121.39
ORD-10358,Evans LLC,CHC-00911,Berry Burst Ruby Chocolate Filled Bar,22,2025-10-16,Delivered,Colombia,171.16
ORD-10359,"Dyer, Johnson and Lopez",CHC-01131,Single Origin Dark Chocolate Pralines,34,2026-06-05,Pending,China,146.54
ORD-10360,"Singh, Vazquez and Thomas",CHC-00889,Whole Hazelnut Chocolate Gift Box,31,2025-12-06,Delivered,Ecuador,171.43
ORD-10361,"Watson, Carpenter and Butler",CHC-01114,Classic Milk Chocolate Pralines,84,2026-07-06,Shipped,Ecuador,283.92
ORD-10362,"Allen, Alexander and Green",CHC-00454,Biscuit Milk Chocolate Pralines,20,2025-11-07,Shipped,Switzerland,44.0
ORD-10363,White and Sons,CHC-01042,Salted Butter Caramel Chocolate Pralines,21,2025-12-22,Shipped,Ghana,93.45
ORD-10364,"Brady, Walker and Hood",CHC-00259,85% Extra Bold Dark Chocolate Filled Bar,17,2026-04-20,Pending,USA,69.19
ORD-10365,"Davis, Schmidt and King",CHC-00627,70% Intense Dark Chocolate Drops,270,2026-05-07,Shipped,Belgium,704.7
ORD-10366,Perez-Ellis,CHC-00446,Tropical Mix Fruit & Nut Chocolate Gift Box,34,2025-10-26,Delivered,Ghana,118.32
ORD-10367,"Armstrong, Rodriguez and Palmer",CHC-00414,Organic Single Origin Chocolate Pralines,61,2026-05-19,Processing,Ghana,313.54
ORD-10368,"Knight, York and Shelton",CHC-00568,Classic Milk Chocolate Filled Bar,60,2025-12-13,Delivered,France,249.6
ORD-10369,Taylor-Gordon,CHC-01271,Roasted Almond Chocolate Drops,56,2026-04-11,Shipped,France,248.08
ORD-10370,"Klein, Sherman and Wilson",CHC-00042,Gianduja Style Hazelnut Chocolate Filled Bar,29,2025-12-18,Delivered,Mexico,161.82
ORD-10371,"Robertson, Stevens and Parks",CHC-01027,Single Origin Dark Chocolate Coated Nuts,84,2026-01-30,Pending,Brazil,338.52
ORD-10372,"Jackson, Choi and Hart",CHC-01241,Vanilla Bean White Chocolate Pralines,51,2026-07-04,Delivered,Peru,206.55
ORD-10373,Taylor PLC,CHC-01343,Gianduja Style Hazelnut Chocolate Drops,5,2025-11-11,Delivered,Switzerland,28.0
ORD-10374,Sullivan Inc,CHC-00193,Lemon Zest White Chocolate Gift Box,16,2026-01-15,Shipped,France,67.36
ORD-10375,Williams-Miles,CHC-01355,Sea Salt Milk Chocolate Truffle Box,16,2025-10-18,Delivered,Italy,58.88
ORD-10376,Stevens Inc,CHC-00979,70% Intense Dark Chocolate Coated Nuts,25,2025-10-22,Delivered,Australia,84.0
ORD-10377,"Taylor, Kerr and Miller",CHC-00139,Coconut White Chocolate Wafer Bar,21,2026-07-24,Delivered,UAE,93.87
ORD-10378,Hart Ltd,CHC-01224,Berry Burst Ruby Chocolate Truffle Box,8,2026-01-16,Delivered,USA,50.24
ORD-10379,Jackson-Mcgee,CHC-00867,Whole Hazelnut Chocolate Filled Bar,81,2025-12-12,Pending,Germany,276.21
ORD-10380,Brock-Fitzgerald,CHC-01419,Plant-Based Classic Vegan Dark Chocolate Truffle Box,132,2025-11-28,Delivered,France,509.52
ORD-10381,Petersen Inc,CHC-01042,Salted Butter Caramel Chocolate Pralines,98,2025-12-25,Pending,Ghana,436.1
ORD-10382,Watson Ltd,CHC-01278,Organic Single Origin Chocolate Truffle Box,16,2026-02-14,Processing,Peru,106.24
ORD-10383,"Gould, Bowen and Williams",CHC-00467,Tropical Mix Fruit & Nut Chocolate Truffle Box,48,2026-01-26,Delivered,USA,206.88
ORD-10384,"Gomez, Kelly and Murphy",CHC-00637,Raspberry Swirl White Chocolate Bar,81,2026-02-28,Delivered,Brazil,341.01
ORD-10385,"Rodriguez, Schaefer and Leonard",CHC-00151,Almond Crunch Chocolate Gift Box,79,2026-04-08,Delivered,Japan,271.76
ORD-10386,Gomez-Benson,CHC-00549,Sea Salt Caramel Chocolate Gift Box,66,2025-12-03,Processing,Netherlands,313.5
ORD-10387,Massey PLC,CHC-01366,Cranberry Walnut Fruit & Nut Chocolate Chips (Baking),43,2025-11-17,Delivered,Japan,170.28
ORD-10388,Wilson-Smith,CHC-01033,Classic Milk Chocolate Chips (Baking),43,2026-05-18,Shipped,Japan,136.31
ORD-10389,Jones LLC,CHC-00797,70% Intense Dark Chocolate Coated Nuts,42,2026-02-19,Delivered,France,166.74
ORD-10390,Hernandez LLC,CHC-01369,Classic Milk Chocolate Drops,21,2026-05-23,Delivered,India,90.09
ORD-10391,"Caldwell, Huff and Chapman",CHC-00403,Sea Salt Caramel Chocolate Chips (Baking),39,2026-04-18,Delivered,France,184.86
ORD-10392,Ryan-Norris,CHC-01218,Bakers Classic Compound Chocolate Truffle Box,66,2025-12-02,Shipped,Peru,120.12
ORD-10393,Rush-Smith,CHC-01308,Berry Burst Ruby Chocolate Pralines,75,2026-06-05,Delivered,Netherlands,474.0
ORD-10394,Vang-Freeman,CHC-01488,Coconut White Chocolate Squares,107,2026-05-14,Processing,South Africa,433.35
ORD-10395,Marks-Mcbride,CHC-00233,Roasted Almond Chocolate Filled Bar,30,2026-07-21,Pending,Mexico,119.4
ORD-10396,Jones PLC,CHC-01209,Value Pack Compound Chocolate Truffle Box,13,2025-11-05,Pending,USA,16.12
ORD-10397,"Frazier, Long and Alvarez",CHC-00864,Plant-Based Classic Vegan Dark Chocolate Chips (Baking),28,2026-07-13,Delivered,Cote d'Ivoire,169.4
ORD-10398,Schwartz Group,CHC-01014,Organic Raw Cacao Chocolate Chips (Baking),78,2026-06-22,Pending,Netherlands,426.66
ORD-10399,Perez-Rubio,CHC-01287,Original Ruby Chocolate Truffle Box,27,2025-11-02,Pending,Germany,155.25
ORD-10400,"Jones, Murphy and Robinson",CHC-00691,Berry Burst Ruby Chocolate Chips (Baking),20,2025-11-19,Delivered,UAE,134.4
ORD-10401,Lawrence Inc,CHC-00860,Coconut Sugar Vegan Dark Chocolate Wafer Bar,128,2025-11-23,Processing,Switzerland,846.08
ORD-10402,Jackson LLC,CHC-00976,Classic Milk Chocolate Bar,17,2025-10-20,Processing,Canada,45.22
ORD-10403,"Mcdonald, Ray and Hughes",CHC-01077,Roasted Almond Chocolate Truffle Box,20,2025-10-17,Pending,Colombia,93.6
ORD-10404,Edwards-Rogers,CHC-01366,Cranberry Walnut Fruit & Nut Chocolate Chips (Baking),36,2025-12-14,Processing,Japan,142.56
ORD-10405,Cook-Smith,CHC-01319,Raspberry Swirl White Chocolate Gift Box,63,2025-11-29,Delivered,Canada,253.26
ORD-10406,Walter-Franklin,CHC-00306,Organic Single Origin Chocolate Filled Bar,38,2026-01-23,Delivered,Germany,179.74
ORD-10407,"Thomas, Lambert and Nelson",CHC-00234,Coconut Sugar Vegan Dark Chocolate Drops,14,2025-12-31,Delivered,USA,84.42
ORD-10408,Brown-Esparza,CHC-01208,Biscuit Milk Chocolate Drops,42,2026-05-07,Delivered,Belgium,183.12
ORD-10409,Carroll-Rice,CHC-01206,Raisin & Almond Fruit & Nut Chocolate Pralines,125,2026-06-22,Processing,USA,398.75
ORD-10410,Gay Inc,CHC-01241,Vanilla Bean White Chocolate Pralines,86,2026-06-15,Processing,Peru,348.3
ORD-10411,"Orr, Davis and Gonzalez",CHC-00557,Honeycomb Milk Chocolate Truffle Box,11,2026-05-17,Processing,Belgium,35.42
ORD-10412,Schultz-Walters,CHC-01326,Coconut White Chocolate Wafer Bar,26,2026-04-16,Pending,Mexico,109.98
ORD-10413,Conner-Mcguire,CHC-00818,Stevia Sweetened Sugar-Free Chocolate Filled Bar,36,2026-07-31,Processing,France,129.6
ORD-10414,Salas and Sons,CHC-00253,Praline Hazelnut Chocolate Pralines,90,2026-07-07,Shipped,Australia,534.6
ORD-10415,"Jones, Mccarty and Peterson",CHC-00321,Stevia Sweetened Sugar-Free Chocolate Chips (Baking),285,2025-10-27,Pending,India,1114.35
ORD-10416,Hicks-Reid,CHC-00759,Cranberry Walnut Fruit & Nut Chocolate Wafer Bar,16,2026-07-10,Delivered,USA,66.56
ORD-10417,Salas-Baldwin,CHC-00807,85% Extra Bold Dark Chocolate Truffle Box,105,2026-04-04,Shipped,Brazil,680.4
ORD-10418,Brown-Rogers,CHC-00245,Sea Salt Milk Chocolate Wafer Bar,108,2026-03-06,Delivered,Netherlands,440.64
ORD-10419,Stephenson-Patton,CHC-00331,70% Intense Dark Chocolate Drops,25,2025-10-27,Delivered,Belgium,162.25
ORD-10420,"Richardson, Sanchez and Young",CHC-00962,Classic Milk Chocolate Bar,43,2026-06-19,Shipped,Peru,117.82
ORD-10421,Hernandez-Harris,CHC-01340,Gianduja Style Hazelnut Chocolate Bar,38,2025-10-08,Delivered,France,197.6
ORD-10422,"Chavez, Griffin and Carroll",CHC-01051,85% Extra Bold Dark Chocolate Gift Box,73,2026-05-19,Delivered,USA,447.49
ORD-10423,Noble-Willis,CHC-00655,Almond Crunch Chocolate Coated Nuts,45,2026-05-07,Shipped,Italy,240.75
ORD-10424,Turner LLC,CHC-01459,Roasted Almond Chocolate Drops,83,2026-06-27,Delivered,India,402.55
ORD-10425,Barber-Arnold,CHC-01048,Cranberry Walnut Fruit & Nut Chocolate Gift Box,19,2026-03-29,Delivered,Italy,101.65
ORD-10426,Jones-Lee,CHC-00222,Berry Burst Ruby Chocolate Wafer Bar,57,2026-01-07,Delivered,Mexico,446.88
ORD-10427,Richards LLC,CHC-01030,70% Intense Dark Chocolate Wafer Bar,55,2026-02-18,Pending,UAE,327.25
ORD-10428,"Gomez, Mcdonald and Waller",CHC-00469,Roasted Almond Chocolate Filled Bar,22,2026-03-26,Processing,Mexico,62.26
ORD-10429,"Patterson, Oneill and Jones",CHC-00437,Biscuit Milk Chocolate Truffle Box,161,2026-02-02,Processing,USA,434.7
ORD-10430,Flores-Thompson,CHC-00310,Coconut White Chocolate Pralines,10,2025-11-20,Processing,UAE,37.9
ORD-10431,Payne-Blake,CHC-00442,Soft Caramel Core Chocolate Bar,24,2025-10-11,Delivered,Switzerland,86.64
ORD-10432,"Adams, Bush and Robinson",CHC-00016,Classic Milk Chocolate Coated Nuts,31,2026-02-17,Delivered,Netherlands,84.94
ORD-10433,West-Orozco,CHC-00321,Stevia Sweetened Sugar-Free Chocolate Chips (Baking),23,2025-12-01,Delivered,India,89.93
ORD-10434,Shields-Wong,CHC-00600,Diabetic Friendly Sugar-Free Chocolate Pralines,27,2026-04-24,Delivered,South Africa,140.67
ORD-10435,Allen Inc,CHC-01433,Sea Salt Milk Chocolate Chips (Baking),21,2026-06-15,Pending,Belgium,90.51
ORD-10436,Burke Inc,CHC-00912,Citrus Ruby Chocolate Truffle Box,38,2025-10-12,Shipped,France,184.3
ORD-10437,Pacheco PLC,CHC-00567,Roasted Almond Chocolate Squares,59,2026-03-04,Delivered,Germany,275.53
ORD-10438,Ball-Smith,CHC-00426,Plant-Based Classic Vegan Dark Chocolate Chips (Baking),8,2026-07-20,Delivered,France,27.2
ORD-10439,Herrera-Hutchinson,CHC-00209,Berry Burst Ruby Chocolate Pralines,70,2026-08-01,Delivered,Switzerland,429.1
ORD-10440,"Morris, Johnson and Morris",CHC-01039,Honeycomb Milk Chocolate Truffle Box,61,2025-11-23,Delivered,Cote d'Ivoire,220.21
ORD-10441,"Johnson, Tucker and Lynch",CHC-00345,Honeycomb Milk Chocolate Squares,30,2026-03-11,Pending,Belgium,84.0
ORD-10442,Thompson-Boyer,CHC-00163,Honeycomb Milk Chocolate Coated Nuts,32,2025-12-26,Pending,Belgium,97.6
ORD-10443,Miller PLC,CHC-00789,85% Extra Bold Dark Chocolate Drops,42,2026-03-19,Shipped,France,191.94
ORD-10444,Parsons-Huerta,CHC-01246,Bakers Classic Compound Chocolate Wafer Bar,163,2026-04-26,Delivered,Ghana,303.18
ORD-10445,Scott-Ford,CHC-00059,Value Pack Compound Chocolate Gift Box,15,2026-01-26,Delivered,Mexico,19.2
ORD-10446,Johnson LLC,CHC-00077,70% Intense Dark Chocolate Wafer Bar,25,2026-03-11,Delivered,Indonesia,149.75
ORD-10447,"Valdez, Edwards and Perry",CHC-00690,Single Origin Dark Chocolate Truffle Box,29,2026-01-11,Pending,USA,170.23
ORD-10448,"Ramsey, Murphy and Davis",CHC-00553,Sea Salt Milk Chocolate Pralines,244,2026-03-14,Shipped,France,927.2
ORD-10449,Clark PLC,CHC-00417,Raspberry Swirl White Chocolate Drops,96,2025-12-19,Delivered,Indonesia,246.72
ORD-10450,Howard LLC,CHC-00360,Classic Milk Chocolate Filled Bar,13,2025-11-15,Shipped,USA,54.73
ORD-10451,Cooper-Frazier,CHC-00652,Espresso Infused Dark Chocolate Squares,63,2026-06-04,Delivered,UAE,187.11
ORD-10452,"Hernandez, Jarvis and Andrews",CHC-00351,Diabetic Friendly Sugar-Free Chocolate Chips (Baking),72,2026-01-26,Delivered,Indonesia,331.2
ORD-10453,Figueroa LLC,CHC-00044,Raspberry Swirl White Chocolate Chips (Baking),30,2025-12-09,Delivered,France,125.1
ORD-10454,"Woods, Johnson and Holland",CHC-00787,Coconut White Chocolate Pralines,94,2026-06-11,Delivered,Canada,340.28
ORD-10455,"Barton, Madden and Chavez",CHC-00749,Whole Hazelnut Chocolate Wafer Bar,42,2025-10-10,Delivered,South Africa,184.38
ORD-10456,Ward-Moreno,CHC-00163,Honeycomb Milk Chocolate Coated Nuts,80,2025-11-18,Shipped,Belgium,244.0
ORD-10457,Anderson-Smith,CHC-00258,Sea Salt Milk Chocolate Wafer Bar,6,2026-05-08,Delivered,Colombia,24.42
ORD-10458,Garcia-Lamb,CHC-00312,Honeycomb Milk Chocolate Wafer Bar,19,2026-02-07,Delivered,Australia,58.9
ORD-10459,Hernandez-Fuller,CHC-01269,Gianduja Style Hazelnut Chocolate Wafer Bar,42,2025-12-01,Pending,Switzerland,136.08
ORD-10460,Sherman-Davis,CHC-00468,Organic Fair-Trade Chocolate Bar,21,2025-11-13,Delivered,Germany,131.46
ORD-10461,Weber Inc,CHC-01424,Organic Single Origin Chocolate Coated Nuts,10,2025-12-28,Delivered,Ecuador,38.2
ORD-10462,Daniels and Sons,CHC-00994,85% Extra Bold Dark Chocolate Coated Nuts,56,2026-07-13,Processing,France,291.2
ORD-10463,"Waters, Green and Obrien",CHC-00484,Honeycomb Milk Chocolate Drops,32,2026-05-02,Processing,China,84.16
ORD-10464,"Hernandez, Thompson and Rojas",CHC-00406,Single Origin Dark Chocolate Drops,156,2026-03-01,Processing,UAE,603.72
ORD-10465,Rice LLC,CHC-01384,85% Extra Bold Dark Chocolate Chips (Baking),36,2026-07-08,Pending,India,225.72
ORD-10466,"Sanchez, Haas and Porter",CHC-00369,Sea Salt Milk Chocolate Filled Bar,15,2026-01-16,Delivered,USA,65.55
ORD-10467,"Gaines, Santana and Price",CHC-00660,Honeycomb Milk Chocolate Filled Bar,15,2026-02-12,Delivered,China,61.35
ORD-10468,Nguyen Inc,CHC-00328,Vanilla Bean White Chocolate Chips (Baking),37,2025-12-15,Delivered,Belgium,133.57
ORD-10469,Keller Inc,CHC-00138,Tropical Mix Fruit & Nut Chocolate Bar,32,2026-01-05,Shipped,Belgium,101.44
ORD-10470,Roman Group,CHC-00794,Soft Caramel Core Chocolate Gift Box,12,2026-06-03,Delivered,Belgium,48.72
ORD-10471,"Shields, Brown and Elliott",CHC-00965,Espresso Infused Dark Chocolate Drops,12,2025-12-21,Processing,USA,57.96
ORD-10472,Meadows-Bennett,CHC-00782,Vanilla Bean White Chocolate Gift Box,16,2026-02-16,Shipped,Australia,67.2
ORD-10473,"Burton, Walker and King",CHC-00328,Vanilla Bean White Chocolate Chips (Baking),70,2026-03-15,Shipped,Belgium,252.7
ORD-10474,Fletcher-Allen,CHC-00473,Biscuit Milk Chocolate Squares,86,2026-02-17,Processing,Ecuador,371.52
ORD-10475,Harris-Malone,CHC-00109,Gianduja Style Hazelnut Chocolate Bar,257,2025-11-07,Delivered,Mexico,1148.79
ORD-10476,"Ramirez, Suarez and Jimenez",CHC-00050,Biscuit Milk Chocolate Wafer Bar,98,2026-07-27,Shipped,Brazil,242.06
ORD-10477,"Gibbs, Woods and Peck",CHC-01398,Sea Salt Milk Chocolate Coated Nuts,65,2026-07-23,Delivered,India,153.4
ORD-10478,Best-Taylor,CHC-00294,Salted Butter Caramel Chocolate Wafer Bar,25,2026-01-31,Shipped,France,69.0
ORD-10479,Campbell-Rivera,CHC-00842,Oat Milk Blend Vegan Dark Chocolate Drops,14,2026-07-19,Pending,Peru,46.48
ORD-10480,Wiggins-Wright,CHC-00492,Biscuit Milk Chocolate Coated Nuts,28,2025-12-28,Processing,Switzerland,94.64
ORD-10481,Vega-Harper,CHC-01363,Stevia Sweetened Sugar-Free Chocolate Pralines,24,2026-01-16,Delivered,India,72.96
ORD-10482,Lewis-Williams,CHC-01252,Coconut White Chocolate Drops,16,2026-01-03,Pending,Germany,55.52
ORD-10483,York Ltd,CHC-00035,Single Origin Dark Chocolate Truffle Box,18,2026-03-22,Processing,USA,106.02
ORD-10484,Williams-Schroeder,CHC-00558,70% Intense Dark Chocolate Pralines,10,2025-10-25,Shipped,France,40.0
ORD-10485,White-Shields,CHC-00390,Plant-Based Classic Vegan Dark Chocolate Squares,6,2025-11-12,Delivered,China,37.2
ORD-10486,Jennings-Trujillo,CHC-00945,Biscuit Milk Chocolate Chips (Baking),24,2026-05-08,Pending,France,92.16
ORD-10487,Mccann Inc,CHC-00364,Organic Raw Cacao Chocolate Filled Bar,176,2026-02-04,Delivered,Colombia,1265.44
ORD-10488,Buck and Sons,CHC-01455,Tropical Mix Fruit & Nut Chocolate Truffle Box,42,2026-06-28,Processing,Australia,151.62
ORD-10489,"Fitzgerald, Davis and Jackson",CHC-01244,Organic Single Origin Chocolate Gift Box,55,2026-06-15,Pending,Ghana,373.45
ORD-10490,"Sanders, Perry and May",CHC-00138,Tropical Mix Fruit & Nut Chocolate Bar,32,2026-01-31,Processing,Belgium,101.44
ORD-10491,"Moran, Macias and Petty",CHC-01377,Classic Milk Chocolate Bar,36,2026-06-14,Delivered,Australia,113.76
ORD-10492,Richards and Sons,CHC-01231,Citrus Ruby Chocolate Drops,230,2026-04-28,Pending,Mexico,1743.4
ORD-10493,"Norris, Johnson and Wagner",CHC-01452,Value Pack Compound Chocolate Drops,21,2026-07-29,Pending,South Africa,41.79
ORD-10494,Andrews Ltd,CHC-01099,Raspberry Swirl White Chocolate Drops,59,2025-11-27,Processing,Italy,224.2
ORD-10495,Chandler Inc,CHC-00568,Classic Milk Chocolate Filled Bar,131,2026-05-28,Delivered,France,544.96
ORD-10496,Brown-Rodriguez,CHC-00136,Espresso Infused Dark Chocolate Truffle Box,80,2026-06-16,Shipped,United Kingdom,232.8
ORD-10497,Waller-Fox,CHC-01322,Honeycomb Milk Chocolate Filled Bar,47,2026-05-26,Shipped,Brazil,126.43
ORD-10498,White Ltd,CHC-01289,Honeycomb Milk Chocolate Squares,40,2026-04-15,Delivered,Ghana,136.8
ORD-10499,"Hernandez, Rojas and Mason",CHC-00246,Plant-Based Classic Vegan Dark Chocolate Truffle Box,29,2026-02-07,Delivered,France,160.08
ORD-10500,Moreno Group,CHC-01039,Honeycomb Milk Chocolate Truffle Box,55,2026-02-22,Pending,Cote d'Ivoire,198.55
ORD-10501,Bailey and Sons,CHC-01320,Organic Raw Cacao Chocolate Coated Nuts,56,2025-12-18,Shipped,France,308.0
ORD-10502,Simon LLC,CHC-00741,Coconut White Chocolate Gift Box,61,2026-05-07,Shipped,Colombia,247.66
ORD-10503,"Thompson, Baker and Jones",CHC-01003,Stevia Sweetened Sugar-Free Chocolate Coated Nuts,32,2026-06-14,Processing,Belgium,151.36
ORD-10504,Gonzalez Inc,CHC-01076,85% Extra Bold Dark Chocolate Coated Nuts,15,2025-12-15,Delivered,United Kingdom,73.35
ORD-10505,Clarke-Crane,CHC-00373,Almond Crunch Chocolate Squares,18,2025-11-03,Processing,Mexico,85.86
ORD-10506,Smith-Watts,CHC-00676,Cranberry Walnut Fruit & Nut Chocolate Wafer Bar,87,2026-07-08,Delivered,Ecuador,430.65
ORD-10507,"Chavez, Campbell and Rivera",CHC-00967,Raspberry Swirl White Chocolate Pralines,39,2026-07-18,Delivered,Indonesia,88.92
ORD-10508,Haas-Sawyer,CHC-00512,Sea Salt Milk Chocolate Squares,101,2026-06-08,Processing,Japan,348.45
ORD-10509,"Adams, Henderson and Fernandez",CHC-00910,Classic Milk Chocolate Coated Nuts,66,2026-05-16,Shipped,Germany,147.84
ORD-10510,Dudley-Hughes,CHC-00539,Salted Butter Caramel Chocolate Filled Bar,13,2026-07-12,Processing,France,41.34
ORD-10511,Keith-Lara,CHC-01354,Lemon Zest White Chocolate Squares,8,2026-02-26,Shipped,Australia,24.8
ORD-10512,"Smith, Franklin and House",CHC-00474,Plant-Based Classic Vegan Dark Chocolate Bar,18,2026-07-29,Delivered,Belgium,86.04
ORD-10513,Steele-Blair,CHC-01183,Raisin & Almond Fruit & Nut Chocolate Pralines,29,2026-06-26,Shipped,India,112.52
ORD-10514,Petersen Ltd,CHC-00436,Citrus Ruby Chocolate Chips (Baking),125,2026-04-16,Delivered,Colombia,673.75
ORD-10515,Miller PLC,CHC-00420,Roasted Almond Chocolate Drops,62,2026-05-08,Delivered,Japan,194.68
ORD-10516,Kerr Inc,CHC-01014,Organic Raw Cacao Chocolate Chips (Baking),20,2025-12-16,Delivered,Netherlands,109.4
ORD-10517,Benson-Nguyen,CHC-01227,Original Ruby Chocolate Squares,17,2026-06-10,Processing,France,96.9
ORD-10518,"Ramos, Barnett and Gibson",CHC-00874,Espresso Infused Dark Chocolate Filled Bar,106,2025-12-22,Delivered,Germany,507.74
ORD-10519,"Smith, Francis and Castaneda",CHC-01264,85% Extra Bold Dark Chocolate Squares,26,2026-01-04,Delivered,USA,101.66
ORD-10520,"Peterson, Payne and James",CHC-00932,Diabetic Friendly Sugar-Free Chocolate Coated Nuts,44,2026-04-25,Pending,United Kingdom,137.28
ORD-10521,"Moody, Booth and Kelly",CHC-00871,Cranberry Walnut Fruit & Nut Chocolate Wafer Bar,11,2026-03-13,Processing,France,34.87
ORD-10522,Long PLC,CHC-00746,Gianduja Style Hazelnut Chocolate Bar,42,2026-03-17,Delivered,USA,188.16
ORD-10523,Salazar-Byrd,CHC-00075,Salted Butter Caramel Chocolate Gift Box,23,2026-01-30,Delivered,Germany,95.45
ORD-10524,Jones-Salinas,CHC-01123,Bakers Classic Compound Chocolate Truffle Box,114,2025-10-17,Processing,UAE,270.18
ORD-10525,"Walker, Salazar and Baker",CHC-00991,Espresso Infused Dark Chocolate Filled Bar,25,2026-04-10,Pending,Colombia,125.5
ORD-10526,Mathews-Bailey,CHC-00534,Honeycomb Milk Chocolate Bar,12,2026-04-22,Shipped,Belgium,35.88
ORD-10527,"Woods, Walker and Thomas",CHC-00810,Praline Hazelnut Chocolate Gift Box,84,2026-04-16,Delivered,UAE,398.16
ORD-10528,"Diaz, Harris and Jackson",CHC-00728,Organic Raw Cacao Chocolate Filled Bar,89,2026-02-25,Delivered,Netherlands,545.57
ORD-10529,Allen-Jackson,CHC-01315,Almond Crunch Chocolate Drops,61,2026-06-26,Shipped,Switzerland,326.35
ORD-10530,"Stevens, Davidson and Carey",CHC-01395,Espresso Infused Dark Chocolate Squares,52,2025-10-28,Delivered,China,325.0
ORD-10531,"Parrish, Williams and James",CHC-01045,Almond Crunch Chocolate Coated Nuts,28,2025-12-30,Delivered,Brazil,95.48
ORD-10532,Martinez-Moore,CHC-01486,Classic Sugar-Free Chocolate Bar,15,2025-12-11,Delivered,Canada,47.4
ORD-10533,Brooks-Diaz,CHC-00117,Sea Salt Caramel Chocolate Filled Bar,34,2026-05-18,Delivered,Indonesia,133.96
ORD-10534,"Pratt, Boyd and Chavez",CHC-01226,Classic Sugar-Free Chocolate Coated Nuts,5,2026-07-04,Shipped,Belgium,19.05
ORD-10535,Hill LLC,CHC-00363,Espresso Infused Dark Chocolate Filled Bar,88,2026-03-30,Pending,India,288.64
ORD-10536,Neal-Cole,CHC-00606,Lemon Zest White Chocolate Drops,44,2026-02-19,Delivered,China,136.4
ORD-10537,Cross-Thompson,CHC-00973,Organic Raw Cacao Chocolate Gift Box,16,2026-03-05,Shipped,USA,68.32
ORD-10538,"Hernandez, Frazier and Richardson",CHC-01272,Stevia Sweetened Sugar-Free Chocolate Wafer Bar,29,2026-05-28,Processing,Switzerland,129.63
ORD-10539,"Keller, Dean and Mills",CHC-01126,Vanilla Bean White Chocolate Drops,7,2026-01-20,Processing,Canada,30.8
ORD-10540,King-Hawkins,CHC-01428,Lemon Zest White Chocolate Coated Nuts,11,2026-04-21,Delivered,South Africa,26.07
ORD-10541,Duncan Inc,CHC-00376,Vanilla Bean White Chocolate Filled Bar,34,2026-01-09,Delivered,Peru,91.12
ORD-10542,"White, Robbins and Hill",CHC-01194,Coconut Sugar Vegan Dark Chocolate Truffle Box,40,2026-06-20,Pending,USA,180.0
ORD-10543,Scott-Baker,CHC-00464,Raspberry Swirl White Chocolate Squares,11,2026-06-02,Delivered,Germany,39.71
ORD-10544,Davis-Fields,CHC-01239,Stevia Sweetened Sugar-Free Chocolate Wafer Bar,39,2026-02-10,Processing,Japan,230.1
ORD-10545,Harris Group,CHC-00233,Roasted Almond Chocolate Filled Bar,32,2026-01-21,Delivered,Mexico,127.36
ORD-10546,Williamson-Watson,CHC-00472,Biscuit Milk Chocolate Squares,18,2025-12-19,Pending,Canada,41.58
ORD-10547,Love Group,CHC-01454,Classic Milk Chocolate Bar,183,2025-12-27,Shipped,Australia,503.25
ORD-10548,Williams-Mullins,CHC-00101,Biscuit Milk Chocolate Gift Box,48,2026-06-21,Processing,Belgium,207.84
ORD-10549,Jordan-Lawson,CHC-00121,Coconut White Chocolate Chips (Baking),7,2025-10-25,Delivered,Switzerland,20.37
ORD-10550,Gomez-Cruz,CHC-01117,Salted Butter Caramel Chocolate Truffle Box,138,2026-03-04,Delivered,Italy,523.02
ORD-10551,"Anderson, Montgomery and Levine",CHC-00721,Sea Salt Caramel Chocolate Filled Bar,10,2026-03-13,Delivered,France,26.7
ORD-10552,"Carpenter, Brown and Harris",CHC-00172,Marzipan Style Almond Chocolate Squares,49,2026-01-07,Delivered,Germany,211.68
ORD-10553,Miller Group,CHC-01191,70% Intense Dark Chocolate Pralines,64,2026-06-02,Delivered,USA,250.88
ORD-10554,Long-Perry,CHC-01484,Almond Crunch Chocolate Truffle Box,24,2026-02-04,Delivered,USA,127.2
ORD-10555,"Sherman, Johnson and Watkins",CHC-00119,Soft Caramel Core Chocolate Coated Nuts,47,2026-01-04,Shipped,United Kingdom,162.15
ORD-10556,Mcconnell-Haynes,CHC-00238,Original Ruby Chocolate Chips (Baking),23,2026-05-06,Pending,Cote d'Ivoire,175.26
ORD-10557,Perry-Wells,CHC-00562,70% Intense Dark Chocolate Squares,19,2026-05-14,Delivered,Cote d'Ivoire,106.02
ORD-10558,Gonzales Group,CHC-01233,Cranberry Walnut Fruit & Nut Chocolate Chips (Baking),19,2025-10-23,Delivered,United Kingdom,76.76
ORD-10559,Hunt Inc,CHC-00184,Coconut White Chocolate Coated Nuts,7,2026-03-05,Pending,South Africa,26.74
ORD-10560,"Hall, Gonzalez and Weaver",CHC-01240,Classic Milk Chocolate Truffle Box,7,2026-07-23,Pending,Switzerland,18.13
ORD-10561,"Carter, Rivera and Hughes",CHC-00882,Diabetic Friendly Sugar-Free Chocolate Pralines,12,2025-12-08,Delivered,Switzerland,43.2
ORD-10562,Wilson-Walker,CHC-01158,Almond Crunch Chocolate Chips (Baking),109,2025-12-20,Delivered,Netherlands,545.0
ORD-10563,Duncan Inc,CHC-00077,70% Intense Dark Chocolate Wafer Bar,13,2026-01-02,Pending,Indonesia,77.87
ORD-10564,Crawford and Sons,CHC-00846,Sea Salt Milk Chocolate Filled Bar,23,2025-12-22,Delivered,Japan,102.35
ORD-10565,"Gibson, Holloway and Gonzalez",CHC-00111,Bakers Classic Compound Chocolate Wafer Bar,51,2025-11-12,Pending,China,95.37
ORD-10566,Webb-Brown,CHC-00354,Plant-Based Classic Vegan Dark Chocolate Pralines,33,2026-07-19,Pending,Switzerland,174.9
ORD-10567,"Adkins, Bridges and Taylor",CHC-01040,Praline Hazelnut Chocolate Coated Nuts,28,2025-12-18,Shipped,Mexico,162.4
ORD-10568,Montoya-Wiggins,CHC-00238,Original Ruby Chocolate Chips (Baking),51,2026-07-18,Shipped,Cote d'Ivoire,388.62
ORD-10569,Flores and Sons,CHC-01466,Value Pack Compound Chocolate Gift Box,14,2026-04-26,Processing,France,18.06
ORD-10570,"Hendrix, Lopez and Ryan",CHC-01389,Berry Burst Ruby Chocolate Bar,50,2026-05-11,Delivered,China,232.5
ORD-10571,"Baker, Edwards and Scott",CHC-00944,Organic Fair-Trade Chocolate Drops,115,2026-05-01,Pending,Netherlands,555.45
ORD-10572,Peters-Dixon,CHC-00373,Almond Crunch Chocolate Squares,32,2025-10-11,Processing,Mexico,152.64
ORD-10573,Becker-Parker,CHC-01114,Classic Milk Chocolate Pralines,10,2026-04-15,Pending,Ecuador,33.8
ORD-10574,Delacruz Group,CHC-00411,Bakers Classic Compound Chocolate Filled Bar,21,2026-05-01,Shipped,Japan,32.34
ORD-10575,"Scott, Harris and Williams",CHC-00109,Gianduja Style Hazelnut Chocolate Bar,24,2025-12-08,Pending,Mexico,107.28
ORD-10576,"Pearson, Randolph and Douglas",CHC-01309,Vanilla Bean White Chocolate Truffle Box,31,2025-11-23,Delivered,Ecuador,112.53
ORD-10577,"Silva, Diaz and Solis",CHC-00162,Biscuit Milk Chocolate Filled Bar,32,2026-01-29,Processing,Belgium,86.72
ORD-10578,Bryant Ltd,CHC-00188,Honeycomb Milk Chocolate Coated Nuts,49,2026-03-12,Shipped,Switzerland,183.26
ORD-10579,"Beck, Daniel and Smith",CHC-01445,Confectionery Grade Compound Chocolate Filled Bar,133,2026-06-03,Pending,Ecuador,184.87
ORD-10580,Ortiz PLC,CHC-01207,Confectionery Grade Compound Chocolate Gift Box,39,2026-01-12,Delivered,USA,72.54
ORD-10581,Johnson-Robinson,CHC-01267,Espresso Infused Dark Chocolate Coated Nuts,26,2026-06-28,Delivered,Ghana,118.82
ORD-10582,Carter-Page,CHC-00368,Praline Hazelnut Chocolate Squares,82,2025-11-12,Shipped,France,267.32
ORD-10583,"Bishop, Sullivan and Luna",CHC-00606,Lemon Zest White Chocolate Drops,8,2025-12-29,Shipped,China,24.8
ORD-10584,Humphrey Inc,CHC-00508,Gianduja Style Hazelnut Chocolate Drops,61,2026-05-03,Delivered,Switzerland,345.87
ORD-10585,Hamilton Ltd,CHC-00667,Espresso Infused Dark Chocolate Gift Box,75,2025-12-18,Processing,Ghana,266.25
ORD-10586,Williams Inc,CHC-00966,Praline Hazelnut Chocolate Filled Bar,19,2026-07-27,Shipped,Canada,57.76
ORD-10587,"Crawford, Smith and Griffith",CHC-00651,Whole Hazelnut Chocolate Squares,36,2026-02-18,Pending,Netherlands,142.2
ORD-10588,"Owen, Jimenez and Craig",CHC-00578,Diabetic Friendly Sugar-Free Chocolate Gift Box,29,2026-07-31,Processing,USA,134.56
ORD-10589,"Goodman, Pham and Ferguson",CHC-00279,Lemon Zest White Chocolate Coated Nuts,24,2025-11-24,Shipped,Netherlands,97.68
ORD-10590,Thomas Ltd,CHC-01372,Organic Fair-Trade Chocolate Squares,136,2026-04-20,Delivered,France,477.36
ORD-10591,Black Group,CHC-01190,Classic Sugar-Free Chocolate Chips (Baking),22,2026-06-01,Pending,Brazil,91.96
ORD-10592,Harris Inc,CHC-01414,Salted Butter Caramel Chocolate Truffle Box,30,2026-02-25,Shipped,Italy,99.3
ORD-10593,Perry Ltd,CHC-00075,Salted Butter Caramel Chocolate Gift Box,31,2026-06-13,Processing,Germany,128.65
ORD-10594,Mccarthy-Ramos,CHC-00334,Organic Fair-Trade Chocolate Drops,28,2026-02-26,Delivered,Switzerland,103.6
ORD-10595,Moore-Brown,CHC-01112,Berry Burst Ruby Chocolate Chips (Baking),19,2026-01-30,Delivered,Belgium,111.91
ORD-10596,"Anderson, Moore and Griffin",CHC-00773,70% Intense Dark Chocolate Squares,64,2025-10-19,Processing,South Africa,302.72
ORD-10597,Baxter LLC,CHC-01135,Praline Hazelnut Chocolate Truffle Box,41,2025-11-17,Delivered,Netherlands,199.67
ORD-10598,"Castro, Moore and Barr",CHC-00945,Biscuit Milk Chocolate Chips (Baking),8,2026-07-27,Pending,France,30.72
ORD-10599,Dunn-Lewis,CHC-00338,Marzipan Style Almond Chocolate Bar,80,2026-06-19,Delivered,Colombia,271.2
ORD-10600,"Whitney, Myers and Johnson",CHC-00954,Whole Hazelnut Chocolate Wafer Bar,34,2026-04-22,Processing,China,124.78
ORD-10601,Moore-Carter,CHC-00993,Espresso Infused Dark Chocolate Coated Nuts,94,2026-07-06,Delivered,China,517.94
ORD-10602,"Gardner, Davis and Marshall",CHC-00918,Almond Crunch Chocolate Bar,61,2026-05-24,Pending,Australia,184.22
ORD-10603,"White, Cook and Morales",CHC-00218,70% Intense Dark Chocolate Truffle Box,13,2026-06-04,Shipped,Peru,43.55
ORD-10604,Poole Inc,CHC-00907,Roasted Almond Chocolate Squares,12,2025-10-12,Delivered,Belgium,36.0
ORD-10605,"Mclean, Ferrell and Ayers",CHC-00583,Original Ruby Chocolate Chips (Baking),26,2026-01-07,Delivered,Netherlands,187.98
ORD-10606,"Jones, Burns and Smith",CHC-00884,Raisin & Almond Fruit & Nut Chocolate Squares,15,2025-10-14,Delivered,Canada,49.95
ORD-10607,Preston-Durham,CHC-00879,Biscuit Milk Chocolate Pralines,18,2026-02-05,Shipped,Belgium,39.24
ORD-10608,Washington LLC,CHC-00315,70% Intense Dark Chocolate Coated Nuts,12,2026-05-28,Pending,Cote d'Ivoire,35.76
ORD-10609,"Silva, Avila and Harris",CHC-01441,Organic Fair-Trade Chocolate Squares,33,2026-06-23,Pending,France,157.74
ORD-10610,Nelson-Orozco,CHC-00303,Classic Milk Chocolate Gift Box,11,2026-02-24,Delivered,India,38.06
ORD-10611,Riley LLC,CHC-00377,Espresso Infused Dark Chocolate Squares,69,2025-11-16,Delivered,Belgium,189.75
ORD-10612,Carpenter Inc,CHC-01309,Vanilla Bean White Chocolate Truffle Box,51,2026-01-30,Delivered,Ecuador,185.13
ORD-10613,Cooper and Sons,CHC-00383,85% Extra Bold Dark Chocolate Pralines,23,2026-07-12,Processing,Brazil,117.3
ORD-10614,"Evans, Jackson and Bell",CHC-00317,70% Intense Dark Chocolate Bar,22,2026-01-08,Shipped,Brazil,108.02
ORD-10615,Wright-Newton,CHC-00479,Salted Butter Caramel Chocolate Coated Nuts,67,2025-12-04,Delivered,Japan,285.42
ORD-10616,Rodriguez LLC,CHC-00621,Classic Milk Chocolate Gift Box,91,2025-12-10,Delivered,Ecuador,269.36
ORD-10617,Cummings Group,CHC-00004,Cranberry Walnut Fruit & Nut Chocolate Pralines,34,2025-12-09,Processing,Germany,124.1
ORD-10618,Burgess Inc,CHC-00060,Bakers Classic Compound Chocolate Wafer Bar,33,2025-11-21,Processing,South Africa,42.9
ORD-10619,Larson Group,CHC-00317,70% Intense Dark Chocolate Bar,25,2026-04-10,Shipped,Brazil,122.75
ORD-10620,Johnson PLC,CHC-00919,Raisin & Almond Fruit & Nut Chocolate Coated Nuts,39,2026-07-24,Delivered,Italy,174.72
ORD-10621,"Davis, Lucas and Anderson",CHC-00983,Biscuit Milk Chocolate Coated Nuts,6,2026-06-14,Processing,Brazil,15.18
ORD-10622,"Hood, Jones and Luna",CHC-01333,Organic Raw Cacao Chocolate Pralines,35,2026-07-13,Shipped,France,227.15
ORD-10623,"Martin, Jackson and David",CHC-00261,Coconut Sugar Vegan Dark Chocolate Coated Nuts,51,2026-06-12,Delivered,Switzerland,277.95
ORD-10624,Smith-Newman,CHC-00983,Biscuit Milk Chocolate Coated Nuts,16,2026-03-07,Processing,Brazil,40.48
ORD-10625,Turner-Green,CHC-01439,Tropical Mix Fruit & Nut Chocolate Drops,6,2026-03-24,Delivered,France,31.98
ORD-10626,Koch Inc,CHC-00371,Soft Caramel Core Chocolate Pralines,88,2026-05-17,Shipped,India,418.88
ORD-10627,Crawford PLC,CHC-00311,Classic Sugar-Free Chocolate Filled Bar,9,2026-03-06,Delivered,Japan,30.24
ORD-10628,"Wilson, Mcdonald and Martin",CHC-00902,Whole Hazelnut Chocolate Wafer Bar,43,2026-04-14,Delivered,Belgium,250.26
ORD-10629,"Williams, Scott and Avery",CHC-00771,Organic Single Origin Chocolate Bar,11,2025-10-25,Pending,China,69.96
ORD-10630,Powell-Harris,CHC-01163,Espresso Infused Dark Chocolate Drops,15,2026-01-13,Shipped,Netherlands,77.85
ORD-10631,Kerr Ltd,CHC-00642,Sea Salt Milk Chocolate Squares,17,2026-03-11,Shipped,Brazil,40.97
ORD-10632,"Shaw, Macdonald and Smith",CHC-00400,Bakers Classic Compound Chocolate Pralines,109,2026-05-30,Delivered,South Africa,272.5
ORD-10633,Freeman Ltd,CHC-01322,Honeycomb Milk Chocolate Filled Bar,16,2026-07-22,Processing,Brazil,43.04
ORD-10634,"Clark, Manning and Miller",CHC-00955,Oat Milk Blend Vegan Dark Chocolate Gift Box,15,2025-11-29,Delivered,India,54.15
ORD-10635,Hernandez LLC,CHC-00100,Marzipan Style Almond Chocolate Bar,28,2026-06-01,Delivered,Belgium,84.84
ORD-10636,Coleman PLC,CHC-00775,Sea Salt Caramel Chocolate Chips (Baking),55,2026-02-14,Delivered,Brazil,235.95
ORD-10637,"Rodriguez, Hudson and Martinez",CHC-00686,Praline Hazelnut Chocolate Squares,91,2026-07-09,Delivered,Netherlands,329.42
ORD-10638,"Lane, Young and Larson",CHC-00589,Praline Hazelnut Chocolate Coated Nuts,204,2026-01-19,Delivered,Switzerland,758.88
ORD-10639,"Page, Brown and Sanchez",CHC-00340,Bakers Classic Compound Chocolate Chips (Baking),15,2026-07-30,Pending,Italy,25.35
ORD-10640,"Rogers, Garcia and Lewis",CHC-00099,Vanilla Bean White Chocolate Wafer Bar,41,2026-02-19,Processing,Australia,89.79
ORD-10641,"Thompson, Torres and Miller",CHC-01153,Classic Sugar-Free Chocolate Pralines,50,2026-06-08,Delivered,Australia,226.0
ORD-10642,Vargas-White,CHC-00054,Raisin & Almond Fruit & Nut Chocolate Drops,67,2026-01-25,Delivered,Canada,195.64
ORD-10643,Bentley-Jenkins,CHC-00758,Sea Salt Milk Chocolate Drops,23,2026-01-03,Delivered,USA,99.36
ORD-10644,Johnson-Kramer,CHC-01052,Single Origin Dark Chocolate Drops,53,2026-04-21,Delivered,Ghana,285.67
ORD-10645,Gross Ltd,CHC-00476,Bakers Classic Compound Chocolate Wafer Bar,45,2026-08-02,Pending,Mexico,67.95
ORD-10646,Hernandez LLC,CHC-01205,Berry Burst Ruby Chocolate Squares,45,2025-12-25,Shipped,Netherlands,200.25
ORD-10647,Harris and Sons,CHC-01164,Raspberry Swirl White Chocolate Wafer Bar,15,2026-07-20,Delivered,Switzerland,63.75
ORD-10648,"Rivera, Daugherty and Osborn",CHC-00670,85% Extra Bold Dark Chocolate Coated Nuts,107,2026-03-10,Pending,Ghana,289.97
ORD-10649,Johnson-Fox,CHC-01216,Sea Salt Milk Chocolate Bar,24,2026-02-17,Processing,USA,71.76
ORD-10650,Odonnell-Walton,CHC-00227,Plant-Based Classic Vegan Dark Chocolate Gift Box,43,2026-03-09,Delivered,Switzerland,175.87
ORD-10651,"Brown, Delacruz and Williams",CHC-00254,Espresso Infused Dark Chocolate Chips (Baking),12,2025-11-29,Delivered,Peru,59.04
ORD-10652,Buchanan-Davis,CHC-00158,Classic Sugar-Free Chocolate Filled Bar,72,2026-05-02,Processing,Indonesia,342.72
ORD-10653,"Mata, Aguilar and Pratt",CHC-00403,Sea Salt Caramel Chocolate Chips (Baking),17,2025-11-05,Delivered,France,80.58
ORD-10654,Chambers-Reese,CHC-00517,Biscuit Milk Chocolate Drops,76,2026-04-21,Delivered,Italy,212.8
ORD-10655,Green Ltd,CHC-00304,Espresso Infused Dark Chocolate Bar,27,2025-10-15,Delivered,Mexico,168.48
ORD-10656,Conway-Mcgee,CHC-00101,Biscuit Milk Chocolate Gift Box,124,2026-01-26,Processing,Belgium,536.92
ORD-10657,"Garza, Graham and Bryan",CHC-01293,Coconut White Chocolate Pralines,27,2026-06-12,Delivered,Brazil,76.95
ORD-10658,"Evans, Woodward and Schmidt",CHC-01480,Classic Milk Chocolate Gift Box,34,2025-12-13,Delivered,Switzerland,149.6
ORD-10659,"Wilson, Schmitt and Cobb",CHC-00386,Original Ruby Chocolate Truffle Box,31,2026-07-23,Pending,Belgium,193.13
ORD-10660,Christensen-Abbott,CHC-01205,Berry Burst Ruby Chocolate Squares,41,2026-06-11,Shipped,Netherlands,182.45
ORD-10661,Gonzalez Group,CHC-00676,Cranberry Walnut Fruit & Nut Chocolate Wafer Bar,17,2025-11-21,Delivered,Ecuador,84.15
ORD-10662,"Young, Vasquez and Odonnell",CHC-00552,Whole Hazelnut Chocolate Truffle Box,16,2025-10-26,Delivered,Cote d'Ivoire,81.44
ORD-10663,"Preston, Williams and Alvarado",CHC-00011,Biscuit Milk Chocolate Bar,54,2026-05-21,Delivered,France,157.68
ORD-10664,Leon-Vega,CHC-00370,85% Extra Bold Dark Chocolate Squares,53,2025-11-21,Shipped,Indonesia,226.31
ORD-10665,Petersen-Sullivan,CHC-00218,70% Intense Dark Chocolate Truffle Box,58,2026-06-08,Delivered,Peru,194.3
ORD-10666,Perez Ltd,CHC-00496,Almond Crunch Chocolate Wafer Bar,20,2025-11-18,Shipped,Canada,91.0
ORD-10667,Alvarado-Strong,CHC-00540,Raisin & Almond Fruit & Nut Chocolate Chips (Baking),41,2026-04-18,Delivered,Belgium,210.74
ORD-10668,Mcguire-Smith,CHC-00869,Sea Salt Caramel Chocolate Truffle Box,29,2026-03-17,Delivered,South Africa,85.55
ORD-10669,Munoz-Tapia,CHC-00318,Espresso Infused Dark Chocolate Wafer Bar,253,2025-12-22,Delivered,South Africa,1406.68
ORD-10670,Barnes-Jacobs,CHC-00253,Praline Hazelnut Chocolate Pralines,40,2026-07-29,Delivered,Australia,237.6
ORD-10671,Thomas-Gardner,CHC-01322,Honeycomb Milk Chocolate Filled Bar,31,2026-05-28,Delivered,Brazil,83.39
ORD-10672,Gomez Group,CHC-00248,Confectionery Grade Compound Chocolate Gift Box,189,2026-04-01,Pending,Ecuador,436.59
ORD-10673,"Johnson, Rogers and Riddle",CHC-01280,Stevia Sweetened Sugar-Free Chocolate Coated Nuts,46,2026-05-16,Shipped,Belgium,237.82
ORD-10674,Haynes Group,CHC-00400,Bakers Classic Compound Chocolate Pralines,67,2026-04-21,Shipped,South Africa,167.5
ORD-10675,Guerrero-Roman,CHC-00437,Biscuit Milk Chocolate Truffle Box,62,2025-11-28,Shipped,USA,167.4
ORD-10676,Robinson Ltd,CHC-00120,Oat Milk Blend Vegan Dark Chocolate Gift Box,49,2026-02-24,Delivered,France,307.72
ORD-10677,Bennett and Sons,CHC-01453,Honeycomb Milk Chocolate Coated Nuts,182,2025-11-04,Delivered,Germany,749.84
ORD-10678,Nelson-Rosario,CHC-00014,Sea Salt Milk Chocolate Chips (Baking),70,2026-06-24,Delivered,France,146.3
ORD-10679,Jackson-Bell,CHC-00709,Single Origin Dark Chocolate Filled Bar,145,2026-03-26,Pending,China,414.7
ORD-10680,"Macias, Horne and Parker",CHC-00009,Confectionery Grade Compound Chocolate Drops,14,2026-04-16,Shipped,Germany,21.98
ORD-10681,Sosa-Hunter,CHC-01223,70% Intense Dark Chocolate Pralines,35,2025-12-31,Pending,South Africa,213.85
ORD-10682,"Lopez, Rivas and Martin",CHC-00836,Classic Sugar-Free Chocolate Pralines,73,2026-01-04,Delivered,Netherlands,434.35
ORD-10683,"Smith, Castaneda and Garcia",CHC-00244,Organic Raw Cacao Chocolate Gift Box,25,2026-07-14,Processing,Belgium,125.5
ORD-10684,Gibson Ltd,CHC-00865,Sea Salt Milk Chocolate Coated Nuts,34,2026-04-02,Delivered,Cote d'Ivoire,125.12
ORD-10685,Doyle-Lowe,CHC-01081,Raspberry Swirl White Chocolate Pralines,20,2026-02-15,Delivered,South Africa,52.8
ORD-10686,"Navarro, Mullins and Wade",CHC-01071,Bakers Classic Compound Chocolate Bar,104,2026-01-09,Delivered,Indonesia,204.88
ORD-10687,Mcfarland LLC,CHC-00075,Salted Butter Caramel Chocolate Gift Box,9,2025-12-16,Delivered,Germany,37.35
ORD-10688,"Perry, Robertson and Rivera",CHC-00710,Praline Hazelnut Chocolate Chips (Baking),238,2026-03-17,Delivered,Ecuador,871.08
ORD-10689,Rosario-Cox,CHC-01040,Praline Hazelnut Chocolate Coated Nuts,48,2026-03-20,Pending,Mexico,278.4
ORD-10690,"Fletcher, Parks and Pace",CHC-00756,Roasted Almond Chocolate Pralines,29,2026-01-08,Pending,Indonesia,98.6
ORD-10691,"Brown, Pena and Snyder",CHC-01370,Espresso Infused Dark Chocolate Chips (Baking),22,2026-06-20,Shipped,Australia,81.62
ORD-10692,"Cherry, Brown and Davenport",CHC-01224,Berry Burst Ruby Chocolate Truffle Box,58,2026-03-28,Delivered,USA,364.24
ORD-10693,"Wilson, Bennett and Collins",CHC-00713,Marzipan Style Almond Chocolate Squares,24,2026-03-18,Delivered,Peru,82.32
ORD-10694,"Vance, Daniel and Brady",CHC-00398,Gianduja Style Hazelnut Chocolate Bar,8,2026-04-25,Shipped,Netherlands,43.2
ORD-10695,Vaughan Group,CHC-01168,Sea Salt Caramel Chocolate Drops,30,2025-11-04,Pending,USA,83.7
ORD-10696,Smith LLC,CHC-00469,Roasted Almond Chocolate Filled Bar,36,2025-12-17,Pending,Mexico,101.88
ORD-10697,Lopez PLC,CHC-00929,Sea Salt Milk Chocolate Gift Box,20,2026-01-03,Delivered,Mexico,50.4
ORD-10698,"Williams, Myers and Burgess",CHC-00234,Coconut Sugar Vegan Dark Chocolate Drops,21,2026-04-02,Processing,USA,126.63
ORD-10699,"Hendrix, Burton and Allen",CHC-00664,Value Pack Compound Chocolate Chips (Baking),16,2025-12-01,Delivered,Belgium,20.0
ORD-10700,"Johnson, Kelley and Russell",CHC-00492,Biscuit Milk Chocolate Coated Nuts,33,2026-05-14,Delivered,Switzerland,111.54
ORD-10701,Ballard Ltd,CHC-01026,Raspberry Swirl White Chocolate Pralines,117,2026-05-25,Delivered,United Kingdom,292.5
ORD-10702,"James, Mccarty and Mckinney",CHC-01498,Organic Fair-Trade Chocolate Pralines,50,2026-06-10,Delivered,Canada,228.5
ORD-10703,"Orr, Nguyen and Bass",CHC-00744,Organic Raw Cacao Chocolate Coated Nuts,23,2026-04-05,Shipped,Cote d'Ivoire,169.05
ORD-10704,Petersen-Leon,CHC-00379,Biscuit Milk Chocolate Gift Box,19,2026-03-10,Delivered,Australia,85.31
ORD-10705,English-Gonzalez,CHC-00695,Diabetic Friendly Sugar-Free Chocolate Drops,214,2025-12-23,Delivered,Belgium,1228.36
ORD-10706,Martin Ltd,CHC-01062,85% Extra Bold Dark Chocolate Pralines,23,2026-02-12,Delivered,South Africa,98.67
ORD-10707,"Jackson, Collins and Brown",CHC-00384,Bakers Classic Compound Chocolate Gift Box,60,2026-04-18,Delivered,Japan,86.4
ORD-10708,Mata-Waters,CHC-00167,Bakers Classic Compound Chocolate Coated Nuts,17,2026-07-29,Delivered,Canada,36.04
ORD-10709,Hayden-Lopez,CHC-01045,Almond Crunch Chocolate Coated Nuts,57,2026-01-13,Processing,Brazil,194.37
ORD-10710,Vance-Wells,CHC-01210,Plant-Based Classic Vegan Dark Chocolate Gift Box,45,2026-07-25,Delivered,UAE,214.65
ORD-10711,"Flores, Gonzales and Rodriguez",CHC-00516,Biscuit Milk Chocolate Coated Nuts,7,2025-12-12,Shipped,Peru,27.65
ORD-10712,Cox-Flores,CHC-00492,Biscuit Milk Chocolate Coated Nuts,100,2025-12-23,Delivered,Switzerland,338.0
ORD-10713,Adams-Harris,CHC-01009,85% Extra Bold Dark Chocolate Filled Bar,22,2026-01-10,Delivered,Netherlands,90.64
ORD-10714,"Cole, Hood and Walsh",CHC-00182,Lemon Zest White Chocolate Chips (Baking),88,2026-01-13,Delivered,Switzerland,267.52
ORD-10715,Williams-Ramirez,CHC-00824,Bakers Classic Compound Chocolate Wafer Bar,10,2026-05-19,Delivered,France,15.7
ORD-10716,"Harrison, Hansen and Lambert",CHC-00270,Roasted Almond Chocolate Bar,46,2026-07-25,Shipped,India,141.22
ORD-10717,Hill LLC,CHC-00782,Vanilla Bean White Chocolate Gift Box,38,2026-04-28,Processing,Australia,159.6
ORD-10718,"Lowery, Moreno and Roberts",CHC-00748,Raspberry Swirl White Chocolate Pralines,48,2025-10-26,Delivered,Ghana,147.36
ORD-10719,"Martinez, Cole and Smith",CHC-01174,Biscuit Milk Chocolate Coated Nuts,27,2026-03-12,Delivered,Australia,97.47
ORD-10720,"Serrano, Knight and Gomez",CHC-00934,Biscuit Milk Chocolate Wafer Bar,62,2026-02-20,Shipped,Germany,143.84
ORD-10721,Baker-Sanchez,CHC-00391,Lemon Zest White Chocolate Coated Nuts,60,2026-07-09,Processing,Peru,252.0
ORD-10722,Hutchinson Inc,CHC-00274,Classic Sugar-Free Chocolate Wafer Bar,31,2025-11-27,Processing,Indonesia,101.99
ORD-10723,"Gregory, Gutierrez and Morton",CHC-00521,Confectionery Grade Compound Chocolate Pralines,4,2026-07-12,Processing,Canada,6.44
ORD-10724,Conrad and Sons,CHC-00343,Tropical Mix Fruit & Nut Chocolate Wafer Bar,74,2026-04-15,Delivered,Brazil,253.08
ORD-10725,"Thompson, Sharp and Newton",CHC-00869,Sea Salt Caramel Chocolate Truffle Box,10,2026-04-08,Processing,South Africa,29.5
ORD-10726,Hampton Group,CHC-01098,Classic Sugar-Free Chocolate Chips (Baking),28,2026-02-01,Processing,Switzerland,106.4
ORD-10727,"Combs, Ross and Porter",CHC-01306,Classic Milk Chocolate Bar,23,2026-07-07,Delivered,USA,103.27
ORD-10728,Bailey-Lopez,CHC-00579,70% Intense Dark Chocolate Pralines,25,2026-01-05,Shipped,France,83.0
ORD-10729,Schmidt PLC,CHC-00631,Stevia Sweetened Sugar-Free Chocolate Drops,6,2026-05-04,Delivered,Belgium,18.0
ORD-10730,Caldwell-Valenzuela,CHC-00510,Oat Milk Blend Vegan Dark Chocolate Gift Box,64,2026-08-03,Delivered,UAE,408.32
ORD-10731,Lewis Ltd,CHC-01051,85% Extra Bold Dark Chocolate Gift Box,40,2026-05-19,Shipped,USA,245.2
ORD-10732,Middleton Inc,CHC-01356,Sea Salt Milk Chocolate Drops,45,2026-03-21,Processing,Switzerland,102.6
ORD-10733,"Smith, Berry and Young",CHC-01219,Espresso Infused Dark Chocolate Squares,13,2026-06-10,Delivered,UAE,54.34
ORD-10734,Powell-Berry,CHC-00070,70% Intense Dark Chocolate Chips (Baking),29,2026-02-13,Delivered,USA,87.0
ORD-10735,Glover-Frazier,CHC-00182,Lemon Zest White Chocolate Chips (Baking),20,2025-11-25,Delivered,Switzerland,60.8
ORD-10736,Hernandez Ltd,CHC-01483,Gianduja Style Hazelnut Chocolate Squares,58,2025-11-22,Delivered,Cote d'Ivoire,261.0
ORD-10737,Mason LLC,CHC-01437,Almond Crunch Chocolate Pralines,12,2026-04-24,Delivered,Brazil,59.64
ORD-10738,Paul Ltd,CHC-00373,Almond Crunch Chocolate Squares,16,2026-03-05,Pending,Mexico,76.32
ORD-10739,Johns-Anderson,CHC-01147,Confectionery Grade Compound Chocolate Gift Box,30,2026-04-30,Delivered,Ecuador,39.0
ORD-10740,"Hutchinson, Cruz and Kemp",CHC-00770,Stevia Sweetened Sugar-Free Chocolate Squares,40,2026-06-27,Shipped,Germany,136.4
ORD-10741,"Jones, Morrison and Holloway",CHC-00134,Whole Hazelnut Chocolate Pralines,45,2026-06-12,Pending,Peru,136.8
ORD-10742,Lawson-Mckee,CHC-01129,Vanilla Bean White Chocolate Truffle Box,38,2025-11-28,Processing,Australia,87.78
ORD-10743,Davis-Lowe,CHC-00211,Single Origin Dark Chocolate Squares,16,2025-10-15,Delivered,Canada,74.56
ORD-10744,Ward Ltd,CHC-00522,Biscuit Milk Chocolate Chips (Baking),68,2026-07-14,Delivered,Australia,231.2
ORD-10745,"Jones, Roberson and Nguyen",CHC-01412,Organic Single Origin Chocolate Pralines,82,2026-02-14,Delivered,France,518.24
ORD-10746,Ellis and Sons,CHC-00685,Lemon Zest White Chocolate Squares,31,2026-01-06,Delivered,USA,69.13
ORD-10747,Hill-Brown,CHC-00752,Almond Crunch Chocolate Pralines,51,2025-11-23,Delivered,Switzerland,160.14
ORD-10748,Garza-Larson,CHC-01302,Vanilla Bean White Chocolate Chips (Baking),15,2026-08-01,Delivered,Colombia,33.15
ORD-10749,Williams Group,CHC-00407,Organic Raw Cacao Chocolate Truffle Box,40,2025-11-25,Processing,France,144.0
ORD-10750,Webb LLC,CHC-01393,Bakers Classic Compound Chocolate Wafer Bar,19,2026-05-26,Delivered,Indonesia,24.32
ORD-10751,"Mayer, Oconnell and Schmidt",CHC-00006,Stevia Sweetened Sugar-Free Chocolate Filled Bar,25,2026-05-24,Delivered,Switzerland,125.0
ORD-10752,Robinson and Sons,CHC-00922,Classic Milk Chocolate Coated Nuts,36,2026-07-09,Delivered,Switzerland,120.6
ORD-10753,Franco-Stokes,CHC-01273,Sea Salt Milk Chocolate Gift Box,33,2026-06-11,Processing,Indonesia,108.24
ORD-10754,"Marquez, Walker and Thompson",CHC-00998,Confectionery Grade Compound Chocolate Squares,139,2025-11-29,Delivered,Australia,248.81
ORD-10755,"Adams, Brooks and Blevins",CHC-00719,Coconut White Chocolate Truffle Box,105,2026-02-06,Shipped,India,367.5
ORD-10756,Ramsey-Richards,CHC-00280,Tropical Mix Fruit & Nut Chocolate Chips (Baking),9,2025-12-20,Shipped,Netherlands,35.1
ORD-10757,Myers-Blevins,CHC-01001,Sea Salt Caramel Chocolate Pralines,29,2025-12-06,Shipped,Switzerland,126.15
ORD-10758,Perez-Dillon,CHC-00217,Praline Hazelnut Chocolate Truffle Box,47,2026-06-14,Processing,Mexico,230.77
ORD-10759,Brock PLC,CHC-01064,70% Intense Dark Chocolate Squares,7,2025-11-27,Pending,France,42.21
ORD-10760,Barrett-King,CHC-01261,70% Intense Dark Chocolate Chips (Baking),158,2026-01-13,Delivered,USA,848.46
ORD-10761,"Woods, Anderson and Gibson",CHC-01016,Honeycomb Milk Chocolate Pralines,12,2026-06-19,Delivered,Netherlands,24.36
ORD-10762,"Beard, Williamson and Lee",CHC-00993,Espresso Infused Dark Chocolate Coated Nuts,19,2026-04-11,Pending,China,104.69
ORD-10763,"Lee, Powell and Campbell",CHC-00334,Organic Fair-Trade Chocolate Drops,41,2026-01-06,Pending,Switzerland,151.7
ORD-10764,Jones PLC,CHC-01026,Raspberry Swirl White Chocolate Pralines,145,2026-04-09,Delivered,United Kingdom,362.5
ORD-10765,Gonzales and Sons,CHC-00754,Stevia Sweetened Sugar-Free Chocolate Truffle Box,17,2026-02-02,Delivered,Ghana,92.14
ORD-10766,"Paul, Ayala and Harris",CHC-00597,Soft Caramel Core Chocolate Pralines,27,2026-01-25,Shipped,Belgium,71.82
ORD-10767,"Massey, Phillips and Hartman",CHC-00605,Raisin & Almond Fruit & Nut Chocolate Coated Nuts,8,2026-05-21,Delivered,Mexico,34.88
ORD-10768,Mora Ltd,CHC-00324,85% Extra Bold Dark Chocolate Pralines,48,2025-11-10,Processing,Cote d'Ivoire,311.52
ORD-10769,"Ball, Brown and Harris",CHC-01133,Stevia Sweetened Sugar-Free Chocolate Drops,19,2026-06-19,Shipped,United Kingdom,95.19
ORD-10770,Houston Ltd,CHC-00809,Classic Sugar-Free Chocolate Chips (Baking),47,2026-02-01,Delivered,Japan,187.53
ORD-10771,"Burgess, Medina and Grant",CHC-01442,Salted Butter Caramel Chocolate Bar,93,2025-11-24,Delivered,Ecuador,323.64
ORD-10772,"Martin, Chen and Frey",CHC-01212,Raisin & Almond Fruit & Nut Chocolate Gift Box,9,2026-01-04,Pending,USA,48.87
ORD-10773,Garcia-Stevenson,CHC-00071,85% Extra Bold Dark Chocolate Filled Bar,77,2026-03-24,Delivered,Italy,378.84
ORD-10774,"Kelly, Nolan and Ballard",CHC-00378,Biscuit Milk Chocolate Bar,70,2025-10-12,Pending,Brazil,291.2
ORD-10775,Mejia-Cooper,CHC-00599,Confectionery Grade Compound Chocolate Coated Nuts,73,2025-10-28,Pending,Canada,121.18
ORD-10776,Cox Group,CHC-01360,Cranberry Walnut Fruit & Nut Chocolate Gift Box,61,2026-03-06,Pending,Italy,235.46
ORD-10777,Ewing-Buck,CHC-00911,Berry Burst Ruby Chocolate Filled Bar,24,2025-12-28,Pending,Colombia,186.72
ORD-10778,Alvarez-Short,CHC-00054,Raisin & Almond Fruit & Nut Chocolate Drops,10,2026-01-21,Processing,Canada,29.2
ORD-10779,Horn PLC,CHC-01114,Classic Milk Chocolate Pralines,8,2025-10-14,Delivered,Ecuador,27.04
ORD-10780,"King, Price and Gomez",CHC-01306,Classic Milk Chocolate Bar,20,2026-02-08,Delivered,USA,89.8
ORD-10781,"Smith, Stout and Mckinney",CHC-00317,70% Intense Dark Chocolate Bar,15,2026-05-19,Pending,Brazil,73.65
ORD-10782,"Kim, Oconnor and Cruz",CHC-00422,Biscuit Milk Chocolate Squares,43,2025-11-30,Shipped,France,89.01
ORD-10783,Anderson-Smith,CHC-01187,Classic Milk Chocolate Bar,43,2026-05-03,Pending,Switzerland,145.34
ORD-10784,Luna PLC,CHC-01313,Diabetic Friendly Sugar-Free Chocolate Chips (Baking),30,2025-12-23,Delivered,South Africa,127.2
ORD-10785,Johnson-Li,CHC-01139,Coconut White Chocolate Filled Bar,14,2026-03-19,Delivered,USA,42.28
ORD-10786,Ford Inc,CHC-01329,Sea Salt Milk Chocolate Truffle Box,4,2026-01-29,Delivered,Australia,16.6
ORD-10787,Small PLC,CHC-01196,Tropical Mix Fruit & Nut Chocolate Coated Nuts,58,2025-12-11,Delivered,Switzerland,225.04
ORD-10788,Garrison LLC,CHC-00330,Coconut White Chocolate Coated Nuts,31,2026-07-14,Pending,South Africa,111.91
ORD-10789,"Hansen, Murray and Mack",CHC-00614,Single Origin Dark Chocolate Coated Nuts,30,2026-04-04,Delivered,USA,152.7
ORD-10790,Smith and Sons,CHC-00136,Espresso Infused Dark Chocolate Truffle Box,40,2026-01-09,Processing,United Kingdom,116.4
ORD-10791,Reyes-Garcia,CHC-00691,Berry Burst Ruby Chocolate Chips (Baking),53,2026-04-05,Delivered,UAE,356.16
ORD-10792,"Rich, Duffy and Alexander",CHC-01403,Bakers Classic Compound Chocolate Pralines,17,2026-03-29,Shipped,UAE,34.34
ORD-10793,"Richards, Fields and Mann",CHC-00435,Honeycomb Milk Chocolate Truffle Box,10,2025-12-10,Processing,France,39.3
ORD-10794,Gill-Hudson,CHC-00101,Biscuit Milk Chocolate Gift Box,31,2026-07-07,Pending,Belgium,134.23
ORD-10795,"Brown, Ruiz and Ross",CHC-01159,Biscuit Milk Chocolate Chips (Baking),21,2025-10-25,Processing,Australia,45.36
ORD-10796,"Atkins, Fritz and Love",CHC-00579,70% Intense Dark Chocolate Pralines,35,2026-01-24,Shipped,France,116.2
ORD-10797,Holt-Ruiz,CHC-00247,Oat Milk Blend Vegan Dark Chocolate Bar,14,2026-05-12,Processing,Indonesia,87.36
ORD-10798,Wilson Group,CHC-00214,Sea Salt Milk Chocolate Pralines,32,2026-06-05,Pending,Switzerland,129.28
ORD-10799,"James, Lyons and Marsh",CHC-00444,Organic Single Origin Chocolate Pralines,34,2026-02-19,Delivered,United Kingdom,144.84
ORD-10800,Smith PLC,CHC-00728,Organic Raw Cacao Chocolate Filled Bar,78,2025-11-28,Delivered,Netherlands,478.14
ORD-10801,"Colon, Walters and Harmon",CHC-00029,Praline Hazelnut Chocolate Wafer Bar,12,2026-05-14,Delivered,Colombia,61.68
ORD-10802,Sanchez and Sons,CHC-01460,Sea Salt Caramel Chocolate Gift Box,36,2026-03-20,Pending,Cote d'Ivoire,138.96
ORD-10803,Johnson Inc,CHC-01297,Sea Salt Milk Chocolate Pralines,45,2026-03-16,Processing,Canada,112.95
ORD-10804,Allen-Arias,CHC-01005,85% Extra Bold Dark Chocolate Filled Bar,60,2025-11-25,Delivered,Mexico,249.0
ORD-10805,Rowe Inc,CHC-00557,Honeycomb Milk Chocolate Truffle Box,184,2026-07-10,Delivered,Belgium,592.48
ORD-10806,"Fowler, Calhoun and Baker",CHC-01444,Sea Salt Milk Chocolate Chips (Baking),52,2026-02-26,Delivered,Peru,202.8
ORD-10807,Mcdonald Group,CHC-00546,Raisin & Almond Fruit & Nut Chocolate Chips (Baking),8,2026-02-23,Delivered,France,41.84
ORD-10808,Malone Ltd,CHC-00918,Almond Crunch Chocolate Bar,132,2025-10-16,Delivered,Australia,398.64
ORD-10809,Lopez PLC,CHC-00479,Salted Butter Caramel Chocolate Coated Nuts,85,2026-02-01,Delivered,Japan,362.1
ORD-10810,Gilbert LLC,CHC-01009,85% Extra Bold Dark Chocolate Filled Bar,41,2026-01-03,Shipped,Netherlands,168.92
ORD-10811,Hicks Group,CHC-00362,Whole Hazelnut Chocolate Pralines,3,2026-03-06,Delivered,Germany,16.35
ORD-10812,Jones Inc,CHC-01267,Espresso Infused Dark Chocolate Coated Nuts,22,2026-04-20,Processing,Ghana,100.54
ORD-10813,"Wong, Miller and Hoffman",CHC-00744,Organic Raw Cacao Chocolate Coated Nuts,58,2026-07-08,Pending,Cote d'Ivoire,426.3
ORD-10814,"Wheeler, Lloyd and Jones",CHC-00453,Gianduja Style Hazelnut Chocolate Squares,27,2026-05-24,Delivered,USA,154.71
ORD-10815,Stanley PLC,CHC-01338,Almond Crunch Chocolate Coated Nuts,43,2026-05-26,Delivered,Netherlands,165.98
ORD-10816,Bryant-Lambert,CHC-00653,85% Extra Bold Dark Chocolate Coated Nuts,87,2026-02-28,Pending,Mexico,333.21
ORD-10817,"Mcgee, Johnson and Gallegos",CHC-00116,Almond Crunch Chocolate Bar,14,2025-11-01,Delivered,Italy,76.16
ORD-10818,Clark-Erickson,CHC-00393,Raisin & Almond Fruit & Nut Chocolate Gift Box,32,2026-07-19,Delivered,France,103.04
ORD-10819,"Clark, Patterson and Rodriguez",CHC-00453,Gianduja Style Hazelnut Chocolate Squares,72,2025-11-29,Delivered,USA,412.56
ORD-10820,Payne LLC,CHC-00283,70% Intense Dark Chocolate Coated Nuts,22,2026-01-01,Pending,Switzerland,63.58
ORD-10821,"Davis, Cross and Atkinson",CHC-00604,Roasted Almond Chocolate Chips (Baking),51,2026-04-07,Pending,Switzerland,181.05
ORD-10822,Davis LLC,CHC-01146,Tropical Mix Fruit & Nut Chocolate Chips (Baking),20,2025-11-04,Delivered,Ecuador,93.6
ORD-10823,Parker-Phillips,CHC-00016,Classic Milk Chocolate Coated Nuts,26,2026-03-20,Pending,Netherlands,71.24
ORD-10824,Obrien-Irwin,CHC-00011,Biscuit Milk Chocolate Bar,133,2026-04-11,Delivered,France,388.36
ORD-10825,Smith Inc,CHC-00404,Vanilla Bean White Chocolate Squares,273,2026-02-08,Pending,Switzerland,1023.75
ORD-10826,Wilson Ltd,CHC-01337,Cranberry Walnut Fruit & Nut Chocolate Truffle Box,75,2025-12-17,Delivered,France,345.75
ORD-10827,"Lewis, Cruz and Terrell",CHC-00913,Bakers Classic Compound Chocolate Coated Nuts,15,2026-06-16,Shipped,Japan,26.1
ORD-10828,"Andrews, Clark and Blake",CHC-01022,85% Extra Bold Dark Chocolate Truffle Box,14,2025-12-11,Pending,Japan,64.96
ORD-10829,Durham Inc,CHC-00345,Honeycomb Milk Chocolate Squares,28,2025-11-07,Delivered,Belgium,78.4
ORD-10830,"Daniel, Santiago and Taylor",CHC-00057,85% Extra Bold Dark Chocolate Filled Bar,40,2026-03-01,Pending,India,222.4
ORD-10831,Owen-Brown,CHC-00107,85% Extra Bold Dark Chocolate Coated Nuts,28,2025-12-04,Shipped,Mexico,154.28
ORD-10832,"Bender, Alexander and Mccarthy",CHC-00687,Diabetic Friendly Sugar-Free Chocolate Chips (Baking),22,2026-07-12,Processing,Italy,121.88
ORD-10833,French-Mathis,CHC-01338,Almond Crunch Chocolate Coated Nuts,34,2026-02-23,Shipped,Netherlands,131.24
ORD-10834,Nguyen Inc,CHC-00404,Vanilla Bean White Chocolate Squares,9,2025-12-30,Pending,Switzerland,33.75
ORD-10835,Ramos Ltd,CHC-00589,Praline Hazelnut Chocolate Coated Nuts,15,2026-02-26,Delivered,Switzerland,55.8
ORD-10836,"Randolph, Farmer and Copeland",CHC-00306,Organic Single Origin Chocolate Filled Bar,76,2025-12-25,Delivered,Germany,359.48
ORD-10837,Hill-Wright,CHC-00344,Espresso Infused Dark Chocolate Squares,91,2026-04-08,Delivered,United Kingdom,507.78
ORD-10838,Medina-Peterson,CHC-00596,Sea Salt Caramel Chocolate Filled Bar,53,2026-05-01,Processing,UAE,134.62
ORD-10839,"Mercado, Mccall and Murphy",CHC-00533,Gianduja Style Hazelnut Chocolate Pralines,28,2026-02-13,Pending,USA,128.8
ORD-10840,Wu Inc,CHC-01289,Honeycomb Milk Chocolate Squares,18,2026-04-23,Shipped,Ghana,61.56
ORD-10841,"Martin, Johnson and York",CHC-00414,Organic Single Origin Chocolate Pralines,27,2026-06-24,Processing,Ghana,138.78
ORD-10842,Sims-Richardson,CHC-00524,Sea Salt Milk Chocolate Truffle Box,19,2025-10-26,Delivered,Japan,58.71
ORD-10843,"Martinez, Ellis and Lewis",CHC-00953,Sea Salt Caramel Chocolate Bar,7,2026-06-18,Delivered,Germany,25.97
ORD-10844,Santos PLC,CHC-00602,Confectionery Grade Compound Chocolate Truffle Box,29,2026-01-01,Processing,United Kingdom,72.21
ORD-10845,Hurley Group,CHC-00930,Marzipan Style Almond Chocolate Gift Box,23,2026-04-26,Shipped,Ecuador,98.44
ORD-10846,"Norris, Ponce and Davis",CHC-00651,Whole Hazelnut Chocolate Squares,11,2026-06-15,Delivered,Netherlands,43.45
ORD-10847,Robinson Inc,CHC-01196,Tropical Mix Fruit & Nut Chocolate Coated Nuts,17,2026-02-10,Pending,Switzerland,65.96
ORD-10848,"Green, Baldwin and Fritz",CHC-00494,Coconut White Chocolate Chips (Baking),48,2026-07-22,Processing,USA,127.68
ORD-10849,Bishop PLC,CHC-00419,Sea Salt Caramel Chocolate Truffle Box,47,2026-04-08,Delivered,USA,173.9
ORD-10850,"Jackson, Vaughan and Mitchell",CHC-01106,Original Ruby Chocolate Drops,153,2026-01-19,Processing,Canada,1055.7
ORD-10851,Wright-Scott,CHC-01433,Sea Salt Milk Chocolate Chips (Baking),12,2026-02-08,Shipped,Belgium,51.72
ORD-10852,Davis and Sons,CHC-00008,Plant-Based Classic Vegan Dark Chocolate Drops,73,2026-01-03,Shipped,Switzerland,442.38
ORD-10853,"Green, Brandt and Schneider",CHC-00685,Lemon Zest White Chocolate Squares,36,2025-12-22,Delivered,USA,80.28
ORD-10854,"Thomas, Jones and Jones",CHC-01018,Organic Raw Cacao Chocolate Bar,37,2026-02-19,Processing,Cote d'Ivoire,142.08
ORD-10855,Torres-Brown,CHC-00876,Original Ruby Chocolate Coated Nuts,8,2025-12-18,Delivered,India,57.92
ORD-10856,Nichols Inc,CHC-01131,Single Origin Dark Chocolate Pralines,39,2025-10-19,Shipped,China,168.09
ORD-10857,Jones-Grant,CHC-01166,Cranberry Walnut Fruit & Nut Chocolate Truffle Box,9,2025-11-20,Delivered,Peru,35.46
ORD-10858,"Snyder, Montes and Watts",CHC-01379,Sea Salt Milk Chocolate Chips (Baking),25,2026-06-04,Pending,Italy,92.5
ORD-10859,Mccall-Cole,CHC-00276,Oat Milk Blend Vegan Dark Chocolate Coated Nuts,38,2026-07-06,Processing,Canada,129.96
ORD-10860,Scott Group,CHC-00193,Lemon Zest White Chocolate Gift Box,53,2025-11-09,Pending,France,223.13
ORD-10861,Horton-Thompson,CHC-00884,Raisin & Almond Fruit & Nut Chocolate Squares,13,2026-01-22,Delivered,Canada,43.29
ORD-10862,"Humphrey, Callahan and Murray",CHC-00265,Vanilla Bean White Chocolate Squares,31,2025-11-29,Delivered,Indonesia,133.61
ORD-10863,Collier-Johnson,CHC-01332,Raisin & Almond Fruit & Nut Chocolate Gift Box,67,2026-04-20,Processing,USA,232.49
ORD-10864,Rodriguez and Sons,CHC-00182,Lemon Zest White Chocolate Chips (Baking),13,2026-04-27,Processing,Switzerland,39.52
ORD-10865,Lambert-Ramirez,CHC-00478,Value Pack Compound Chocolate Squares,22,2026-05-11,Delivered,Belgium,27.94
ORD-10866,Singleton Inc,CHC-01075,Lemon Zest White Chocolate Filled Bar,14,2025-12-29,Delivered,USA,50.54
ORD-10867,Moore Ltd,CHC-00609,Marzipan Style Almond Chocolate Filled Bar,57,2026-06-15,Delivered,France,297.54
ORD-10868,"Matthews, Stanley and White",CHC-00430,Coconut White Chocolate Wafer Bar,108,2025-10-12,Pending,France,230.04
ORD-10869,Olson Inc,CHC-00187,Roasted Almond Chocolate Drops,23,2026-07-18,Pending,Mexico,95.45
ORD-10870,King-Davis,CHC-01163,Espresso Infused Dark Chocolate Drops,107,2025-12-07,Shipped,Netherlands,555.33
ORD-10871,"Walker, Brown and Smith",CHC-00926,70% Intense Dark Chocolate Bar,40,2026-07-23,Processing,UAE,144.0
ORD-10872,Boyle LLC,CHC-01312,Citrus Ruby Chocolate Squares,17,2026-06-18,Delivered,South Africa,113.56
ORD-10873,Daniels-Thompson,CHC-00171,Honeycomb Milk Chocolate Drops,71,2026-08-03,Delivered,India,216.55
ORD-10874,French-King,CHC-01157,Single Origin Dark Chocolate Drops,42,2025-10-09,Delivered,Colombia,169.26
ORD-10875,Martin-Alvarado,CHC-01481,Cranberry Walnut Fruit & Nut Chocolate Truffle Box,36,2025-11-27,Processing,Colombia,122.4
ORD-10876,Blankenship and Sons,CHC-00501,70% Intense Dark Chocolate Bar,9,2026-03-01,Shipped,France,36.72
ORD-10877,Hodges-Randolph,CHC-00001,Berry Burst Ruby Chocolate Pralines,33,2026-05-11,Shipped,United Kingdom,136.95
ORD-10878,Walker and Sons,CHC-00431,Salted Butter Caramel Chocolate Coated Nuts,48,2026-03-17,Delivered,Belgium,212.64
ORD-10879,Farmer LLC,CHC-00103,Almond Crunch Chocolate Squares,71,2026-02-17,Shipped,Germany,274.06
ORD-10880,May Group,CHC-00622,Value Pack Compound Chocolate Gift Box,8,2026-04-20,Pending,Cote d'Ivoire,15.92
ORD-10881,Kane-Williams,CHC-01346,Whole Hazelnut Chocolate Truffle Box,37,2026-05-13,Pending,Germany,114.7
ORD-10882,"Bennett, Wood and Campbell",CHC-00179,Coconut White Chocolate Chips (Baking),8,2025-12-06,Pending,Indonesia,28.48
ORD-10883,Gonzales-Wilson,CHC-00459,Diabetic Friendly Sugar-Free Chocolate Gift Box,36,2026-05-04,Delivered,Mexico,148.68
ORD-10884,Peters-Vasquez,CHC-00396,Raspberry Swirl White Chocolate Wafer Bar,17,2026-04-28,Shipped,Netherlands,56.1
ORD-10885,Wilson-Mendoza,CHC-00262,Biscuit Milk Chocolate Drops,131,2025-12-06,Pending,Mexico,585.57
ORD-10886,Browning Group,CHC-00502,Single Origin Dark Chocolate Gift Box,34,2026-06-25,Delivered,Mexico,108.12
ORD-10887,Brown-Lee,CHC-00933,Cranberry Walnut Fruit & Nut Chocolate Wafer Bar,8,2026-06-09,Delivered,Germany,37.6
ORD-10888,Ward-Harrison,CHC-00534,Honeycomb Milk Chocolate Bar,23,2025-11-20,Processing,Belgium,68.77
ORD-10889,Peters-Jones,CHC-01124,Salted Butter Caramel Chocolate Squares,43,2026-07-27,Processing,United Kingdom,193.5
ORD-10890,Webb and Sons,CHC-01060,85% Extra Bold Dark Chocolate Drops,41,2026-05-11,Processing,Australia,229.19
ORD-10891,"Carr, Cooke and Hebert",CHC-01267,Espresso Infused Dark Chocolate Coated Nuts,18,2026-05-01,Delivered,Ghana,82.26
ORD-10892,Rodriguez-Acevedo,CHC-01426,Cranberry Walnut Fruit & Nut Chocolate Gift Box,102,2026-05-03,Processing,South Africa,415.14
ORD-10893,"Brown, Boyd and Dixon",CHC-00878,Almond Crunch Chocolate Bar,123,2026-04-21,Delivered,Germany,501.84
ORD-10894,Lewis-Miller,CHC-01336,Sea Salt Caramel Chocolate Chips (Baking),4,2026-03-03,Delivered,Ghana,14.12
ORD-10895,Mcdonald-Shah,CHC-01492,Bakers Classic Compound Chocolate Filled Bar,25,2026-03-14,Delivered,Ecuador,42.75
ORD-10896,"Anderson, Roman and Welch",CHC-00255,Sea Salt Caramel Chocolate Gift Box,17,2026-02-18,Delivered,Netherlands,68.17
ORD-10897,Harris Ltd,CHC-00846,Sea Salt Milk Chocolate Filled Bar,34,2026-06-06,Delivered,Japan,151.3
ORD-10898,Jones-Warner,CHC-00459,Diabetic Friendly Sugar-Free Chocolate Gift Box,85,2025-11-13,Processing,Mexico,351.05
ORD-10899,Olson-White,CHC-01385,Classic Milk Chocolate Squares,29,2025-12-13,Delivered,Ghana,122.67
ORD-10900,Burton PLC,CHC-01047,Praline Hazelnut Chocolate Squares,26,2026-01-22,Shipped,Colombia,119.86
ORD-10901,Schneider Ltd,CHC-01219,Espresso Infused Dark Chocolate Squares,32,2025-11-17,Shipped,UAE,133.76
ORD-10902,"Johnson, Wong and Barton",CHC-00725,Organic Raw Cacao Chocolate Wafer Bar,24,2026-01-23,Delivered,Mexico,174.48
ORD-10903,"Jacobs, Curtis and Thomas",CHC-00776,70% Intense Dark Chocolate Chips (Baking),42,2026-05-12,Pending,Peru,149.94
ORD-10904,Yang-Mathews,CHC-00870,Classic Milk Chocolate Bar,90,2025-12-21,Delivered,Mexico,246.6
ORD-10905,Douglas-Curtis,CHC-01013,Almond Crunch Chocolate Filled Bar,73,2026-06-19,Delivered,Mexico,321.93
ORD-10906,"Perez, Harper and Valenzuela",CHC-00058,Value Pack Compound Chocolate Pralines,24,2026-05-10,Processing,USA,34.08
ORD-10907,Cole Inc,CHC-00410,Tropical Mix Fruit & Nut Chocolate Coated Nuts,44,2026-07-14,Shipped,Australia,166.76
ORD-10908,Gonzales-Taylor,CHC-00890,85% Extra Bold Dark Chocolate Drops,138,2026-05-05,Delivered,South Africa,856.98
ORD-10909,Torres LLC,CHC-00629,Berry Burst Ruby Chocolate Wafer Bar,50,2026-07-06,Delivered,USA,297.0
ORD-10910,"Gonzalez, Jones and Johnson",CHC-01207,Confectionery Grade Compound Chocolate Gift Box,8,2026-03-19,Delivered,USA,14.88
ORD-10911,Smith Group,CHC-00426,Plant-Based Classic Vegan Dark Chocolate Chips (Baking),18,2025-10-31,Delivered,France,61.2
ORD-10912,Jones LLC,CHC-00712,Roasted Almond Chocolate Chips (Baking),37,2026-05-06,Delivered,Mexico,192.77
ORD-10913,"Castaneda, Newton and Chambers",CHC-00920,Plant-Based Classic Vegan Dark Chocolate Pralines,80,2025-10-27,Delivered,USA,524.0
ORD-10914,Howell and Sons,CHC-00628,Gianduja Style Hazelnut Chocolate Squares,26,2026-04-05,Delivered,Mexico,120.12
ORD-10915,Flowers and Sons,CHC-01439,Tropical Mix Fruit & Nut Chocolate Drops,5,2026-07-02,Shipped,France,26.65
ORD-10916,Key-Bryant,CHC-00210,Diabetic Friendly Sugar-Free Chocolate Squares,57,2026-01-29,Processing,Australia,198.93
ORD-10917,Proctor LLC,CHC-00584,Marzipan Style Almond Chocolate Gift Box,13,2026-03-18,Delivered,Germany,44.59
ORD-10918,Russell LLC,CHC-00601,Coconut White Chocolate Wafer Bar,45,2025-12-09,Delivered,Germany,129.15
ORD-10919,Barnett-Johnson,CHC-01130,Organic Raw Cacao Chocolate Coated Nuts,42,2025-12-12,Delivered,Germany,181.02
ORD-10920,Carrillo-Allen,CHC-00455,Coconut White Chocolate Filled Bar,24,2026-05-08,Delivered,USA,54.24
ORD-10921,Moore LLC,CHC-01083,Organic Fair-Trade Chocolate Truffle Box,78,2026-03-13,Shipped,India,531.18
ORD-10922,"Gibson, Hoffman and Joseph",CHC-00179,Coconut White Chocolate Chips (Baking),19,2026-01-12,Delivered,Indonesia,67.64
ORD-10923,Green PLC,CHC-00064,Citrus Ruby Chocolate Pralines,49,2026-01-10,Pending,Mexico,279.79
ORD-10924,Hill Group,CHC-00888,85% Extra Bold Dark Chocolate Pralines,48,2026-02-25,Shipped,Italy,212.16
ORD-10925,Lozano PLC,CHC-00607,Raisin & Almond Fruit & Nut Chocolate Squares,30,2025-12-28,Shipped,USA,107.1
ORD-10926,Perkins Inc,CHC-00458,Raspberry Swirl White Chocolate Filled Bar,16,2026-04-21,Pending,Canada,43.52
ORD-10927,Young and Sons,CHC-01169,Sea Salt Caramel Chocolate Gift Box,40,2026-03-16,Delivered,USA,168.8
ORD-10928,Richards Group,CHC-01212,Raisin & Almond Fruit & Nut Chocolate Gift Box,20,2026-04-15,Delivered,USA,108.6
ORD-10929,King-Hudson,CHC-01384,85% Extra Bold Dark Chocolate Chips (Baking),153,2026-06-14,Processing,India,959.31
ORD-10930,Dalton Ltd,CHC-00489,85% Extra Bold Dark Chocolate Bar,17,2025-11-19,Shipped,Belgium,70.04
ORD-10931,Faulkner-Joseph,CHC-00079,Classic Milk Chocolate Coated Nuts,37,2026-06-15,Shipped,France,144.3
ORD-10932,Williams Inc,CHC-00719,Coconut White Chocolate Truffle Box,10,2026-03-27,Pending,India,35.0
ORD-10933,Mckee Inc,CHC-01004,Cranberry Walnut Fruit & Nut Chocolate Squares,37,2026-02-11,Processing,Mexico,149.85
ORD-10934,Molina-Thompson,CHC-00117,Sea Salt Caramel Chocolate Filled Bar,68,2025-12-29,Shipped,Indonesia,267.92
ORD-10935,Fisher PLC,CHC-00381,Whole Hazelnut Chocolate Filled Bar,21,2025-11-15,Pending,Australia,117.39
ORD-10936,Allison-Roman,CHC-00906,Coconut White Chocolate Coated Nuts,43,2025-11-11,Delivered,China,132.01
ORD-10937,"Thornton, Aguilar and Griffin",CHC-01157,Single Origin Dark Chocolate Drops,66,2025-11-09,Delivered,Colombia,265.98
ORD-10938,Barrett-Willis,CHC-00376,Vanilla Bean White Chocolate Filled Bar,238,2026-03-05,Pending,Peru,637.84
ORD-10939,Roach-Rivers,CHC-00474,Plant-Based Classic Vegan Dark Chocolate Bar,28,2025-10-29,Shipped,Belgium,133.84
ORD-10940,Graham PLC,CHC-01238,Classic Sugar-Free Chocolate Bar,48,2026-05-14,Pending,France,269.76
ORD-10941,Hudson-White,CHC-00099,Vanilla Bean White Chocolate Wafer Bar,46,2025-10-20,Pending,Australia,100.74
ORD-10942,"Frye, Schneider and Jenkins",CHC-00671,Honeycomb Milk Chocolate Squares,98,2026-07-16,Pending,Switzerland,309.68
ORD-10943,"Scott, Short and Haynes",CHC-01080,Classic Sugar-Free Chocolate Wafer Bar,16,2026-02-02,Pending,USA,80.64
ORD-10944,Weber Group,CHC-01447,Vanilla Bean White Chocolate Drops,28,2026-01-27,Delivered,South Africa,121.52
ORD-10945,Powers Inc,CHC-00588,Sea Salt Milk Chocolate Truffle Box,19,2026-04-23,Pending,South Africa,50.92
ORD-10946,Alvarez-Gregory,CHC-00428,Whole Hazelnut Chocolate Wafer Bar,3,2026-07-14,Delivered,Switzerland,17.31
ORD-10947,"Blanchard, Preston and Owens",CHC-01326,Coconut White Chocolate Wafer Bar,33,2026-05-05,Delivered,Mexico,139.59
ORD-10948,Floyd-Hall,CHC-00665,Single Origin Dark Chocolate Bar,47,2026-01-01,Delivered,Canada,158.39
ORD-10949,Davis-Maddox,CHC-00664,Value Pack Compound Chocolate Chips (Baking),21,2026-07-25,Delivered,Belgium,26.25
ORD-10950,"Ortiz, Nixon and Mccullough",CHC-00975,Sea Salt Caramel Chocolate Bar,80,2026-05-04,Shipped,Canada,363.2
ORD-10951,Wood Ltd,CHC-00657,Coconut White Chocolate Filled Bar,39,2025-10-15,Delivered,Netherlands,173.94
ORD-10952,James-Snyder,CHC-00709,Single Origin Dark Chocolate Filled Bar,23,2025-12-25,Delivered,China,65.78
ORD-10953,Anderson-Walker,CHC-01128,Honeycomb Milk Chocolate Gift Box,40,2026-01-09,Processing,Brazil,88.4
ORD-10954,Koch Inc,CHC-01452,Value Pack Compound Chocolate Drops,108,2025-11-09,Shipped,South Africa,214.92
ORD-10955,Hicks Group,CHC-00484,Honeycomb Milk Chocolate Drops,22,2025-12-27,Delivered,China,57.86
ORD-10956,"Fisher, Miller and Aguilar",CHC-01447,Vanilla Bean White Chocolate Drops,14,2026-06-25,Delivered,South Africa,60.76
ORD-10957,Ray-Kelly,CHC-00652,Espresso Infused Dark Chocolate Squares,29,2025-11-19,Delivered,UAE,86.13
ORD-10958,"Chang, Edwards and Shepherd",CHC-01322,Honeycomb Milk Chocolate Filled Bar,19,2026-07-20,Pending,Brazil,51.11
ORD-10959,"Smith, Lowe and Martin",CHC-00070,70% Intense Dark Chocolate Chips (Baking),52,2025-11-01,Shipped,USA,156.0
ORD-10960,Wilson-Soto,CHC-00699,Sea Salt Caramel Chocolate Wafer Bar,7,2026-07-18,Delivered,Indonesia,21.56
ORD-10961,Houston-May,CHC-00325,85% Extra Bold Dark Chocolate Filled Bar,48,2025-11-04,Delivered,Mexico,218.4
ORD-10962,"Wright, Vargas and Mack",CHC-00399,Coconut Sugar Vegan Dark Chocolate Filled Bar,33,2026-07-08,Delivered,Belgium,134.64
ORD-10963,Miranda-Turner,CHC-00291,Salted Butter Caramel Chocolate Truffle Box,19,2026-01-10,Delivered,Germany,52.63
ORD-10964,Martin-Brown,CHC-00397,Original Ruby Chocolate Chips (Baking),33,2025-10-25,Pending,USA,240.24
ORD-10965,Atkinson-Golden,CHC-00344,Espresso Infused Dark Chocolate Squares,23,2026-02-16,Delivered,United Kingdom,128.34
ORD-10966,"Williams, Prince and Larson",CHC-00473,Biscuit Milk Chocolate Squares,4,2025-12-15,Delivered,Ecuador,17.28
ORD-10967,Swanson-Nelson,CHC-00802,Single Origin Dark Chocolate Gift Box,25,2026-04-16,Delivered,UAE,127.5
ORD-10968,Yates and Sons,CHC-01141,Confectionery Grade Compound Chocolate Gift Box,24,2025-12-26,Delivered,Japan,50.4
ORD-10969,Dominguez Inc,CHC-01053,Berry Burst Ruby Chocolate Gift Box,52,2025-11-24,Delivered,United Kingdom,231.92
ORD-10970,Hall LLC,CHC-00556,Roasted Almond Chocolate Drops,59,2026-04-23,Delivered,Germany,174.05
ORD-10971,"Floyd, Young and Johnson",CHC-00698,Marzipan Style Almond Chocolate Coated Nuts,29,2026-03-10,Shipped,Mexico,135.14
ORD-10972,Michael and Sons,CHC-00132,Roasted Almond Chocolate Pralines,28,2026-07-26,Shipped,Japan,145.32
ORD-10973,Harrison Inc,CHC-01240,Classic Milk Chocolate Truffle Box,28,2026-04-19,Delivered,Switzerland,72.52
ORD-10974,"Bailey, Carter and Adkins",CHC-01075,Lemon Zest White Chocolate Filled Bar,11,2026-04-22,Pending,USA,39.71
ORD-10975,Cook-Ho,CHC-01067,85% Extra Bold Dark Chocolate Chips (Baking),194,2026-07-01,Delivered,Indonesia,1138.78
ORD-10976,Martin-Davis,CHC-01155,Confectionery Grade Compound Chocolate Chips (Baking),12,2025-12-28,Delivered,Colombia,15.12
ORD-10977,"Williams, Beltran and Anderson",CHC-00029,Praline Hazelnut Chocolate Wafer Bar,45,2026-07-27,Delivered,Colombia,231.3
ORD-10978,"Murphy, Shaw and Thomas",CHC-00214,Sea Salt Milk Chocolate Pralines,21,2025-12-31,Processing,Switzerland,84.84
ORD-10979,"Hickman, Castro and Williams",CHC-01265,Gianduja Style Hazelnut Chocolate Pralines,55,2025-12-21,Delivered,India,165.55
ORD-10980,Combs Group,CHC-00591,Bakers Classic Compound Chocolate Pralines,84,2026-07-13,Delivered,Colombia,136.08
ORD-10981,Phillips-Smith,CHC-01189,Citrus Ruby Chocolate Gift Box,158,2026-01-30,Delivered,United Kingdom,1099.68
ORD-10982,Robles-Pham,CHC-01302,Vanilla Bean White Chocolate Chips (Baking),53,2026-07-18,Shipped,Colombia,117.13
ORD-10983,Jones and Sons,CHC-00702,Gianduja Style Hazelnut Chocolate Drops,36,2025-11-03,Processing,France,168.48
ORD-10984,Bauer Group,CHC-00247,Oat Milk Blend Vegan Dark Chocolate Bar,17,2026-07-11,Delivered,Indonesia,106.08
ORD-10985,Moody-Hall,CHC-01437,Almond Crunch Chocolate Pralines,17,2026-03-11,Shipped,Brazil,84.49
ORD-10986,Summers Group,CHC-00574,Coconut White Chocolate Drops,24,2026-04-29,Shipped,Indonesia,90.48
ORD-10987,"Graham, Smith and Mahoney",CHC-01189,Citrus Ruby Chocolate Gift Box,3,2026-03-27,Delivered,United Kingdom,20.88
ORD-10988,Rodriguez Ltd,CHC-00336,Salted Butter Caramel Chocolate Chips (Baking),88,2026-02-28,Processing,Italy,353.76
ORD-10989,Allen-Green,CHC-00073,Classic Milk Chocolate Gift Box,43,2026-03-10,Processing,India,128.14
ORD-10990,Boyd-Rivera,CHC-00924,Tropical Mix Fruit & Nut Chocolate Wafer Bar,43,2026-04-20,Processing,India,180.6
ORD-10991,Johnson Ltd,CHC-00666,Soft Caramel Core Chocolate Chips (Baking),50,2025-12-03,Shipped,Cote d'Ivoire,219.0
ORD-10992,Walker LLC,CHC-00425,Almond Crunch Chocolate Chips (Baking),9,2026-03-06,Processing,Canada,35.01
ORD-10993,Bowman Ltd,CHC-00970,Single Origin Dark Chocolate Wafer Bar,29,2026-01-28,Processing,Ecuador,166.75
ORD-10994,Mendez-Winters,CHC-00030,Citrus Ruby Chocolate Truffle Box,43,2026-06-11,Delivered,USA,306.16
ORD-10995,Andersen Ltd,CHC-00155,Coconut Sugar Vegan Dark Chocolate Chips (Baking),22,2025-10-31,Delivered,France,106.7
ORD-10996,Anderson-Brown,CHC-01433,Sea Salt Milk Chocolate Chips (Baking),49,2026-04-22,Delivered,Belgium,211.19
ORD-10997,Wise-Wilcox,CHC-00874,Espresso Infused Dark Chocolate Filled Bar,63,2026-04-08,Pending,Germany,301.77
ORD-10998,"Maldonado, Miles and Trujillo",CHC-00321,Stevia Sweetened Sugar-Free Chocolate Chips (Baking),12,2026-05-03,Pending,India,46.92
ORD-10999,Stewart-Griffith,CHC-01109,Soft Caramel Core Chocolate Truffle Box,104,2025-12-31,Delivered,Japan,443.04
ORD-11000,Hampton LLC,CHC-00608,Tropical Mix Fruit & Nut Chocolate Drops,14,2025-10-18,Pending,Australia,46.48
ORD-11001,Carter LLC,CHC-00017,Coconut Sugar Vegan Dark Chocolate Squares,71,2026-04-08,Shipped,USA,450.85
ORD-11002,"Young, Thompson and Soto",CHC-00199,Praline Hazelnut Chocolate Wafer Bar,91,2026-01-12,Processing,France,508.69
ORD-11003,Murray and Sons,CHC-01124,Salted Butter Caramel Chocolate Squares,25,2025-10-29,Pending,United Kingdom,112.5
ORD-11004,Wilson-Hunter,CHC-00409,Soft Caramel Core Chocolate Bar,22,2026-04-17,Processing,Ghana,60.28
ORD-11005,"Kane, Jennings and Alvarez",CHC-00077,70% Intense Dark Chocolate Wafer Bar,133,2026-02-21,Delivered,Indonesia,796.67
ORD-11006,Rowe-Rodriguez,CHC-00735,Raspberry Swirl White Chocolate Squares,27,2025-12-02,Delivered,Cote d'Ivoire,80.19
ORD-11007,Hanson Group,CHC-00583,Original Ruby Chocolate Chips (Baking),12,2025-10-17,Processing,Netherlands,86.76
ORD-11008,Jones-Lara,CHC-01297,Sea Salt Milk Chocolate Pralines,49,2025-12-07,Delivered,Canada,122.99
ORD-11009,"Walker, Flores and Woods",CHC-01201,85% Extra Bold Dark Chocolate Gift Box,178,2026-05-19,Delivered,Belgium,824.14
ORD-11010,"Barnes, Thornton and Nichols",CHC-01492,Bakers Classic Compound Chocolate Filled Bar,12,2026-08-03,Delivered,Ecuador,20.52
ORD-11011,"Peck, Montgomery and Garcia",CHC-00108,Single Origin Dark Chocolate Gift Box,50,2026-07-06,Processing,China,183.0
ORD-11012,Miller-Nielsen,CHC-01198,85% Extra Bold Dark Chocolate Filled Bar,15,2026-03-03,Pending,Mexico,57.6
ORD-11013,Johnson PLC,CHC-01110,Honeycomb Milk Chocolate Squares,51,2026-02-27,Shipped,Japan,166.26
ORD-11014,Brown Ltd,CHC-01167,Bakers Classic Compound Chocolate Coated Nuts,24,2026-03-25,Pending,France,43.92
ORD-11015,"Johnson, Sandoval and Phelps",CHC-00428,Whole Hazelnut Chocolate Wafer Bar,23,2025-12-20,Processing,Switzerland,132.71
ORD-11016,"Townsend, Kim and Miller",CHC-00851,Single Origin Dark Chocolate Truffle Box,12,2025-10-27,Pending,Mexico,30.48
ORD-11017,Terry-Baldwin,CHC-00084,Roasted Almond Chocolate Squares,19,2026-04-21,Processing,Brazil,97.66
ORD-11018,"Williams, Roberts and Tate",CHC-00144,Roasted Almond Chocolate Pralines,26,2026-05-25,Delivered,Ghana,102.96
ORD-11019,Moreno Ltd,CHC-00744,Organic Raw Cacao Chocolate Coated Nuts,6,2026-07-30,Delivered,Cote d'Ivoire,44.1
ORD-11020,Stewart PLC,CHC-00269,Organic Fair-Trade Chocolate Drops,8,2025-12-21,Delivered,Germany,45.04
ORD-11021,"Whitaker, Jackson and Thompson",CHC-00488,Stevia Sweetened Sugar-Free Chocolate Gift Box,41,2026-05-06,Shipped,China,132.84
ORD-11022,Zimmerman-Cox,CHC-00270,Roasted Almond Chocolate Bar,21,2026-02-23,Shipped,India,64.47
ORD-11023,Ellis PLC,CHC-01050,Lemon Zest White Chocolate Gift Box,15,2025-12-15,Processing,Brazil,60.3
ORD-11024,Davis Ltd,CHC-00707,Classic Milk Chocolate Bar,22,2026-07-05,Delivered,Canada,82.06
ORD-11025,"Strong, Kennedy and Huber",CHC-00679,Berry Burst Ruby Chocolate Wafer Bar,33,2026-04-17,Delivered,Australia,241.23
ORD-11026,"Cochran, Blake and Long",CHC-01320,Organic Raw Cacao Chocolate Coated Nuts,72,2025-10-28,Shipped,France,396.0
ORD-11027,Gross and Sons,CHC-01348,Sea Salt Milk Chocolate Pralines,13,2025-12-22,Processing,Italy,29.38
ORD-11028,"Lee, Mullen and Rodriguez",CHC-00339,Biscuit Milk Chocolate Bar,12,2025-10-30,Processing,China,50.04
ORD-11029,"Morgan, Wright and Scott",CHC-01129,Vanilla Bean White Chocolate Truffle Box,12,2025-11-24,Processing,Australia,27.72
ORD-11030,Olsen-Dominguez,CHC-00393,Raisin & Almond Fruit & Nut Chocolate Gift Box,108,2025-10-26,Processing,France,347.76
ORD-11031,"Morris, Thompson and Garner",CHC-00439,Soft Caramel Core Chocolate Coated Nuts,12,2026-01-17,Processing,China,51.0
ORD-11032,Fleming-Keller,CHC-01108,85% Extra Bold Dark Chocolate Chips (Baking),41,2026-02-07,Processing,Germany,121.77
ORD-11033,Underwood and Sons,CHC-00592,Honeycomb Milk Chocolate Drops,97,2026-03-23,Processing,Switzerland,288.09
ORD-11034,"Cooper, Cobb and King",CHC-00193,Lemon Zest White Chocolate Gift Box,9,2026-05-17,Delivered,France,37.89
ORD-11035,Lam LLC,CHC-00795,Organic Single Origin Chocolate Coated Nuts,16,2026-03-01,Processing,Mexico,102.4
ORD-11036,Allison LLC,CHC-00769,Roasted Almond Chocolate Pralines,143,2025-11-21,Delivered,Japan,510.51
ORD-11037,Turner-Williamson,CHC-00101,Biscuit Milk Chocolate Gift Box,66,2026-06-18,Processing,Belgium,285.78
ORD-11038,Gray-Rodriguez,CHC-00598,Confectionery Grade Compound Chocolate Bar,18,2025-12-09,Delivered,Ecuador,30.96
ORD-11039,Smith Ltd,CHC-00024,Coconut White Chocolate Truffle Box,77,2026-04-17,Delivered,UAE,326.48
ORD-11040,Avila-Carrillo,CHC-00547,Original Ruby Chocolate Chips (Baking),30,2026-05-15,Shipped,Brazil,210.9
ORD-11041,"Campos, Sanchez and Gillespie",CHC-00018,Praline Hazelnut Chocolate Pralines,28,2026-06-10,Shipped,UAE,92.4
ORD-11042,Ewing Ltd,CHC-00516,Biscuit Milk Chocolate Coated Nuts,25,2026-05-24,Shipped,Peru,98.75
ORD-11043,Fischer LLC,CHC-01011,Organic Fair-Trade Chocolate Pralines,130,2026-07-11,Pending,Belgium,851.5
ORD-11044,Wagner-Nguyen,CHC-00335,Soft Caramel Core Chocolate Drops,20,2026-05-08,Shipped,Switzerland,87.4
ORD-11045,Franco-Anderson,CHC-00604,Roasted Almond Chocolate Chips (Baking),14,2026-02-24,Delivered,Switzerland,49.7
ORD-11046,"Reeves, Lambert and Brown",CHC-00122,Single Origin Dark Chocolate Truffle Box,103,2025-12-03,Processing,Belgium,537.66
ORD-11047,Abbott and Sons,CHC-01401,Berry Burst Ruby Chocolate Wafer Bar,26,2025-12-28,Shipped,Belgium,178.1
ORD-11048,"Marks, Daniels and Bartlett",CHC-00645,85% Extra Bold Dark Chocolate Filled Bar,10,2026-06-26,Processing,Indonesia,51.9
ORD-11049,"Krause, Shah and Harrison",CHC-00564,Sea Salt Milk Chocolate Coated Nuts,32,2026-03-15,Delivered,Germany,79.68
ORD-11050,Casey-Kane,CHC-00028,Raspberry Swirl White Chocolate Gift Box,25,2026-01-07,Processing,France,64.25
ORD-11051,Blair LLC,CHC-00498,Original Ruby Chocolate Chips (Baking),112,2025-10-30,Delivered,Indonesia,713.44
ORD-11052,Brown Inc,CHC-01171,Espresso Infused Dark Chocolate Filled Bar,131,2026-06-12,Delivered,Cote d'Ivoire,719.19
ORD-11053,Tanner-Leach,CHC-00869,Sea Salt Caramel Chocolate Truffle Box,67,2026-07-07,Processing,South Africa,197.65
ORD-11054,Perez Inc,CHC-00646,Biscuit Milk Chocolate Gift Box,45,2026-06-23,Delivered,USA,95.85
ORD-11055,"Jones, Figueroa and Gonzalez",CHC-00831,Citrus Ruby Chocolate Bar,33,2026-01-13,Delivered,Switzerland,247.5
ORD-11056,Bowman-Collins,CHC-00203,70% Intense Dark Chocolate Drops,11,2026-01-14,Pending,Belgium,31.9
ORD-11057,Finley-Collins,CHC-00562,70% Intense Dark Chocolate Squares,27,2026-05-12,Pending,Cote d'Ivoire,150.66
ORD-11058,"Eaton, Ray and Flores",CHC-00007,Almond Crunch Chocolate Pralines,13,2026-06-22,Processing,Australia,66.3
ORD-11059,Gross-Collins,CHC-01251,Biscuit Milk Chocolate Drops,51,2025-11-09,Processing,India,166.77
ORD-11060,Berry-Rodriguez,CHC-01075,Lemon Zest White Chocolate Filled Bar,33,2026-05-17,Shipped,USA,119.13
ORD-11061,"Cuevas, Kemp and Jones",CHC-00849,85% Extra Bold Dark Chocolate Filled Bar,39,2026-05-07,Delivered,Cote d'Ivoire,146.64
ORD-11062,Butler-Gilmore,CHC-00350,Tropical Mix Fruit & Nut Chocolate Drops,31,2026-03-16,Shipped,France,149.73
ORD-11063,"Perez, Clark and Daniels",CHC-00939,70% Intense Dark Chocolate Drops,27,2026-04-11,Processing,Mexico,123.12
ORD-11064,"Dominguez, Martinez and Rocha",CHC-00838,Whole Hazelnut Chocolate Filled Bar,55,2026-04-30,Delivered,UAE,275.0
ORD-11065,Murray PLC,CHC-01110,Honeycomb Milk Chocolate Squares,62,2025-10-17,Delivered,Japan,202.12
ORD-11066,Johnson-Anderson,CHC-01026,Raspberry Swirl White Chocolate Pralines,87,2026-05-03,Shipped,United Kingdom,217.5
ORD-11067,White LLC,CHC-00492,Biscuit Milk Chocolate Coated Nuts,8,2026-01-09,Delivered,Switzerland,27.04
ORD-11068,"Mccormick, Kelly and Walker",CHC-00712,Roasted Almond Chocolate Chips (Baking),174,2026-02-17,Delivered,Mexico,906.54
ORD-11069,"Munoz, Brown and Richardson",CHC-00948,Almond Crunch Chocolate Gift Box,21,2025-12-30,Pending,Netherlands,63.84
ORD-11070,"Hamilton, James and Mckinney",CHC-00776,70% Intense Dark Chocolate Chips (Baking),30,2025-11-18,Processing,Peru,107.1
ORD-11071,Harris-Turner,CHC-00203,70% Intense Dark Chocolate Drops,19,2025-12-15,Shipped,Belgium,55.1
ORD-11072,Robertson-Compton,CHC-00321,Stevia Sweetened Sugar-Free Chocolate Chips (Baking),88,2025-11-23,Delivered,India,344.08
ORD-11073,Payne-Mason,CHC-00125,Whole Hazelnut Chocolate Gift Box,26,2026-07-26,Processing,USA,123.76
ORD-11074,"Savage, Jacobs and Gray",CHC-00131,Coconut White Chocolate Drops,21,2026-07-07,Delivered,Canada,56.28
ORD-11075,"Yoder, Martin and Smith",CHC-00384,Bakers Classic Compound Chocolate Gift Box,12,2026-03-20,Shipped,Japan,17.28
ORD-11076,"Arnold, Malone and Oneill",CHC-00538,Sea Salt Milk Chocolate Truffle Box,41,2026-05-28,Pending,Germany,174.66
ORD-11077,Brown-Brown,CHC-00125,Whole Hazelnut Chocolate Gift Box,25,2026-06-08,Delivered,USA,119.0
ORD-11078,"Johnson, Shaw and Roach",CHC-00384,Bakers Classic Compound Chocolate Gift Box,82,2026-03-09,Delivered,Japan,118.08
ORD-11079,"Friedman, Dixon and Cantu",CHC-00533,Gianduja Style Hazelnut Chocolate Pralines,24,2026-04-08,Pending,USA,110.4
ORD-11080,"Lewis, Hernandez and Gonzales",CHC-00512,Sea Salt Milk Chocolate Squares,157,2026-02-17,Delivered,Japan,541.65
ORD-11081,Coleman PLC,CHC-00723,Salted Butter Caramel Chocolate Bar,38,2025-12-18,Delivered,Belgium,125.4
ORD-11082,"Green, Hill and Fisher",CHC-00811,Berry Burst Ruby Chocolate Coated Nuts,15,2026-04-19,Pending,Indonesia,106.65
ORD-11083,"Fuller, Brown and Ayala",CHC-00009,Confectionery Grade Compound Chocolate Drops,26,2025-11-29,Delivered,Germany,40.82
ORD-11084,Leach-Martin,CHC-00662,Espresso Infused Dark Chocolate Drops,30,2026-03-08,Shipped,Cote d'Ivoire,86.4
ORD-11085,Ryan and Sons,CHC-01418,Coconut White Chocolate Pralines,29,2026-03-11,Shipped,Canada,99.47
ORD-11086,"Short, Hall and Thompson",CHC-01065,Vanilla Bean White Chocolate Gift Box,17,2026-05-04,Delivered,USA,48.96
ORD-11087,Cherry Ltd,CHC-00995,70% Intense Dark Chocolate Squares,19,2026-01-16,Delivered,China,49.59
ORD-11088,"Rodriguez, Ford and Wheeler",CHC-01139,Coconut White Chocolate Filled Bar,38,2026-02-03,Delivered,USA,114.76
ORD-11089,Nelson Group,CHC-00678,Espresso Infused Dark Chocolate Squares,6,2026-03-19,Delivered,Switzerland,24.12
ORD-11090,"Williams, Raymond and Ramos",CHC-00498,Original Ruby Chocolate Chips (Baking),5,2026-03-27,Delivered,Indonesia,31.85
ORD-11091,Oneill PLC,CHC-00447,Espresso Infused Dark Chocolate Gift Box,20,2026-01-04,Pending,Australia,106.2
ORD-11092,"Perry, Flores and Jackson",CHC-00798,Marzipan Style Almond Chocolate Truffle Box,41,2026-01-29,Delivered,Italy,168.92
ORD-11093,Bright LLC,CHC-00460,70% Intense Dark Chocolate Filled Bar,94,2025-10-15,Delivered,USA,582.8
ORD-11094,Wang-Sanchez,CHC-00359,Plant-Based Classic Vegan Dark Chocolate Bar,12,2026-07-02,Delivered,Netherlands,48.72
ORD-11095,Perez Group,CHC-00030,Citrus Ruby Chocolate Truffle Box,22,2025-11-12,Pending,USA,156.64
ORD-11096,Montgomery-Turner,CHC-01347,Cranberry Walnut Fruit & Nut Chocolate Bar,73,2025-11-12,Delivered,Netherlands,343.1
ORD-11097,Reid Group,CHC-00507,Single Origin Dark Chocolate Chips (Baking),35,2025-11-11,Delivered,Ghana,141.05
ORD-11098,Thomas PLC,CHC-00437,Biscuit Milk Chocolate Truffle Box,52,2026-03-28,Delivered,USA,140.4
ORD-11099,Martinez-Phillips,CHC-00844,85% Extra Bold Dark Chocolate Drops,29,2026-03-16,Pending,Peru,129.63
ORD-11100,Castillo-Gonzales,CHC-00311,Classic Sugar-Free Chocolate Filled Bar,39,2026-02-03,Shipped,Japan,131.04
ORD-11101,"Tucker, Duffy and Ruiz",CHC-00708,Value Pack Compound Chocolate Wafer Bar,47,2026-02-17,Processing,Brazil,84.6
ORD-11102,Ruiz PLC,CHC-01249,Gianduja Style Hazelnut Chocolate Drops,46,2026-08-01,Delivered,Cote d'Ivoire,201.48
ORD-11103,Porter and Sons,CHC-00538,Sea Salt Milk Chocolate Truffle Box,35,2025-11-22,Pending,Germany,149.1
ORD-11104,Bell Group,CHC-00740,Value Pack Compound Chocolate Chips (Baking),7,2026-05-12,Delivered,Germany,10.08
ORD-11105,Powell LLC,CHC-01113,Organic Fair-Trade Chocolate Chips (Baking),48,2025-12-19,Shipped,Japan,231.36
ORD-11106,"Coleman, Bell and Vazquez",CHC-00874,Espresso Infused Dark Chocolate Filled Bar,38,2025-11-07,Shipped,Germany,182.02
ORD-11107,Brewer-Marshall,CHC-00295,70% Intense Dark Chocolate Bar,16,2026-01-12,Delivered,India,49.12
ORD-11108,"Kelley, Williams and Mueller",CHC-01000,Citrus Ruby Chocolate Filled Bar,14,2026-05-12,Delivered,Germany,66.36
ORD-11109,Gomez-Soto,CHC-01273,Sea Salt Milk Chocolate Gift Box,240,2026-07-26,Pending,Indonesia,787.2
ORD-11110,"Morales, Reynolds and Evans",CHC-01098,Classic Sugar-Free Chocolate Chips (Baking),37,2026-04-22,Processing,Switzerland,140.6
ORD-11111,"Delgado, Francis and Smith",CHC-00047,Espresso Infused Dark Chocolate Bar,16,2025-11-21,Pending,Cote d'Ivoire,85.12
ORD-11112,"Thomas, Diaz and York",CHC-01374,Marzipan Style Almond Chocolate Wafer Bar,57,2026-05-25,Pending,Germany,175.56
ORD-11113,Lawrence-Byrd,CHC-01237,Organic Raw Cacao Chocolate Truffle Box,25,2026-05-15,Delivered,China,165.75
ORD-11114,Owen-Moore,CHC-00384,Bakers Classic Compound Chocolate Gift Box,48,2026-05-01,Delivered,Japan,69.12
ORD-11115,"Powell, White and Wilson",CHC-01351,Espresso Infused Dark Chocolate Drops,36,2025-12-17,Shipped,Switzerland,90.36
ORD-11116,Jensen Group,CHC-01322,Honeycomb Milk Chocolate Filled Bar,143,2026-01-25,Delivered,Brazil,384.67
ORD-11117,Simpson-Cox,CHC-00022,Classic Milk Chocolate Truffle Box,37,2026-06-18,Pending,Switzerland,131.35
ORD-11118,Bailey PLC,CHC-00700,Classic Sugar-Free Chocolate Wafer Bar,12,2025-11-23,Delivered,Mexico,39.72
ORD-11119,Fowler-Woods,CHC-01490,Confectionery Grade Compound Chocolate Truffle Box,27,2025-11-24,Processing,Mexico,37.8
ORD-11120,Scott-Lynch,CHC-00243,Coconut Sugar Vegan Dark Chocolate Coated Nuts,36,2025-12-03,Shipped,Indonesia,146.16
ORD-11121,"Hartman, Green and Wood",CHC-00518,Single Origin Dark Chocolate Squares,75,2025-10-29,Shipped,Indonesia,355.5
ORD-11122,Jones-Cochran,CHC-00463,Praline Hazelnut Chocolate Coated Nuts,72,2026-07-18,Shipped,Brazil,282.96
ORD-11123,"Ryan, Hill and Cook",CHC-01231,Citrus Ruby Chocolate Drops,16,2025-11-23,Processing,Mexico,121.28
ORD-11124,Martin-Vaughn,CHC-01225,Marzipan Style Almond Chocolate Drops,43,2026-01-19,Pending,Switzerland,120.4
ORD-11125,Jones and Sons,CHC-00775,Sea Salt Caramel Chocolate Chips (Baking),56,2026-03-12,Processing,Brazil,240.24
ORD-11126,Doyle and Sons,CHC-00556,Roasted Almond Chocolate Drops,23,2026-06-06,Pending,Germany,67.85
ORD-11127,Collins and Sons,CHC-00564,Sea Salt Milk Chocolate Coated Nuts,39,2025-11-24,Processing,Germany,97.11
ORD-11128,Kim Inc,CHC-01314,Lemon Zest White Chocolate Bar,95,2025-12-25,Processing,Netherlands,354.35
ORD-11129,"Maddox, Meadows and Rodriguez",CHC-00619,Espresso Infused Dark Chocolate Coated Nuts,31,2026-01-06,Delivered,USA,137.95
ORD-11130,Pierce Inc,CHC-00852,Biscuit Milk Chocolate Truffle Box,69,2026-07-09,Pending,Cote d'Ivoire,256.68
ORD-11131,Hamilton and Sons,CHC-01369,Classic Milk Chocolate Drops,42,2026-07-10,Processing,India,180.18
ORD-11132,Adkins Ltd,CHC-01151,Almond Crunch Chocolate Squares,17,2026-05-16,Pending,Ghana,91.12
ORD-11133,Henderson-Soto,CHC-00671,Honeycomb Milk Chocolate Squares,101,2026-04-23,Pending,Switzerland,319.16
ORD-11134,"Molina, Harper and Davila",CHC-00791,Single Origin Dark Chocolate Bar,24,2025-10-11,Delivered,United Kingdom,111.84
ORD-11135,Miller and Sons,CHC-00259,85% Extra Bold Dark Chocolate Filled Bar,26,2026-02-10,Shipped,USA,105.82
ORD-11136,Williams LLC,CHC-00678,Espresso Infused Dark Chocolate Squares,4,2026-05-09,Delivered,Switzerland,16.08
ORD-11137,"Benson, Jackson and Ford",CHC-00879,Biscuit Milk Chocolate Pralines,44,2026-01-17,Delivered,Belgium,95.92
ORD-11138,White PLC,CHC-00668,85% Extra Bold Dark Chocolate Chips (Baking),20,2025-11-24,Delivered,Cote d'Ivoire,76.6
ORD-11139,Chambers-Montes,CHC-00087,Sea Salt Caramel Chocolate Drops,17,2026-06-27,Delivered,UAE,63.92
ORD-11140,Martinez-Vincent,CHC-01005,85% Extra Bold Dark Chocolate Filled Bar,14,2025-12-30,Delivered,Mexico,58.1
ORD-11141,Myers-King,CHC-00033,Single Origin Dark Chocolate Coated Nuts,227,2026-05-07,Delivered,China,1003.34
ORD-11142,Webb Inc,CHC-00187,Roasted Almond Chocolate Drops,99,2026-01-24,Delivered,Mexico,410.85
ORD-11143,"Mccarthy, Thompson and White",CHC-01233,Cranberry Walnut Fruit & Nut Chocolate Chips (Baking),17,2026-07-06,Processing,United Kingdom,68.68
ORD-11144,Leon Ltd,CHC-00991,Espresso Infused Dark Chocolate Filled Bar,114,2025-12-05,Delivered,Colombia,572.28
ORD-11145,"Rios, Griffin and Dean",CHC-00567,Roasted Almond Chocolate Squares,11,2025-12-04,Delivered,Germany,51.37
ORD-11146,Logan PLC,CHC-00338,Marzipan Style Almond Chocolate Bar,223,2026-03-01,Delivered,Colombia,755.97
ORD-11147,"Smith, Gonzales and Johnson",CHC-00539,Salted Butter Caramel Chocolate Filled Bar,64,2026-02-25,Processing,France,203.52
ORD-11148,"Rogers, Foster and Harding",CHC-00331,70% Intense Dark Chocolate Drops,162,2026-03-09,Delivered,Belgium,1051.38
ORD-11149,Melendez PLC,CHC-01002,Stevia Sweetened Sugar-Free Chocolate Pralines,38,2026-03-12,Processing,Switzerland,126.54
ORD-11150,"Thomas, Thompson and Reyes",CHC-01341,Almond Crunch Chocolate Pralines,17,2025-11-20,Shipped,China,87.55
ORD-11151,"Lucas, Mason and Livingston",CHC-00372,Tropical Mix Fruit & Nut Chocolate Truffle Box,39,2026-04-15,Shipped,Indonesia,116.61
ORD-11152,"Robertson, Smith and Yates",CHC-01302,Vanilla Bean White Chocolate Chips (Baking),50,2025-11-22,Shipped,Colombia,110.5
ORD-11153,Thornton-Lopez,CHC-00577,Tropical Mix Fruit & Nut Chocolate Bar,27,2026-07-28,Shipped,Germany,96.39
ORD-11154,Chandler-Ortiz,CHC-00987,Gianduja Style Hazelnut Chocolate Bar,25,2026-03-25,Delivered,Germany,105.0
ORD-11155,Moses-Hickman,CHC-00263,Roasted Almond Chocolate Coated Nuts,89,2026-03-09,Shipped,Netherlands,340.87
ORD-11156,"Martin, Jacobson and Lee",CHC-00825,85% Extra Bold Dark Chocolate Gift Box,22,2026-02-11,Processing,Canada,104.94
ORD-11157,Sparks PLC,CHC-01303,Almond Crunch Chocolate Gift Box,71,2026-03-17,Delivered,France,355.0
ORD-11158,Ewing Ltd,CHC-00514,Classic Milk Chocolate Filled Bar,17,2025-11-02,Delivered,Indonesia,68.17
ORD-11159,Flores-Todd,CHC-00080,Honeycomb Milk Chocolate Bar,11,2026-04-07,Processing,Brazil,36.41
ORD-11160,Owen-Rogers,CHC-01253,Citrus Ruby Chocolate Coated Nuts,19,2026-01-04,Processing,China,116.09
ORD-11161,"Mathews, Burns and Hill",CHC-01412,Organic Single Origin Chocolate Pralines,32,2025-11-28,Delivered,France,202.24
ORD-11162,Vasquez Inc,CHC-00486,85% Extra Bold Dark Chocolate Drops,2,2026-05-17,Pending,Italy,12.58
ORD-11163,Patterson Inc,CHC-00037,Value Pack Compound Chocolate Gift Box,11,2026-08-02,Delivered,Peru,24.64
ORD-11164,"Perry, Carter and Romero",CHC-01378,Whole Hazelnut Chocolate Squares,37,2025-12-24,Shipped,Switzerland,221.26
ORD-11165,"Mahoney, Miller and Waters",CHC-00455,Coconut White Chocolate Filled Bar,21,2026-05-28,Processing,USA,47.46
ORD-11166,Bennett Inc,CHC-01151,Almond Crunch Chocolate Squares,62,2025-10-23,Delivered,Ghana,332.32
ORD-11167,"Savage, Ramos and Barber",CHC-00098,Oat Milk Blend Vegan Dark Chocolate Pralines,42,2025-12-04,Shipped,USA,285.6
ORD-11168,Miller-Cole,CHC-00528,Single Origin Dark Chocolate Chips (Baking),41,2026-01-26,Shipped,Brazil,221.81
ORD-11169,Davis-Snyder,CHC-01398,Sea Salt Milk Chocolate Coated Nuts,25,2026-01-30,Delivered,India,59.0
ORD-11170,"Evans, Brown and Scott",CHC-00576,Single Origin Dark Chocolate Truffle Box,102,2026-07-13,Pending,USA,287.64
ORD-11171,Harris-Romero,CHC-00139,Coconut White Chocolate Wafer Bar,5,2026-05-17,Delivered,UAE,22.35
ORD-11172,"Cuevas, Simmons and Armstrong",CHC-01326,Coconut White Chocolate Wafer Bar,45,2025-11-29,Shipped,Mexico,190.35
ORD-11173,"Blake, Bryant and Boyer",CHC-00409,Soft Caramel Core Chocolate Bar,15,2026-07-30,Delivered,Ghana,41.1
ORD-11174,Vega-Terry,CHC-01319,Raspberry Swirl White Chocolate Gift Box,31,2026-04-25,Processing,Canada,124.62
ORD-11175,Williams and Sons,CHC-01152,Honeycomb Milk Chocolate Bar,76,2026-07-22,Delivered,Japan,289.56
ORD-11176,"Phillips, Guzman and Hancock",CHC-01048,Cranberry Walnut Fruit & Nut Chocolate Gift Box,71,2026-03-31,Shipped,Italy,379.85
ORD-11177,"Yang, Anderson and Walsh",CHC-00908,Espresso Infused Dark Chocolate Bar,17,2025-12-08,Delivered,Netherlands,102.85
ORD-11178,Hodge-Green,CHC-00089,Marzipan Style Almond Chocolate Drops,31,2025-12-21,Processing,Switzerland,103.85
ORD-11179,"Johnson, Woods and Miller",CHC-01078,Original Ruby Chocolate Truffle Box,21,2026-04-17,Processing,Cote d'Ivoire,151.41
ORD-11180,Lewis PLC,CHC-01397,85% Extra Bold Dark Chocolate Filled Bar,18,2026-05-28,Processing,France,64.98
ORD-11181,Liu-Miller,CHC-00218,70% Intense Dark Chocolate Truffle Box,14,2026-04-01,Shipped,Peru,46.9
ORD-11182,Cooper-Cantu,CHC-00853,Single Origin Dark Chocolate Truffle Box,35,2026-03-25,Delivered,France,89.25
ORD-11183,Frye Ltd,CHC-00117,Sea Salt Caramel Chocolate Filled Bar,22,2025-12-09,Processing,Indonesia,86.68
ORD-11184,Newman PLC,CHC-00422,Biscuit Milk Chocolate Squares,16,2025-12-16,Delivered,France,33.12
ORD-11185,Rogers-Martin,CHC-00984,Plant-Based Classic Vegan Dark Chocolate Drops,53,2026-04-06,Shipped,Netherlands,343.44
ORD-11186,Wells and Sons,CHC-00274,Classic Sugar-Free Chocolate Wafer Bar,26,2026-03-28,Pending,Indonesia,85.54
ORD-11187,Green-Brown,CHC-01243,Diabetic Friendly Sugar-Free Chocolate Squares,58,2026-02-01,Processing,Peru,303.34
ORD-11188,Knox PLC,CHC-00814,Honeycomb Milk Chocolate Truffle Box,10,2026-01-27,Delivered,Belgium,32.1
ORD-11189,Maddox-Wise,CHC-00803,Oat Milk Blend Vegan Dark Chocolate Coated Nuts,2,2026-04-15,Processing,India,12.92
ORD-11190,"Reyes, Weber and Faulkner",CHC-00134,Whole Hazelnut Chocolate Pralines,23,2026-01-18,Delivered,Peru,69.92
ORD-11191,Garcia Group,CHC-01260,Single Origin Dark Chocolate Bar,13,2026-06-19,Delivered,Indonesia,56.81
ORD-11192,Fleming-Garner,CHC-00293,Coconut White Chocolate Squares,292,2025-12-22,Delivered,Germany,759.2
ORD-11193,Delgado Group,CHC-01400,Tropical Mix Fruit & Nut Chocolate Drops,37,2026-06-30,Shipped,Germany,142.08
ORD-11194,"Hayden, Leblanc and Martin",CHC-00545,Sea Salt Caramel Chocolate Bar,36,2026-04-01,Pending,Belgium,96.84
ORD-11195,"Wilson, Flores and Preston",CHC-01486,Classic Sugar-Free Chocolate Bar,218,2025-11-25,Delivered,Canada,688.88
ORD-11196,Nolan Group,CHC-00563,Sea Salt Milk Chocolate Drops,47,2025-11-08,Delivered,USA,134.89
ORD-11197,Fitzpatrick-Hart,CHC-01415,Classic Sugar-Free Chocolate Drops,36,2025-12-17,Delivered,South Africa,169.92
ORD-11198,Spencer PLC,CHC-00456,85% Extra Bold Dark Chocolate Bar,5,2026-03-07,Delivered,Mexico,26.85
ORD-11199,Martin-Mercado,CHC-00277,Espresso Infused Dark Chocolate Truffle Box,69,2026-03-06,Shipped,Colombia,375.36
ORD-11200,James-Rodriguez,CHC-00021,Espresso Infused Dark Chocolate Wafer Bar,11,2026-02-13,Pending,Japan,66.22
ORD-11201,Jimenez LLC,CHC-00574,Coconut White Chocolate Drops,47,2026-03-24,Processing,Indonesia,177.19
ORD-11202,Cruz-Kelley,CHC-00284,Sea Salt Milk Chocolate Truffle Box,18,2026-01-13,Delivered,Japan,51.66
ORD-11203,Townsend-Stewart,CHC-01412,Organic Single Origin Chocolate Pralines,81,2026-05-16,Pending,France,511.92
ORD-11204,Martinez-Mitchell,CHC-00595,Single Origin Dark Chocolate Gift Box,77,2026-01-24,Processing,Germany,483.56
ORD-11205,"Wood, Strickland and Hurley",CHC-00169,Diabetic Friendly Sugar-Free Chocolate Bar,81,2026-02-03,Delivered,Switzerland,419.58
ORD-11206,"Cox, Avery and Walters",CHC-00880,Single Origin Dark Chocolate Squares,25,2025-12-29,Shipped,Switzerland,131.5
ORD-11207,"Rubio, Ortega and Thompson",CHC-00740,Value Pack Compound Chocolate Chips (Baking),15,2026-07-31,Delivered,Germany,21.6
ORD-11208,Jacobs LLC,CHC-00011,Biscuit Milk Chocolate Bar,97,2026-04-12,Shipped,France,283.24
ORD-11209,Costa-Sanchez,CHC-01081,Raspberry Swirl White Chocolate Pralines,51,2025-11-04,Shipped,South Africa,134.64
ORD-11210,"Brown, Smith and Tran",CHC-00251,Raisin & Almond Fruit & Nut Chocolate Bar,29,2025-11-09,Delivered,Australia,128.18
ORD-11211,Robertson Ltd,CHC-01400,Tropical Mix Fruit & Nut Chocolate Drops,87,2026-03-08,Delivered,Germany,334.08
ORD-11212,Mullins and Sons,CHC-01385,Classic Milk Chocolate Squares,46,2026-02-04,Delivered,Ghana,194.58
ORD-11213,"Rodriguez, Mitchell and Garcia",CHC-01406,Oat Milk Blend Vegan Dark Chocolate Truffle Box,55,2026-04-07,Processing,Australia,289.3
ORD-11214,Gregory Ltd,CHC-00392,Confectionery Grade Compound Chocolate Coated Nuts,14,2026-05-12,Pending,Canada,29.4
ORD-11215,"Smith, Williams and Simmons",CHC-00305,Confectionery Grade Compound Chocolate Coated Nuts,17,2025-11-15,Shipped,Netherlands,38.93
ORD-11216,Edwards-Carroll,CHC-00530,Cranberry Walnut Fruit & Nut Chocolate Chips (Baking),26,2026-01-04,Processing,Belgium,76.96
ORD-11217,Robertson LLC,CHC-01100,Coconut White Chocolate Wafer Bar,76,2026-04-06,Processing,Colombia,243.2
ORD-11218,"Lawrence, Holloway and Smith",CHC-00500,Oat Milk Blend Vegan Dark Chocolate Filled Bar,126,2026-02-08,Processing,Switzerland,694.26
ORD-11219,Mcneil and Sons,CHC-01331,Single Origin Dark Chocolate Drops,12,2026-03-21,Shipped,Peru,56.04
ORD-11220,Clark Inc,CHC-00084,Roasted Almond Chocolate Squares,20,2026-03-23,Delivered,Brazil,102.8
ORD-11221,Richards-Singh,CHC-01423,Honeycomb Milk Chocolate Gift Box,106,2026-01-24,Delivered,Japan,219.42
ORD-11222,Leonard-Cruz,CHC-01007,Cranberry Walnut Fruit & Nut Chocolate Gift Box,54,2025-11-15,Processing,Japan,241.92
ORD-11223,"Johnson, Carlson and Wolfe",CHC-00708,Value Pack Compound Chocolate Wafer Bar,43,2025-11-06,Processing,Brazil,77.4
ORD-11224,Rodriguez-Francis,CHC-00867,Whole Hazelnut Chocolate Filled Bar,43,2026-04-09,Shipped,Germany,146.63
ORD-11225,Robertson-Patterson,CHC-00542,Tropical Mix Fruit & Nut Chocolate Bar,31,2026-01-01,Delivered,Cote d'Ivoire,125.86
ORD-11226,"Johnson, Johnson and Brown",CHC-00441,Lemon Zest White Chocolate Coated Nuts,131,2026-07-20,Delivered,Ghana,472.91
ORD-11227,Hanson-Valdez,CHC-00410,Tropical Mix Fruit & Nut Chocolate Coated Nuts,82,2026-02-18,Pending,Australia,310.78
ORD-11228,Watson LLC,CHC-00084,Roasted Almond Chocolate Squares,23,2026-05-01,Shipped,Brazil,118.22
ORD-11229,"Anderson, Ellison and Wood",CHC-01255,Biscuit Milk Chocolate Squares,29,2026-04-10,Processing,United Kingdom,89.03
ORD-11230,"Thomas, Moore and Hernandez",CHC-01419,Plant-Based Classic Vegan Dark Chocolate Truffle Box,43,2026-06-07,Delivered,France,165.98
ORD-11231,"Robles, Martinez and Parker",CHC-00228,Raspberry Swirl White Chocolate Drops,221,2026-01-05,Delivered,Switzerland,985.66
ORD-11232,"Andrews, Castro and Gutierrez",CHC-00176,85% Extra Bold Dark Chocolate Drops,36,2026-04-27,Pending,Ghana,137.52
ORD-11233,"Brady, Luna and Young",CHC-00965,Espresso Infused Dark Chocolate Drops,170,2026-03-16,Delivered,USA,821.1
ORD-11234,Young Inc,CHC-01424,Organic Single Origin Chocolate Coated Nuts,26,2026-06-15,Shipped,Ecuador,99.32
ORD-11235,Woodard LLC,CHC-01261,70% Intense Dark Chocolate Chips (Baking),51,2026-05-06,Shipped,USA,273.87
ORD-11236,Ayala Group,CHC-01424,Organic Single Origin Chocolate Coated Nuts,62,2026-02-26,Delivered,Ecuador,236.84
ORD-11237,"Hughes, Rogers and Hubbard",CHC-01136,Salted Butter Caramel Chocolate Pralines,14,2026-04-08,Processing,Colombia,40.6
ORD-11238,Cantrell Inc,CHC-01409,Bakers Classic Compound Chocolate Drops,27,2026-01-09,Processing,Peru,55.08
ORD-11239,Huerta-Allen,CHC-00897,Almond Crunch Chocolate Filled Bar,34,2025-10-29,Pending,China,128.18
ORD-11240,Munoz and Sons,CHC-00796,Classic Milk Chocolate Squares,61,2026-02-11,Delivered,Ghana,220.82
ORD-11241,Jones Inc,CHC-01458,Classic Sugar-Free Chocolate Wafer Bar,13,2026-07-22,Shipped,Mexico,70.98
ORD-11242,Webster-Morgan,CHC-00855,Coconut Sugar Vegan Dark Chocolate Gift Box,99,2026-07-21,Shipped,Switzerland,344.52
ORD-11243,Henderson LLC,CHC-00427,Biscuit Milk Chocolate Coated Nuts,25,2026-02-03,Delivered,Brazil,95.5
ORD-11244,Hunt Group,CHC-00763,Sea Salt Milk Chocolate Coated Nuts,14,2026-04-16,Delivered,Peru,53.06
ORD-11245,Parks and Sons,CHC-01475,Biscuit Milk Chocolate Drops,37,2026-05-11,Delivered,Belgium,86.95
ORD-11246,Reynolds-Huynh,CHC-00963,Honeycomb Milk Chocolate Truffle Box,14,2026-06-16,Pending,India,34.02
ORD-11247,Mccarthy Group,CHC-00293,Coconut White Chocolate Squares,38,2026-01-25,Processing,Germany,98.8
ORD-11248,Matthews Group,CHC-01372,Organic Fair-Trade Chocolate Squares,25,2026-04-21,Delivered,France,87.75
ORD-11249,Fritz Ltd,CHC-00427,Biscuit Milk Chocolate Coated Nuts,11,2026-07-30,Delivered,Brazil,42.02
ORD-11250,"Harmon, Cardenas and Tyler",CHC-01373,Cranberry Walnut Fruit & Nut Chocolate Chips (Baking),77,2026-04-09,Delivered,United Kingdom,250.25
ORD-11251,Hunter-Rogers,CHC-00237,Classic Milk Chocolate Squares,109,2026-06-05,Delivered,Cote d'Ivoire,393.49
ORD-11252,Meyer Ltd,CHC-00068,Honeycomb Milk Chocolate Drops,42,2025-10-17,Delivered,Japan,149.94
ORD-11253,"Lee, Sullivan and Perez",CHC-00092,Praline Hazelnut Chocolate Squares,29,2026-08-01,Pending,Mexico,167.62
ORD-11254,Hamilton Ltd,CHC-01453,Honeycomb Milk Chocolate Coated Nuts,13,2026-06-29,Delivered,Germany,53.56
ORD-11255,Davis-Orr,CHC-01460,Sea Salt Caramel Chocolate Gift Box,20,2026-05-30,Shipped,Cote d'Ivoire,77.2
ORD-11256,Miles Ltd,CHC-00150,Coconut Sugar Vegan Dark Chocolate Chips (Baking),69,2026-03-27,Delivered,Cote d'Ivoire,301.53
ORD-11257,Garcia-Russell,CHC-00908,Espresso Infused Dark Chocolate Bar,17,2026-03-25,Delivered,Netherlands,102.85
ORD-11258,"Mcdaniel, Mcknight and Rogers",CHC-00630,Espresso Infused Dark Chocolate Gift Box,38,2025-11-03,Delivered,Ecuador,214.32
ORD-11259,Stanley-Rivera,CHC-00493,Soft Caramel Core Chocolate Bar,16,2026-02-04,Processing,United Kingdom,67.84
ORD-11260,Morales Ltd,CHC-00161,Single Origin Dark Chocolate Chips (Baking),9,2026-02-25,Processing,Canada,48.6
ORD-11261,Jones-Miller,CHC-00866,Almond Crunch Chocolate Pralines,183,2026-05-05,Delivered,Mexico,591.09
ORD-11262,Daniels LLC,CHC-00975,Sea Salt Caramel Chocolate Bar,18,2026-04-04,Delivered,Canada,81.72
ORD-11263,"Garcia, Shaw and Freeman",CHC-00688,Raspberry Swirl White Chocolate Bar,6,2026-01-25,Pending,Peru,13.38
ORD-11264,Garcia Group,CHC-00417,Raspberry Swirl White Chocolate Drops,8,2026-04-20,Delivered,Indonesia,20.56
ORD-11265,"Stokes, Carter and Peck",CHC-00119,Soft Caramel Core Chocolate Coated Nuts,23,2026-07-24,Delivered,United Kingdom,79.35
ORD-11266,Martinez-Jones,CHC-00077,70% Intense Dark Chocolate Wafer Bar,16,2026-06-01,Delivered,Indonesia,95.84
ORD-11267,Martinez-Jennings,CHC-00722,Single Origin Dark Chocolate Gift Box,17,2026-06-25,Shipped,Italy,51.68
ORD-11268,"Lopez, Mercer and Ball",CHC-01170,Single Origin Dark Chocolate Pralines,151,2025-12-04,Delivered,Cote d'Ivoire,581.35
ORD-11269,"Tyler, Jones and Pham",CHC-00675,Raspberry Swirl White Chocolate Truffle Box,224,2026-02-23,Delivered,Colombia,488.32
ORD-11270,Brown PLC,CHC-00845,Gianduja Style Hazelnut Chocolate Pralines,33,2025-11-25,Processing,France,172.59
ORD-11271,"Adams, Jackson and Gallegos",CHC-00808,Raspberry Swirl White Chocolate Filled Bar,22,2026-02-05,Delivered,Ecuador,59.4
ORD-11272,Joseph-Hill,CHC-00181,Classic Milk Chocolate Coated Nuts,20,2026-06-29,Pending,Colombia,76.4
ORD-11273,Kim-Smith,CHC-01217,Roasted Almond Chocolate Truffle Box,38,2026-04-26,Processing,Canada,207.86
ORD-11274,Stephens Group,CHC-00387,Original Ruby Chocolate Bar,79,2025-11-20,Delivered,Belgium,395.0
ORD-11275,Walsh and Sons,CHC-00387,Original Ruby Chocolate Bar,13,2025-12-03,Delivered,Belgium,65.0
ORD-11276,"Wiggins, Love and Wilson",CHC-01342,Espresso Infused Dark Chocolate Coated Nuts,40,2025-10-26,Delivered,Australia,221.2
ORD-11277,Davis-Walker,CHC-01481,Cranberry Walnut Fruit & Nut Chocolate Truffle Box,475,2026-07-28,Delivered,Colombia,1615.0
ORD-11278,Williams LLC,CHC-00845,Gianduja Style Hazelnut Chocolate Pralines,16,2025-11-24,Delivered,France,83.68
ORD-11279,Baxter PLC,CHC-00946,Espresso Infused Dark Chocolate Coated Nuts,50,2025-12-26,Delivered,Mexico,251.0
ORD-11280,Bradford-Curry,CHC-00567,Roasted Almond Chocolate Squares,53,2026-02-21,Delivered,Germany,247.51
ORD-11281,"Grimes, Chapman and Montes",CHC-00986,Whole Hazelnut Chocolate Bar,18,2026-03-12,Delivered,Canada,91.44
ORD-11282,"Glover, Franco and Patel",CHC-00754,Stevia Sweetened Sugar-Free Chocolate Truffle Box,10,2026-02-05,Delivered,Ghana,54.2
ORD-11283,Stone-Webb,CHC-00476,Bakers Classic Compound Chocolate Wafer Bar,88,2026-05-17,Processing,Mexico,132.88
ORD-11284,Martinez-Kelly,CHC-01285,85% Extra Bold Dark Chocolate Wafer Bar,47,2026-04-05,Pending,France,255.68
ORD-11285,"Chapman, Walker and Ramirez",CHC-00045,Organic Single Origin Chocolate Truffle Box,15,2025-10-27,Processing,China,105.3
ORD-11286,"Anderson, Johnson and Jordan",CHC-01171,Espresso Infused Dark Chocolate Filled Bar,51,2026-05-24,Processing,Cote d'Ivoire,279.99
ORD-11287,"Lopez, Schmidt and Hill",CHC-00271,Stevia Sweetened Sugar-Free Chocolate Pralines,150,2026-02-11,Shipped,Germany,636.0
ORD-11288,"Padilla, Norman and Holmes",CHC-01323,Raisin & Almond Fruit & Nut Chocolate Filled Bar,149,2026-07-09,Pending,United Kingdom,418.69
ORD-11289,Bush PLC,CHC-01105,Biscuit Milk Chocolate Wafer Bar,9,2026-07-17,Delivered,UAE,28.98
ORD-11290,"Brooks, Roberts and Morales",CHC-00753,Soft Caramel Core Chocolate Pralines,18,2026-02-11,Delivered,Australia,57.6
ORD-11291,"Johnson, Scott and Flores",CHC-00755,Original Ruby Chocolate Squares,15,2026-03-15,Delivered,Australia,73.05
ORD-11292,"Lewis, Hayes and Howard",CHC-00576,Single Origin Dark Chocolate Truffle Box,15,2026-05-23,Shipped,USA,42.3
ORD-11293,Gibson-Miller,CHC-00903,Bakers Classic Compound Chocolate Chips (Baking),60,2025-12-27,Pending,Brazil,79.2
ORD-11294,Quinn-Clark,CHC-00783,Organic Single Origin Chocolate Coated Nuts,53,2025-12-22,Pending,India,391.14
ORD-11295,Lucero Group,CHC-01468,Soft Caramel Core Chocolate Truffle Box,25,2026-04-21,Delivered,United Kingdom,100.25
ORD-11296,"Moss, Scott and Richardson",CHC-00465,Diabetic Friendly Sugar-Free Chocolate Wafer Bar,16,2025-12-01,Delivered,Peru,81.92
ORD-11297,Nelson Inc,CHC-01144,Cranberry Walnut Fruit & Nut Chocolate Filled Bar,45,2026-03-25,Pending,Ecuador,207.0
ORD-11298,Ward-Johnson,CHC-00043,Soft Caramel Core Chocolate Coated Nuts,78,2026-05-09,Shipped,France,229.32
ORD-11299,"Warren, Santiago and Levy",CHC-01218,Bakers Classic Compound Chocolate Truffle Box,9,2026-06-13,Pending,Peru,16.38
ORD-11300,Peterson Group,CHC-00555,Single Origin Dark Chocolate Pralines,10,2025-11-03,Shipped,UAE,64.0
ORD-11301,Cortez Ltd,CHC-00808,Raspberry Swirl White Chocolate Filled Bar,50,2026-01-08,Delivered,Ecuador,135.0
ORD-11302,"Lopez, Garcia and Gonzalez",CHC-00244,Organic Raw Cacao Chocolate Gift Box,37,2026-05-13,Delivered,Belgium,185.74
ORD-11303,Williams-Anderson,CHC-00019,Biscuit Milk Chocolate Gift Box,20,2026-07-26,Delivered,France,71.4
ORD-11304,Allison-Dillon,CHC-00287,Classic Sugar-Free Chocolate Filled Bar,80,2026-01-27,Processing,South Africa,427.2
ORD-11305,Roberts-Moore,CHC-01498,Organic Fair-Trade Chocolate Pralines,18,2026-01-31,Shipped,Canada,82.26
ORD-11306,Mccann and Sons,CHC-00412,Single Origin Dark Chocolate Bar,65,2026-07-20,Delivered,Canada,228.15
ORD-11307,"Moore, Campbell and Weeks",CHC-00698,Marzipan Style Almond Chocolate Coated Nuts,13,2025-10-20,Processing,Mexico,60.58
ORD-11308,Rivera and Sons,CHC-00401,Original Ruby Chocolate Coated Nuts,43,2025-11-23,Delivered,Ecuador,334.97
ORD-11309,Simmons and Sons,CHC-01455,Tropical Mix Fruit & Nut Chocolate Truffle Box,12,2025-11-29,Delivered,Australia,43.32
ORD-11310,Mejia LLC,CHC-00082,Original Ruby Chocolate Coated Nuts,30,2026-03-09,Pending,Australia,121.8
ORD-11311,"Wilson, Orr and Gonzales",CHC-01369,Classic Milk Chocolate Drops,14,2026-01-23,Delivered,India,60.06
ORD-11312,Carney-Mcneil,CHC-00606,Lemon Zest White Chocolate Drops,61,2026-04-02,Delivered,China,189.1
ORD-11313,Myers and Sons,CHC-00347,Stevia Sweetened Sugar-Free Chocolate Gift Box,36,2025-11-02,Pending,Japan,209.16
ORD-11314,Casey-Fitzgerald,CHC-00294,Salted Butter Caramel Chocolate Wafer Bar,8,2026-01-02,Delivered,France,22.08
ORD-11315,Juarez LLC,CHC-01283,Sea Salt Caramel Chocolate Squares,20,2026-02-01,Delivered,South Africa,67.6
ORD-11316,Frazier PLC,CHC-01430,Single Origin Dark Chocolate Chips (Baking),41,2025-12-13,Delivered,Cote d'Ivoire,134.07
ORD-11317,"Lopez, Smith and Craig",CHC-00100,Marzipan Style Almond Chocolate Bar,110,2025-11-08,Shipped,Belgium,333.3
ORD-11318,"Hall, Garcia and Erickson",CHC-00473,Biscuit Milk Chocolate Squares,10,2026-06-10,Delivered,Ecuador,43.2
ORD-11319,Hall PLC,CHC-00058,Value Pack Compound Chocolate Pralines,128,2026-01-23,Pending,USA,181.76
ORD-11320,"Macias, Martinez and Duncan",CHC-00201,Salted Butter Caramel Chocolate Chips (Baking),9,2026-02-04,Shipped,India,42.21
ORD-11321,"Newman, Guzman and Hicks",CHC-00692,Vanilla Bean White Chocolate Squares,27,2026-06-07,Pending,Australia,60.21
ORD-11322,Young Group,CHC-01451,Tropical Mix Fruit & Nut Chocolate Squares,116,2026-07-05,Pending,Indonesia,562.6
ORD-11323,Kaiser-Herman,CHC-00929,Sea Salt Milk Chocolate Gift Box,30,2026-02-08,Processing,Mexico,75.6
ORD-11324,Barrera Inc,CHC-01380,Whole Hazelnut Chocolate Wafer Bar,225,2026-01-24,Processing,Italy,949.5
ORD-11325,Downs-Allen,CHC-00299,Confectionery Grade Compound Chocolate Wafer Bar,46,2026-06-25,Pending,USA,103.04
ORD-11326,Sanchez-Matthews,CHC-01320,Organic Raw Cacao Chocolate Coated Nuts,13,2025-12-16,Delivered,France,71.5
ORD-11327,Schultz-Stone,CHC-00036,Almond Crunch Chocolate Gift Box,11,2026-03-01,Delivered,Ecuador,34.1
ORD-11328,"Cochran, Adams and Parsons",CHC-00298,Cranberry Walnut Fruit & Nut Chocolate Filled Bar,65,2025-11-26,Shipped,Indonesia,233.35
ORD-11329,Mcdonald-Smith,CHC-01418,Coconut White Chocolate Pralines,35,2026-01-17,Processing,Canada,120.05
ORD-11330,"James, Perez and Weber",CHC-01232,Classic Milk Chocolate Squares,20,2025-12-15,Delivered,Peru,55.8
ORD-11331,"Wilkinson, Kelley and Hughes",CHC-00339,Biscuit Milk Chocolate Bar,21,2026-03-29,Delivered,China,87.57
ORD-11332,Werner Ltd,CHC-00153,Honeycomb Milk Chocolate Truffle Box,34,2026-04-05,Delivered,Brazil,107.78
ORD-11333,Mcmillan-Humphrey,CHC-00593,Soft Caramel Core Chocolate Wafer Bar,25,2026-07-16,Processing,Australia,74.75
ORD-11334,Murray-Lewis,CHC-00210,Diabetic Friendly Sugar-Free Chocolate Squares,16,2026-03-23,Shipped,Australia,55.84
ORD-11335,Jones Inc,CHC-00826,Marzipan Style Almond Chocolate Bar,27,2026-04-21,Processing,Ghana,82.89
ORD-11336,Wood Group,CHC-01475,Biscuit Milk Chocolate Drops,57,2026-04-04,Processing,Belgium,133.95
ORD-11337,Romero-Roberts,CHC-00229,Cranberry Walnut Fruit & Nut Chocolate Wafer Bar,21,2026-07-27,Delivered,Ghana,103.11
ORD-11338,"Bailey, Richardson and Marquez",CHC-00636,Single Origin Dark Chocolate Bar,13,2026-06-29,Delivered,USA,64.09
ORD-11339,Dixon Group,CHC-01354,Lemon Zest White Chocolate Squares,20,2026-02-07,Delivered,Australia,62.0
ORD-11340,Watson PLC,CHC-00818,Stevia Sweetened Sugar-Free Chocolate Filled Bar,74,2025-12-13,Processing,France,266.4
ORD-11341,Robinson Group,CHC-00991,Espresso Infused Dark Chocolate Filled Bar,61,2026-04-21,Shipped,Colombia,306.22
ORD-11342,Abbott-Guzman,CHC-01248,Soft Caramel Core Chocolate Coated Nuts,7,2026-05-19,Delivered,Switzerland,17.57
ORD-11343,"Elliott, Campbell and Miller",CHC-00799,Vanilla Bean White Chocolate Coated Nuts,149,2025-10-12,Delivered,USA,518.52
ORD-11344,"Wood, Wilson and Douglas",CHC-01190,Classic Sugar-Free Chocolate Chips (Baking),14,2026-07-03,Processing,Brazil,58.52
ORD-11345,"May, Taylor and Craig",CHC-00790,Roasted Almond Chocolate Drops,114,2025-10-30,Delivered,UAE,372.78
ORD-11346,Morgan Group,CHC-00782,Vanilla Bean White Chocolate Gift Box,59,2025-11-10,Delivered,Australia,247.8
ORD-11347,Krueger LLC,CHC-01409,Bakers Classic Compound Chocolate Drops,26,2025-10-19,Pending,Peru,53.04
ORD-11348,Morales and Sons,CHC-00220,Honeycomb Milk Chocolate Squares,22,2026-06-18,Delivered,USA,71.28
ORD-11349,"Gonzalez, Schmidt and Ward",CHC-00483,Biscuit Milk Chocolate Truffle Box,45,2026-01-18,Shipped,Mexico,122.4
ORD-11350,Hall-Tyler,CHC-00152,Single Origin Dark Chocolate Chips (Baking),28,2026-04-05,Shipped,Belgium,128.52
ORD-11351,Martin-Rangel,CHC-00062,Classic Milk Chocolate Drops,16,2026-01-22,Delivered,Cote d'Ivoire,67.2
ORD-11352,"Brown, Bennett and Clay",CHC-00515,Coconut White Chocolate Wafer Bar,27,2025-10-13,Delivered,Australia,103.41
ORD-11353,Fleming-Lowe,CHC-01284,Coconut Sugar Vegan Dark Chocolate Chips (Baking),47,2026-05-21,Delivered,Germany,289.99
ORD-11354,Gardner-Owen,CHC-01235,Stevia Sweetened Sugar-Free Chocolate Pralines,12,2026-03-25,Delivered,Mexico,71.76
ORD-11355,"Thompson, Brewer and Benson",CHC-00981,Classic Milk Chocolate Truffle Box,26,2026-05-15,Delivered,Switzerland,116.74
ORD-11356,Shepherd-Shaw,CHC-01392,Organic Single Origin Chocolate Wafer Bar,25,2026-07-13,Pending,Switzerland,164.0
ORD-11357,"Austin, Jackson and Hicks",CHC-01476,Organic Raw Cacao Chocolate Gift Box,43,2026-04-08,Pending,USA,182.75
ORD-11358,Roberts-Ferguson,CHC-00966,Praline Hazelnut Chocolate Filled Bar,16,2026-02-07,Processing,Canada,48.64
ORD-11359,"Webb, Jensen and Taylor",CHC-00429,Coconut Sugar Vegan Dark Chocolate Squares,42,2025-12-01,Pending,Switzerland,172.62
ORD-11360,Turner-Harris,CHC-00728,Organic Raw Cacao Chocolate Filled Bar,60,2026-07-07,Shipped,Netherlands,367.8
ORD-11361,"Cobb, Bentley and Bass",CHC-00662,Espresso Infused Dark Chocolate Drops,56,2026-06-14,Processing,Cote d'Ivoire,161.28
ORD-11362,"Ramos, Greer and Knight",CHC-01352,Marzipan Style Almond Chocolate Coated Nuts,38,2025-10-11,Delivered,USA,169.48
ORD-11363,Snyder-Pierce,CHC-00384,Bakers Classic Compound Chocolate Gift Box,12,2025-11-08,Delivered,Japan,17.28
ORD-11364,Short Ltd,CHC-01430,Single Origin Dark Chocolate Chips (Baking),20,2026-01-27,Pending,Cote d'Ivoire,65.4
ORD-11365,Miller PLC,CHC-01368,Marzipan Style Almond Chocolate Truffle Box,16,2026-05-13,Delivered,USA,53.12
ORD-11366,Vargas Ltd,CHC-00637,Raspberry Swirl White Chocolate Bar,106,2026-04-02,Pending,Brazil,446.26
ORD-11367,"Chandler, Adams and Singleton",CHC-01302,Vanilla Bean White Chocolate Chips (Baking),14,2026-05-28,Delivered,Colombia,30.94
ORD-11368,Bullock PLC,CHC-00720,70% Intense Dark Chocolate Pralines,116,2026-01-17,Delivered,Switzerland,740.08
ORD-11369,Smith and Sons,CHC-00663,85% Extra Bold Dark Chocolate Wafer Bar,22,2026-01-20,Delivered,Cote d'Ivoire,55.22
ORD-11370,Miller-Mckenzie,CHC-01015,Organic Single Origin Chocolate Bar,12,2026-08-02,Delivered,UAE,84.6
ORD-11371,Patel-Huffman,CHC-00061,Espresso Infused Dark Chocolate Coated Nuts,34,2025-12-25,Shipped,Canada,114.24
ORD-11372,Edwards Ltd,CHC-00288,Original Ruby Chocolate Coated Nuts,48,2026-02-07,Delivered,Mexico,343.2
ORD-11373,Morrison-Anderson,CHC-01041,Plant-Based Classic Vegan Dark Chocolate Pralines,34,2026-06-10,Delivered,USA,182.92
ORD-11374,Jones-Jones,CHC-00900,Classic Milk Chocolate Filled Bar,58,2025-10-17,Delivered,USA,160.66
ORD-11375,"Ball, Williams and Haynes",CHC-00255,Sea Salt Caramel Chocolate Gift Box,15,2026-04-18,Delivered,Netherlands,60.15
ORD-11376,"Ramirez, Mora and Whitehead",CHC-00876,Original Ruby Chocolate Coated Nuts,11,2026-01-09,Delivered,India,79.64
ORD-11377,Fritz Group,CHC-00925,Oat Milk Blend Vegan Dark Chocolate Wafer Bar,33,2025-11-29,Shipped,Canada,137.28
ORD-11378,"Flynn, Campbell and House",CHC-00140,Organic Single Origin Chocolate Coated Nuts,3,2026-04-05,Processing,India,17.67
ORD-11379,Dennis and Sons,CHC-00103,Almond Crunch Chocolate Squares,39,2026-04-20,Processing,Germany,150.54
ORD-11380,Davis-Buckley,CHC-01229,Salted Butter Caramel Chocolate Filled Bar,32,2025-10-12,Pending,Belgium,153.92
ORD-11381,"Webb, Burke and Ware",CHC-00796,Classic Milk Chocolate Squares,24,2025-12-17,Shipped,Ghana,86.88
ORD-11382,Lyons-Marshall,CHC-00357,Lemon Zest White Chocolate Drops,539,2026-03-11,Delivered,UAE,1891.89
ORD-11383,Gallegos-Ayers,CHC-01278,Organic Single Origin Chocolate Truffle Box,39,2026-06-10,Shipped,Peru,258.96
ORD-11384,Campbell Ltd,CHC-00119,Soft Caramel Core Chocolate Coated Nuts,26,2026-03-20,Delivered,United Kingdom,89.7
ORD-11385,"Wright, Neal and Foster",CHC-01129,Vanilla Bean White Chocolate Truffle Box,28,2026-03-19,Processing,Australia,64.68
ORD-11386,Davis Group,CHC-00874,Espresso Infused Dark Chocolate Filled Bar,51,2026-05-03,Delivered,Germany,244.29
ORD-11387,Murray-Bailey,CHC-00691,Berry Burst Ruby Chocolate Chips (Baking),23,2026-03-13,Delivered,UAE,154.56
ORD-11388,Johnson-Molina,CHC-00146,Stevia Sweetened Sugar-Free Chocolate Filled Bar,18,2026-05-11,Pending,Germany,80.46
ORD-11389,"Robles, Zimmerman and Morales",CHC-00095,70% Intense Dark Chocolate Truffle Box,232,2026-06-04,Delivered,USA,1403.6
ORD-11390,Reed Ltd,CHC-00477,Whole Hazelnut Chocolate Gift Box,8,2026-03-27,Delivered,Belgium,28.32
ORD-11391,"Mahoney, Moore and Duran",CHC-01030,70% Intense Dark Chocolate Wafer Bar,49,2026-04-27,Processing,UAE,291.55
ORD-11392,Sellers-Ruiz,CHC-01187,Classic Milk Chocolate Bar,26,2025-12-31,Shipped,Switzerland,87.88
ORD-11393,"Clark, Valentine and Valdez",CHC-00587,Marzipan Style Almond Chocolate Gift Box,41,2026-07-01,Delivered,Germany,117.67
ORD-11394,Gomez Inc,CHC-01138,Sea Salt Milk Chocolate Chips (Baking),33,2026-03-25,Delivered,Japan,124.41
ORD-11395,Hill-Reid,CHC-01464,Espresso Infused Dark Chocolate Truffle Box,24,2026-04-04,Shipped,Switzerland,120.72
ORD-11396,Campbell-Watkins,CHC-00577,Tropical Mix Fruit & Nut Chocolate Bar,173,2026-06-05,Delivered,Germany,617.61
ORD-11397,Stewart Inc,CHC-00235,Honeycomb Milk Chocolate Squares,8,2026-01-03,Delivered,Netherlands,27.6
ORD-11398,King-Rivas,CHC-00768,Single Origin Dark Chocolate Truffle Box,15,2025-11-22,Processing,Canada,90.0
ORD-11399,"Tran, Elliott and Merritt",CHC-01168,Sea Salt Caramel Chocolate Drops,58,2026-04-26,Delivered,USA,161.82
ORD-11400,"Waters, Carter and Roy",CHC-00798,Marzipan Style Almond Chocolate Truffle Box,12,2025-11-06,Delivered,Italy,49.44
ORD-11401,"Graham, Mcdonald and Davenport",CHC-00403,Sea Salt Caramel Chocolate Chips (Baking),16,2026-03-07,Delivered,France,75.84
ORD-11402,"Cisneros, Lopez and Garcia",CHC-00713,Marzipan Style Almond Chocolate Squares,68,2026-04-01,Delivered,Peru,233.24
ORD-11403,Jackson-Prince,CHC-00027,Diabetic Friendly Sugar-Free Chocolate Chips (Baking),80,2026-07-18,Delivered,UAE,304.8
ORD-11404,Walker-Delacruz,CHC-00210,Diabetic Friendly Sugar-Free Chocolate Squares,73,2026-08-03,Pending,Australia,254.77
ORD-11405,Ramirez-Garcia,CHC-00016,Classic Milk Chocolate Coated Nuts,12,2026-02-28,Pending,Netherlands,32.88
ORD-11406,"Ray, Lee and Alvarez",CHC-00926,70% Intense Dark Chocolate Bar,55,2026-06-09,Shipped,UAE,198.0
ORD-11407,"Lee, Brewer and Tucker",CHC-00099,Vanilla Bean White Chocolate Wafer Bar,68,2026-06-22,Delivered,Australia,148.92
ORD-11408,Smith and Sons,CHC-01160,Confectionery Grade Compound Chocolate Pralines,15,2026-04-09,Pending,South Africa,36.15
ORD-11409,Johnson-Saunders,CHC-01092,Single Origin Dark Chocolate Wafer Bar,14,2026-05-13,Delivered,Ghana,81.34
ORD-11410,"Garcia, Graham and Horn",CHC-00293,Coconut White Chocolate Squares,22,2025-10-15,Processing,Germany,57.2
ORD-11411,Mccoy-Wheeler,CHC-00002,Raspberry Swirl White Chocolate Coated Nuts,160,2026-07-19,Shipped,USA,604.8
ORD-11412,"Jackson, Reed and Garcia",CHC-00654,Espresso Infused Dark Chocolate Filled Bar,66,2026-07-10,Shipped,France,370.92
ORD-11413,Pollard and Sons,CHC-00237,Classic Milk Chocolate Squares,7,2026-03-24,Processing,Cote d'Ivoire,25.27
ORD-11414,"Parker, King and Burnett",CHC-00005,Roasted Almond Chocolate Wafer Bar,4,2025-10-13,Pending,United Kingdom,14.96
ORD-11415,Brown PLC,CHC-00721,Sea Salt Caramel Chocolate Filled Bar,54,2025-11-08,Delivered,France,144.18
ORD-11416,Gonzalez and Sons,CHC-00388,Praline Hazelnut Chocolate Chips (Baking),20,2026-08-01,Pending,Indonesia,118.6
ORD-11417,Scott Inc,CHC-00993,Espresso Infused Dark Chocolate Coated Nuts,54,2026-03-04,Delivered,China,297.54
ORD-11418,Burns-Wright,CHC-00754,Stevia Sweetened Sugar-Free Chocolate Truffle Box,46,2025-12-27,Delivered,Ghana,249.32
ORD-11419,Hardin-Walker,CHC-00466,Espresso Infused Dark Chocolate Squares,24,2025-11-13,Delivered,USA,60.24
ORD-11420,Kramer Ltd,CHC-00782,Vanilla Bean White Chocolate Gift Box,31,2026-02-22,Shipped,Australia,130.2
ORD-11421,Wilson-Walker,CHC-00286,Vanilla Bean White Chocolate Truffle Box,53,2025-11-01,Delivered,Belgium,108.65
ORD-11422,Wilson Ltd,CHC-00150,Coconut Sugar Vegan Dark Chocolate Chips (Baking),123,2025-11-03,Delivered,Cote d'Ivoire,537.51
ORD-11423,Chavez Group,CHC-01156,Single Origin Dark Chocolate Coated Nuts,40,2026-01-26,Delivered,Canada,220.4
ORD-11424,Forbes and Sons,CHC-01076,85% Extra Bold Dark Chocolate Coated Nuts,28,2025-11-24,Delivered,United Kingdom,136.92
ORD-11425,Johnson-Sherman,CHC-00987,Gianduja Style Hazelnut Chocolate Bar,48,2026-02-18,Delivered,Germany,201.6
ORD-11426,Curtis-Ferguson,CHC-00372,Tropical Mix Fruit & Nut Chocolate Truffle Box,113,2026-07-24,Pending,Indonesia,337.87
ORD-11427,Edwards Inc,CHC-00960,70% Intense Dark Chocolate Filled Bar,50,2026-01-25,Delivered,Ghana,183.0
ORD-11428,"Gould, Hunt and Alexander",CHC-00431,Salted Butter Caramel Chocolate Coated Nuts,29,2026-03-20,Pending,Belgium,128.47
ORD-11429,Richards-Schmidt,CHC-01459,Roasted Almond Chocolate Drops,5,2026-06-12,Processing,India,24.25
ORD-11430,Hill-Clayton,CHC-00741,Coconut White Chocolate Gift Box,45,2025-11-04,Processing,Colombia,182.7
ORD-11431,Clark-Williams,CHC-01004,Cranberry Walnut Fruit & Nut Chocolate Squares,39,2026-01-03,Delivered,Mexico,157.95
ORD-11432,Murray PLC,CHC-00825,85% Extra Bold Dark Chocolate Gift Box,10,2025-10-16,Pending,Canada,47.7
ORD-11433,Carney PLC,CHC-00440,Cranberry Walnut Fruit & Nut Chocolate Truffle Box,41,2026-02-12,Processing,Germany,201.72
ORD-11434,Miller LLC,CHC-00994,85% Extra Bold Dark Chocolate Coated Nuts,32,2026-01-16,Delivered,France,166.4
ORD-11435,Good-Smith,CHC-01157,Single Origin Dark Chocolate Drops,106,2025-10-09,Pending,Colombia,427.18
ORD-11436,"Freeman, Moore and Lee",CHC-00756,Roasted Almond Chocolate Pralines,19,2026-07-02,Processing,Indonesia,64.6
ORD-11437,Baxter Group,CHC-00350,Tropical Mix Fruit & Nut Chocolate Drops,14,2026-06-28,Delivered,France,67.62
ORD-11438,"Reid, Mahoney and Thomas",CHC-01291,Diabetic Friendly Sugar-Free Chocolate Wafer Bar,23,2026-06-30,Shipped,Switzerland,117.07
ORD-11439,Douglas-Barrett,CHC-00869,Sea Salt Caramel Chocolate Truffle Box,8,2025-11-12,Delivered,South Africa,23.6
ORD-11440,Reyes Ltd,CHC-00445,Single Origin Dark Chocolate Bar,16,2026-03-15,Delivered,United Kingdom,55.68
ORD-11441,Meyer-Hall,CHC-00859,Classic Milk Chocolate Gift Box,82,2026-04-30,Shipped,Belgium,355.88
ORD-11442,Anderson Ltd,CHC-00044,Raspberry Swirl White Chocolate Chips (Baking),33,2026-01-15,Processing,France,137.61
ORD-11443,Mitchell LLC,CHC-00200,Biscuit Milk Chocolate Coated Nuts,16,2025-11-19,Pending,France,57.28
ORD-11444,Pope-Barker,CHC-00093,85% Extra Bold Dark Chocolate Truffle Box,32,2026-05-04,Pending,Canada,202.56
ORD-11445,Wilson Ltd,CHC-00659,Raisin & Almond Fruit & Nut Chocolate Bar,7,2026-05-20,Delivered,United Kingdom,23.94
ORD-11446,"Jones, Mayer and Johnson",CHC-01472,Honeycomb Milk Chocolate Truffle Box,29,2025-11-30,Shipped,Australia,121.51
ORD-11447,"Rangel, Bush and Jensen",CHC-00766,Whole Hazelnut Chocolate Wafer Bar,23,2026-06-05,Processing,Italy,97.75
ORD-11448,"Mason, Perry and Martinez",CHC-01211,Tropical Mix Fruit & Nut Chocolate Pralines,50,2026-06-19,Pending,Netherlands,200.0
ORD-11449,"Marshall, Freeman and Wallace",CHC-00176,85% Extra Bold Dark Chocolate Drops,61,2026-04-13,Delivered,Ghana,233.02
ORD-11450,Graham and Sons,CHC-00857,Biscuit Milk Chocolate Drops,28,2026-05-11,Delivered,Japan,112.56
ORD-11451,Novak-Morris,CHC-00031,Almond Crunch Chocolate Filled Bar,54,2026-04-13,Processing,USA,213.84
ORD-11452,"Joseph, Gray and Stone",CHC-01014,Organic Raw Cacao Chocolate Chips (Baking),22,2026-08-03,Delivered,Netherlands,120.34
ORD-11453,"Ramirez, Rodriguez and Williams",CHC-00578,Diabetic Friendly Sugar-Free Chocolate Gift Box,45,2025-12-05,Delivered,USA,208.8
ORD-11454,Baker-Glass,CHC-01378,Whole Hazelnut Chocolate Squares,101,2025-10-15,Delivered,Switzerland,603.98
ORD-11455,Alexander PLC,CHC-00297,Classic Milk Chocolate Truffle Box,16,2026-06-03,Pending,Belgium,52.96
ORD-11456,Ward-Morrison,CHC-00554,Salted Butter Caramel Chocolate Coated Nuts,100,2026-07-03,Pending,United Kingdom,400.0
ORD-11457,Coleman LLC,CHC-01127,85% Extra Bold Dark Chocolate Drops,22,2025-11-14,Pending,Brazil,69.3
ORD-11458,Martinez Inc,CHC-01192,70% Intense Dark Chocolate Coated Nuts,38,2026-01-27,Pending,China,160.36
ORD-11459,Miller-Austin,CHC-01153,Classic Sugar-Free Chocolate Pralines,26,2026-05-17,Shipped,Australia,117.52
ORD-11460,"Sexton, Turner and Willis",CHC-00465,Diabetic Friendly Sugar-Free Chocolate Wafer Bar,64,2026-06-28,Pending,Peru,327.68
ORD-11461,"Farmer, Garcia and Mcbride",CHC-00653,85% Extra Bold Dark Chocolate Coated Nuts,5,2026-06-02,Delivered,Mexico,19.15
ORD-11462,Turner-Baldwin,CHC-00339,Biscuit Milk Chocolate Bar,206,2026-05-18,Delivered,China,859.02
ORD-11463,Cochran LLC,CHC-00855,Coconut Sugar Vegan Dark Chocolate Gift Box,9,2026-07-14,Processing,Switzerland,31.32
ORD-11464,Lindsey Inc,CHC-00672,Biscuit Milk Chocolate Squares,49,2026-02-12,Delivered,USA,107.31
ORD-11465,Johnson PLC,CHC-01069,Sea Salt Milk Chocolate Wafer Bar,63,2025-11-09,Shipped,China,150.57
ORD-11466,Little Inc,CHC-00862,Roasted Almond Chocolate Filled Bar,83,2026-02-11,Delivered,Mexico,329.51
ORD-11467,"Lee, Holmes and Taylor",CHC-00787,Coconut White Chocolate Pralines,23,2026-07-21,Pending,Canada,83.26
ORD-11468,Alexander-Willis,CHC-00422,Biscuit Milk Chocolate Squares,7,2026-04-29,Delivered,France,14.49
ORD-11469,Franco-Williams,CHC-00339,Biscuit Milk Chocolate Bar,17,2025-11-09,Shipped,China,70.89
ORD-11470,"Bray, Daniels and Douglas",CHC-01352,Marzipan Style Almond Chocolate Coated Nuts,67,2026-04-24,Delivered,USA,298.82
ORD-11471,Harper-Boyer,CHC-00501,70% Intense Dark Chocolate Bar,10,2026-05-11,Delivered,France,40.8
ORD-11472,Patterson PLC,CHC-00688,Raspberry Swirl White Chocolate Bar,43,2025-11-02,Pending,Peru,95.89
ORD-11473,"Lewis, Massey and Huffman",CHC-00901,Single Origin Dark Chocolate Drops,44,2026-06-02,Shipped,Belgium,156.64
ORD-11474,"Crawford, Lopez and Kim",CHC-01033,Classic Milk Chocolate Chips (Baking),7,2026-04-30,Delivered,Japan,22.19
ORD-11475,Bryant-Nguyen,CHC-00454,Biscuit Milk Chocolate Pralines,12,2026-04-24,Pending,Switzerland,26.4
ORD-11476,"Hill, Day and Miller",CHC-00480,Salted Butter Caramel Chocolate Wafer Bar,9,2026-01-10,Delivered,UAE,23.31
ORD-11477,"Simpson, Perez and Wilson",CHC-00343,Tropical Mix Fruit & Nut Chocolate Wafer Bar,28,2026-02-01,Delivered,Brazil,95.76
ORD-11478,"Wall, Carter and Parker",CHC-00147,Espresso Infused Dark Chocolate Coated Nuts,71,2025-10-26,Shipped,Germany,212.29
ORD-11479,Gutierrez PLC,CHC-00852,Biscuit Milk Chocolate Truffle Box,102,2025-11-17,Processing,Cote d'Ivoire,379.44
ORD-11480,Larson-George,CHC-01036,Honeycomb Milk Chocolate Truffle Box,30,2025-10-27,Delivered,India,104.4
ORD-11481,Branch Group,CHC-00161,Single Origin Dark Chocolate Chips (Baking),47,2026-02-01,Pending,Canada,253.8
ORD-11482,Shah-Gates,CHC-00927,Soft Caramel Core Chocolate Drops,86,2026-07-07,Delivered,Switzerland,375.82
ORD-11483,Taylor PLC,CHC-00190,70% Intense Dark Chocolate Gift Box,27,2026-02-09,Delivered,France,76.41
ORD-11484,"Anderson, Patrick and Smith",CHC-00501,70% Intense Dark Chocolate Bar,12,2026-04-01,Delivered,France,48.96
ORD-11485,Boyer-Thompson,CHC-00457,Almond Crunch Chocolate Bar,19,2026-06-10,Delivered,Mexico,95.19
ORD-11486,Vaughn-Noble,CHC-00819,Gianduja Style Hazelnut Chocolate Drops,73,2025-12-14,Processing,United Kingdom,362.81
ORD-11487,Ford-Reeves,CHC-01166,Cranberry Walnut Fruit & Nut Chocolate Truffle Box,26,2026-02-05,Delivered,Peru,102.44
ORD-11488,Evans Inc,CHC-00146,Stevia Sweetened Sugar-Free Chocolate Filled Bar,40,2025-12-04,Delivered,Germany,178.8
ORD-11489,Alvarez Ltd,CHC-00729,Roasted Almond Chocolate Gift Box,39,2026-04-30,Delivered,India,166.92
ORD-11490,"Mcdaniel, Williams and Lee",CHC-00593,Soft Caramel Core Chocolate Wafer Bar,10,2025-10-27,Pending,Australia,29.9
ORD-11491,Myers-Coleman,CHC-00640,Salted Butter Caramel Chocolate Drops,29,2026-02-23,Shipped,Australia,74.82
ORD-11492,Estrada-Hoffman,CHC-00264,Classic Milk Chocolate Truffle Box,8,2025-11-22,Pending,Mexico,21.04
ORD-11493,"Mitchell, Barrett and Ross",CHC-00420,Roasted Almond Chocolate Drops,66,2025-11-12,Delivered,Japan,207.24
ORD-11494,Lopez-Herring,CHC-01413,Diabetic Friendly Sugar-Free Chocolate Squares,19,2026-02-28,Delivered,Brazil,101.84
ORD-11495,"Waters, Riddle and Owens",CHC-01234,70% Intense Dark Chocolate Coated Nuts,44,2026-01-26,Shipped,UAE,209.88
ORD-11496,Allen Ltd,CHC-01366,Cranberry Walnut Fruit & Nut Chocolate Chips (Baking),11,2026-03-30,Processing,Japan,43.56
ORD-11497,Espinoza and Sons,CHC-00960,70% Intense Dark Chocolate Filled Bar,166,2026-02-20,Processing,Ghana,607.56
ORD-11498,Suarez-Adams,CHC-00235,Honeycomb Milk Chocolate Squares,82,2026-04-29,Delivered,Netherlands,282.9
ORD-11499,Alvarez-Edwards,CHC-00857,Biscuit Milk Chocolate Drops,107,2026-06-29,Pending,Japan,430.14
ORD-11500,Riggs-Zamora,CHC-00465,Diabetic Friendly Sugar-Free Chocolate Wafer Bar,59,2025-12-27,Shipped,Peru,302.08
ORD-11501,Kirk Ltd,CHC-00968,Organic Single Origin Chocolate Gift Box,18,2026-02-12,Shipped,Australia,93.42
ORD-11502,Jackson and Sons,CHC-01315,Almond Crunch Chocolate Drops,66,2025-10-29,Shipped,Switzerland,353.1
ORD-11503,"Moreno, Mendoza and Hancock",CHC-01012,Bakers Classic Compound Chocolate Squares,10,2025-11-26,Pending,Mexico,16.1
ORD-11504,"Moore, Love and Walker",CHC-00967,Raspberry Swirl White Chocolate Pralines,19,2026-08-02,Pending,Indonesia,43.32
ORD-11505,Waller-Roberts,CHC-00873,Honeycomb Milk Chocolate Filled Bar,29,2025-12-15,Delivered,India,72.21
ORD-11506,Adams Group,CHC-00318,Espresso Infused Dark Chocolate Wafer Bar,26,2026-04-20,Processing,South Africa,144.56
ORD-11507,Avery and Sons,CHC-00560,Organic Fair-Trade Chocolate Gift Box,9,2026-02-03,Delivered,Canada,33.03
ORD-11508,Owens-Alexander,CHC-00464,Raspberry Swirl White Chocolate Squares,29,2025-11-26,Delivered,Germany,104.69
ORD-11509,"Brooks, Smith and Horne",CHC-01087,Biscuit Milk Chocolate Drops,12,2025-11-25,Processing,United Kingdom,48.96
ORD-11510,Powell and Sons,CHC-01165,Vanilla Bean White Chocolate Chips (Baking),63,2026-07-24,Pending,Switzerland,154.98
ORD-11511,Watkins Group,CHC-00916,Coconut White Chocolate Coated Nuts,52,2026-02-26,Pending,Australia,133.12
ORD-11512,"Barnes, Estrada and Davis",CHC-01491,Organic Raw Cacao Chocolate Pralines,136,2026-06-08,Delivered,Belgium,841.84
ORD-11513,Mitchell-Cordova,CHC-00717,Whole Hazelnut Chocolate Truffle Box,136,2026-06-04,Processing,Italy,427.04
ORD-11514,Berry-Johnson,CHC-01395,Espresso Infused Dark Chocolate Squares,14,2026-03-30,Pending,China,87.5
ORD-11515,Duran PLC,CHC-00835,70% Intense Dark Chocolate Bar,27,2026-07-26,Pending,Cote d'Ivoire,70.47
ORD-11516,Fuller PLC,CHC-00851,Single Origin Dark Chocolate Truffle Box,16,2026-02-13,Delivered,Mexico,40.64
ORD-11517,"Washington, Thomas and Ross",CHC-00752,Almond Crunch Chocolate Pralines,8,2026-05-17,Delivered,Switzerland,25.12
ORD-11518,"Ford, Reed and Martin",CHC-01167,Bakers Classic Compound Chocolate Coated Nuts,22,2025-10-11,Delivered,France,40.26
ORD-11519,Erickson PLC,CHC-00733,Stevia Sweetened Sugar-Free Chocolate Drops,47,2026-06-21,Shipped,Colombia,263.2
ORD-11520,"Fuller, Greene and Weeks",CHC-00027,Diabetic Friendly Sugar-Free Chocolate Chips (Baking),16,2026-03-29,Delivered,UAE,60.96
ORD-11521,Knight-Nguyen,CHC-00057,85% Extra Bold Dark Chocolate Filled Bar,55,2026-01-18,Delivered,India,305.8
ORD-11522,"Watson, Garcia and Cook",CHC-01169,Sea Salt Caramel Chocolate Gift Box,22,2026-01-04,Delivered,USA,92.84
ORD-11523,"Manning, Hahn and Green",CHC-00227,Plant-Based Classic Vegan Dark Chocolate Gift Box,33,2025-12-27,Delivered,Switzerland,134.97
ORD-11524,Pineda-Strickland,CHC-00679,Berry Burst Ruby Chocolate Wafer Bar,47,2026-06-13,Delivered,Australia,343.57
ORD-11525,Cole-Mcdonald,CHC-01087,Biscuit Milk Chocolate Drops,457,2025-11-02,Delivered,United Kingdom,1864.56
ORD-11526,"Stewart, Rodriguez and Harvey",CHC-01484,Almond Crunch Chocolate Truffle Box,49,2026-01-21,Pending,USA,259.7
ORD-11527,Wright Ltd,CHC-01023,Confectionery Grade Compound Chocolate Chips (Baking),51,2026-07-09,Pending,USA,95.37
ORD-11528,"Stafford, Anderson and Taylor",CHC-00404,Vanilla Bean White Chocolate Squares,20,2026-03-11,Processing,Switzerland,75.0
ORD-11529,Contreras-Lopez,CHC-00944,Organic Fair-Trade Chocolate Drops,7,2026-03-13,Delivered,Netherlands,33.81
ORD-11530,Barajas-Griffin,CHC-00513,Sea Salt Milk Chocolate Bar,44,2025-11-12,Delivered,Cote d'Ivoire,151.36
ORD-11531,Welch and Sons,CHC-00972,Single Origin Dark Chocolate Wafer Bar,15,2026-06-09,Delivered,Japan,87.15
ORD-11532,Thompson Inc,CHC-00862,Roasted Almond Chocolate Filled Bar,15,2026-03-14,Delivered,Mexico,59.55
ORD-11533,Chavez Inc,CHC-01217,Roasted Almond Chocolate Truffle Box,15,2025-12-30,Shipped,Canada,82.05
ORD-11534,Paul-Gordon,CHC-00351,Diabetic Friendly Sugar-Free Chocolate Chips (Baking),14,2026-03-09,Pending,Indonesia,64.4
ORD-11535,Gutierrez and Sons,CHC-00472,Biscuit Milk Chocolate Squares,22,2026-05-22,Pending,Canada,50.82
ORD-11536,Willis and Sons,CHC-01156,Single Origin Dark Chocolate Coated Nuts,158,2026-05-05,Shipped,Canada,870.58
ORD-11537,Torres-Henry,CHC-00185,Vanilla Bean White Chocolate Coated Nuts,66,2026-07-29,Shipped,Canada,295.02
ORD-11538,Brown-Khan,CHC-00444,Organic Single Origin Chocolate Pralines,13,2026-02-20,Processing,United Kingdom,55.38
ORD-11539,Morris PLC,CHC-00427,Biscuit Milk Chocolate Coated Nuts,36,2025-11-16,Processing,Brazil,137.52
ORD-11540,Harris-Rogers,CHC-00315,70% Intense Dark Chocolate Coated Nuts,24,2025-11-27,Pending,Cote d'Ivoire,71.52
ORD-11541,Johnson Inc,CHC-00224,85% Extra Bold Dark Chocolate Wafer Bar,16,2026-01-09,Processing,Japan,50.08
ORD-11542,Trevino-Burns,CHC-01298,85% Extra Bold Dark Chocolate Squares,35,2025-11-13,Delivered,Switzerland,124.6
ORD-11543,Burch-Hood,CHC-00716,Organic Fair-Trade Chocolate Bar,29,2026-01-30,Delivered,Belgium,180.96
ORD-11544,"Gray, Stewart and Benjamin",CHC-01076,85% Extra Bold Dark Chocolate Coated Nuts,72,2025-11-15,Delivered,United Kingdom,352.08
ORD-11545,"Green, Oliver and Jones",CHC-00327,Gianduja Style Hazelnut Chocolate Bar,192,2026-01-25,Delivered,Colombia,967.68
ORD-11546,"Rose, Garcia and Garcia",CHC-00492,Biscuit Milk Chocolate Coated Nuts,159,2026-04-12,Delivered,Switzerland,537.42
ORD-11547,"Garcia, Dennis and Mcbride",CHC-00858,85% Extra Bold Dark Chocolate Wafer Bar,194,2026-04-25,Delivered,Indonesia,1187.28
ORD-11548,"Johnson, Dennis and Harrison",CHC-00204,Stevia Sweetened Sugar-Free Chocolate Squares,37,2026-04-13,Delivered,Germany,189.44
ORD-11549,Williams-Johns,CHC-01189,Citrus Ruby Chocolate Gift Box,21,2025-11-30,Pending,United Kingdom,146.16
ORD-11550,"Carlson, Barnett and Smith",CHC-00048,Citrus Ruby Chocolate Filled Bar,20,2025-12-03,Delivered,Indonesia,123.8
ORD-11551,Jacobson-Wright,CHC-00253,Praline Hazelnut Chocolate Pralines,53,2026-04-15,Delivered,Australia,314.82
ORD-11552,"Mcdonald, Garcia and Fuller",CHC-01467,Gianduja Style Hazelnut Chocolate Squares,41,2026-03-10,Processing,Colombia,191.06
ORD-11553,"Jensen, Rivera and Daniels",CHC-00551,Stevia Sweetened Sugar-Free Chocolate Pralines,38,2026-03-06,Delivered,South Africa,163.78
ORD-11554,"Ross, Eaton and Lloyd",CHC-00918,Almond Crunch Chocolate Bar,89,2025-12-12,Pending,Australia,268.78
ORD-11555,"Johnson, Stevens and Tran",CHC-00542,Tropical Mix Fruit & Nut Chocolate Bar,8,2025-10-18,Processing,Cote d'Ivoire,32.48
ORD-11556,"Carpenter, Thomas and Gross",CHC-00938,Organic Single Origin Chocolate Squares,53,2025-10-16,Delivered,USA,258.11
ORD-11557,Walters-Ferguson,CHC-00613,Marzipan Style Almond Chocolate Wafer Bar,77,2025-11-10,Delivered,USA,381.92
ORD-11558,"Roberts, Wade and Hernandez",CHC-00737,Sea Salt Caramel Chocolate Coated Nuts,13,2026-06-10,Delivered,Germany,34.45
ORD-11559,"Walter, Brown and Tyler",CHC-00880,Single Origin Dark Chocolate Squares,32,2026-01-13,Delivered,Switzerland,168.32
ORD-11560,Lozano and Sons,CHC-00724,Citrus Ruby Chocolate Coated Nuts,26,2026-03-18,Delivered,Japan,151.58
ORD-11561,Young-James,CHC-01303,Almond Crunch Chocolate Gift Box,43,2026-05-17,Pending,France,215.0
ORD-11562,Reese Ltd,CHC-00108,Single Origin Dark Chocolate Gift Box,51,2025-11-16,Processing,China,186.66
ORD-11563,"Petty, Carrillo and Mendez",CHC-01198,85% Extra Bold Dark Chocolate Filled Bar,131,2026-06-05,Processing,Mexico,503.04
ORD-11564,Best Inc,CHC-01095,Classic Sugar-Free Chocolate Chips (Baking),10,2026-02-25,Processing,Switzerland,51.3
ORD-11565,Gonzales Group,CHC-01477,85% Extra Bold Dark Chocolate Truffle Box,129,2026-04-12,Delivered,UAE,398.61
ORD-11566,Hernandez-West,CHC-01230,Sea Salt Milk Chocolate Chips (Baking),22,2025-10-19,Processing,Brazil,46.42
ORD-11567,"Hayden, Roberts and Wood",CHC-01100,Coconut White Chocolate Wafer Bar,10,2026-02-24,Shipped,Colombia,32.0
ORD-11568,"Nelson, Snyder and Mayer",CHC-00422,Biscuit Milk Chocolate Squares,18,2026-07-02,Delivered,France,37.26
ORD-11569,Massey Inc,CHC-00031,Almond Crunch Chocolate Filled Bar,39,2026-03-12,Delivered,USA,154.44
ORD-11570,Houston-Maldonado,CHC-00300,Whole Hazelnut Chocolate Gift Box,16,2025-10-09,Shipped,India,87.2
ORD-11571,"Brown, Rivera and Moore",CHC-00925,Oat Milk Blend Vegan Dark Chocolate Wafer Bar,24,2026-05-08,Pending,Canada,99.84
ORD-11572,Arias PLC,CHC-01218,Bakers Classic Compound Chocolate Truffle Box,30,2026-01-24,Shipped,Peru,54.6
ORD-11573,"Williams, Humphrey and Castaneda",CHC-01223,70% Intense Dark Chocolate Pralines,27,2026-03-21,Delivered,South Africa,164.97
ORD-11574,Romero-Thomas,CHC-00781,Value Pack Compound Chocolate Bar,44,2025-11-25,Pending,USA,106.48
ORD-11575,Robinson and Sons,CHC-00486,85% Extra Bold Dark Chocolate Drops,51,2026-05-15,Shipped,Italy,320.79
ORD-11576,Perez-Smith,CHC-00972,Single Origin Dark Chocolate Wafer Bar,34,2026-06-13,Delivered,Japan,197.54
ORD-11577,Davis-Miranda,CHC-01238,Classic Sugar-Free Chocolate Bar,37,2026-01-02,Pending,France,207.94
ORD-11578,Schultz-Wall,CHC-00215,Organic Raw Cacao Chocolate Pralines,17,2025-12-01,Shipped,South Africa,75.48
ORD-11579,Levine-Anderson,CHC-00116,Almond Crunch Chocolate Bar,50,2025-10-21,Delivered,Italy,272.0
ORD-11580,Edwards Ltd,CHC-00196,Sea Salt Caramel Chocolate Pralines,13,2026-04-14,Delivered,Colombia,52.39
ORD-11581,Cohen-Allison,CHC-01405,Raspberry Swirl White Chocolate Gift Box,16,2026-06-02,Delivered,Mexico,44.96
ORD-11582,"West, Shaffer and Jacobs",CHC-01422,Confectionery Grade Compound Chocolate Drops,46,2026-04-16,Processing,United Kingdom,65.32
ORD-11583,Taylor LLC,CHC-00334,Organic Fair-Trade Chocolate Drops,185,2026-07-02,Delivered,Switzerland,684.5
ORD-11584,Allen Ltd,CHC-01032,Plant-Based Classic Vegan Dark Chocolate Chips (Baking),10,2026-04-15,Processing,Ghana,52.8
ORD-11585,Nunez Inc,CHC-00569,Coconut White Chocolate Chips (Baking),6,2026-05-03,Delivered,Canada,21.54
ORD-11586,Osborne Inc,CHC-00224,85% Extra Bold Dark Chocolate Wafer Bar,28,2026-02-08,Delivered,Japan,87.64
ORD-11587,Morris-Yang,CHC-00372,Tropical Mix Fruit & Nut Chocolate Truffle Box,211,2025-10-29,Delivered,Indonesia,630.89
ORD-11588,"Owens, Ochoa and Moore",CHC-00017,Coconut Sugar Vegan Dark Chocolate Squares,9,2026-01-27,Processing,USA,57.15
ORD-11589,Davis Group,CHC-01330,Praline Hazelnut Chocolate Chips (Baking),33,2025-12-23,Delivered,USA,115.83
ORD-11590,Martin Inc,CHC-00990,Value Pack Compound Chocolate Pralines,16,2026-04-13,Delivered,USA,25.76
ORD-11591,Davis Ltd,CHC-01362,Bakers Classic Compound Chocolate Filled Bar,17,2026-01-08,Delivered,USA,29.58
ORD-11592,Miller-Wright,CHC-01312,Citrus Ruby Chocolate Squares,11,2025-11-30,Delivered,South Africa,73.48
ORD-11593,"Brown, Harding and Garrett",CHC-00634,Cranberry Walnut Fruit & Nut Chocolate Coated Nuts,230,2026-01-22,Pending,USA,924.6
ORD-11594,Johnson LLC,CHC-00183,Almond Crunch Chocolate Squares,151,2026-01-22,Shipped,USA,709.7
ORD-11595,Allen Group,CHC-00194,Praline Hazelnut Chocolate Filled Bar,27,2026-02-19,Delivered,Belgium,131.76
ORD-11596,"Reed, Chavez and Cox",CHC-00279,Lemon Zest White Chocolate Coated Nuts,8,2025-11-02,Pending,Netherlands,32.56
ORD-11597,Mcdowell Inc,CHC-00761,70% Intense Dark Chocolate Coated Nuts,77,2026-06-11,Delivered,UAE,198.66
ORD-11598,Barnes-Carter,CHC-00113,Biscuit Milk Chocolate Gift Box,39,2026-02-21,Processing,Germany,155.22
ORD-11599,Lewis LLC,CHC-00263,Roasted Almond Chocolate Coated Nuts,62,2026-04-14,Delivered,Netherlands,237.46
ORD-11600,Campbell-Shields,CHC-00653,85% Extra Bold Dark Chocolate Coated Nuts,136,2025-10-29,Processing,Mexico,520.88
ORD-11601,"Pope, Torres and Dean",CHC-00992,Classic Milk Chocolate Squares,84,2026-02-22,Delivered,Germany,373.8
ORD-11602,Ayers Group,CHC-01342,Espresso Infused Dark Chocolate Coated Nuts,35,2025-10-09,Processing,Australia,193.55
ORD-11603,Knight Group,CHC-00099,Vanilla Bean White Chocolate Wafer Bar,46,2025-11-03,Pending,Australia,100.74
ORD-11604,Simpson-Foster,CHC-00557,Honeycomb Milk Chocolate Truffle Box,53,2026-01-26,Delivered,Belgium,170.66
ORD-11605,Shaw Ltd,CHC-00858,85% Extra Bold Dark Chocolate Wafer Bar,60,2026-01-12,Pending,Indonesia,367.2
ORD-11606,Dixon and Sons,CHC-00394,Classic Milk Chocolate Bar,100,2026-02-16,Processing,Netherlands,435.0
ORD-11607,Olson Group,CHC-01441,Organic Fair-Trade Chocolate Squares,10,2025-10-21,Shipped,France,47.8
ORD-11608,Bennett-Martinez,CHC-00051,Tropical Mix Fruit & Nut Chocolate Pralines,50,2026-06-14,Processing,Switzerland,200.0
ORD-11609,"Cummings, Miller and Long",CHC-00491,85% Extra Bold Dark Chocolate Pralines,16,2026-07-03,Delivered,Cote d'Ivoire,88.32
ORD-11610,Parker PLC,CHC-00936,Raspberry Swirl White Chocolate Drops,40,2026-04-14,Shipped,France,128.0
ORD-11611,Roberts Group,CHC-00363,Espresso Infused Dark Chocolate Filled Bar,62,2026-06-13,Delivered,India,203.36
ORD-11612,Roberts-Pitts,CHC-00160,Marzipan Style Almond Chocolate Filled Bar,153,2026-06-30,Processing,Ecuador,500.31
ORD-11613,"Woods, Brandt and Taylor",CHC-00708,Value Pack Compound Chocolate Wafer Bar,27,2026-06-12,Processing,Brazil,48.6
ORD-11614,Bowman-Brennan,CHC-01383,70% Intense Dark Chocolate Filled Bar,15,2026-05-12,Pending,Italy,50.7
ORD-11615,Fletcher-Yates,CHC-01412,Organic Single Origin Chocolate Pralines,34,2026-04-27,Shipped,France,214.88
ORD-11616,Abbott-Weiss,CHC-01261,70% Intense Dark Chocolate Chips (Baking),111,2026-01-16,Pending,USA,596.07
ORD-11617,Walter-Sawyer,CHC-00122,Single Origin Dark Chocolate Truffle Box,30,2026-07-27,Processing,Belgium,156.6
ORD-11618,Goodwin-Mcdonald,CHC-01365,Confectionery Grade Compound Chocolate Drops,103,2025-11-26,Pending,Colombia,214.24
ORD-11619,Chandler-Wolfe,CHC-00590,Soft Caramel Core Chocolate Coated Nuts,30,2026-06-10,Processing,Mexico,92.4
ORD-11620,"Simon, Davis and Spence",CHC-00590,Soft Caramel Core Chocolate Coated Nuts,65,2026-01-23,Processing,Mexico,200.2
ORD-11621,Collins and Sons,CHC-01356,Sea Salt Milk Chocolate Drops,19,2026-06-05,Delivered,Switzerland,43.32
ORD-11622,Watson-Stanley,CHC-00653,85% Extra Bold Dark Chocolate Coated Nuts,46,2025-12-27,Pending,Mexico,176.18
ORD-11623,"Landry, Schultz and Diaz",CHC-00305,Confectionery Grade Compound Chocolate Coated Nuts,51,2026-02-12,Shipped,Netherlands,116.79
ORD-11624,Perez LLC,CHC-00193,Lemon Zest White Chocolate Gift Box,50,2026-03-06,Pending,France,210.5
ORD-11625,"Wilson, Curry and Wolf",CHC-00624,Vanilla Bean White Chocolate Truffle Box,12,2026-05-07,Delivered,Australia,34.68
ORD-11626,Guerrero-Hudson,CHC-01460,Sea Salt Caramel Chocolate Gift Box,13,2026-07-09,Processing,Cote d'Ivoire,50.18
ORD-11627,"Jackson, Crosby and Garza",CHC-00495,Coconut Sugar Vegan Dark Chocolate Pralines,30,2025-10-24,Delivered,Australia,193.2
ORD-11628,"Mooney, Rivera and Cruz",CHC-00011,Biscuit Milk Chocolate Bar,22,2026-05-08,Processing,France,64.24
ORD-11629,Simon-Johnson,CHC-00484,Honeycomb Milk Chocolate Drops,31,2025-11-11,Processing,China,81.53
ORD-11630,Hart-Clark,CHC-00737,Sea Salt Caramel Chocolate Coated Nuts,10,2026-06-26,Delivered,Germany,26.5
ORD-11631,Li Inc,CHC-00573,70% Intense Dark Chocolate Drops,103,2026-01-22,Delivered,China,521.18
ORD-11632,Evans-Miller,CHC-00361,Honeycomb Milk Chocolate Truffle Box,11,2026-04-21,Delivered,Australia,46.75
ORD-11633,Young LLC,CHC-00373,Almond Crunch Chocolate Squares,48,2026-01-14,Delivered,Mexico,228.96
ORD-11634,Mccullough-Ortiz,CHC-00965,Espresso Infused Dark Chocolate Drops,20,2025-10-26,Delivered,USA,96.6
ORD-11635,Williams Inc,CHC-00026,Organic Single Origin Chocolate Coated Nuts,144,2025-12-27,Pending,Indonesia,542.88
ORD-11636,Contreras Ltd,CHC-01464,Espresso Infused Dark Chocolate Truffle Box,75,2026-06-16,Shipped,Switzerland,377.25
ORD-11637,James PLC,CHC-00551,Stevia Sweetened Sugar-Free Chocolate Pralines,28,2026-01-04,Processing,South Africa,120.68
ORD-11638,"Turner, Jones and Tran",CHC-01016,Honeycomb Milk Chocolate Pralines,33,2025-10-26,Pending,Netherlands,66.99
ORD-11639,"Patterson, Martinez and Miller",CHC-00695,Diabetic Friendly Sugar-Free Chocolate Drops,28,2026-07-26,Shipped,Belgium,160.72
ORD-11640,Johnson-Doyle,CHC-00240,Coconut Sugar Vegan Dark Chocolate Bar,24,2026-04-20,Pending,Switzerland,94.56
ORD-11641,"Acosta, Watson and Rollins",CHC-01072,Raspberry Swirl White Chocolate Gift Box,21,2026-02-26,Delivered,Belgium,73.71
ORD-11642,Lopez-White,CHC-01060,85% Extra Bold Dark Chocolate Drops,71,2026-04-17,Delivered,Australia,396.89
ORD-11643,Bautista-Santana,CHC-00086,85% Extra Bold Dark Chocolate Bar,14,2026-01-09,Shipped,Belgium,86.66
ORD-11644,Larson Ltd,CHC-01497,Roasted Almond Chocolate Pralines,16,2026-05-10,Shipped,Ghana,46.24
ORD-11645,Farmer-Brown,CHC-00851,Single Origin Dark Chocolate Truffle Box,35,2026-01-22,Pending,Mexico,88.9
ORD-11646,Beltran-Chambers,CHC-00702,Gianduja Style Hazelnut Chocolate Drops,49,2026-04-27,Delivered,France,229.32
ORD-11647,"Young, Lamb and Peters",CHC-00224,85% Extra Bold Dark Chocolate Wafer Bar,60,2026-06-24,Delivered,Japan,187.8
ORD-11648,Hall-Cameron,CHC-00139,Coconut White Chocolate Wafer Bar,11,2026-08-02,Delivered,UAE,49.17
ORD-11649,Smith Ltd,CHC-01348,Sea Salt Milk Chocolate Pralines,79,2026-05-24,Processing,Italy,178.54
ORD-11650,Patton-Higgins,CHC-01001,Sea Salt Caramel Chocolate Pralines,198,2026-07-25,Processing,Switzerland,861.3
ORD-11651,Porter-Armstrong,CHC-01397,85% Extra Bold Dark Chocolate Filled Bar,22,2025-11-04,Delivered,France,79.42
ORD-11652,Evans Ltd,CHC-00105,70% Intense Dark Chocolate Chips (Baking),30,2025-11-17,Delivered,South Africa,144.3
ORD-11653,"Bell, Hodges and Berry",CHC-00766,Whole Hazelnut Chocolate Wafer Bar,13,2025-10-09,Processing,Italy,55.25
ORD-11654,"Duke, Gray and Downs",CHC-00449,Raisin & Almond Fruit & Nut Chocolate Coated Nuts,41,2026-02-23,Delivered,Canada,207.05
ORD-11655,Johnston Inc,CHC-00281,Plant-Based Classic Vegan Dark Chocolate Drops,20,2025-12-14,Shipped,UAE,111.8
ORD-11656,"Gardner, Price and Carrillo",CHC-01412,Organic Single Origin Chocolate Pralines,35,2026-04-04,Shipped,France,221.2
ORD-11657,Jimenez-Graham,CHC-00946,Espresso Infused Dark Chocolate Coated Nuts,74,2026-02-09,Delivered,Mexico,371.48
ORD-11658,"Pierce, Campos and Burns",CHC-00203,70% Intense Dark Chocolate Drops,5,2026-06-28,Shipped,Belgium,14.5
ORD-11659,Harrison and Sons,CHC-01315,Almond Crunch Chocolate Drops,8,2026-03-29,Pending,Switzerland,42.8
ORD-11660,Ruiz-Smith,CHC-00662,Espresso Infused Dark Chocolate Drops,53,2026-06-07,Delivered,Cote d'Ivoire,152.64
ORD-11661,Carter-Barker,CHC-00383,85% Extra Bold Dark Chocolate Pralines,93,2025-10-11,Delivered,Brazil,474.3
ORD-11662,Fields Group,CHC-01093,Sea Salt Milk Chocolate Squares,39,2025-11-28,Delivered,Cote d'Ivoire,79.95
ORD-11663,"Weber, Mathis and Mitchell",CHC-00470,Confectionery Grade Compound Chocolate Coated Nuts,32,2026-02-17,Processing,Belgium,62.4
ORD-11664,Harper-Daniel,CHC-00835,70% Intense Dark Chocolate Bar,69,2026-04-12,Delivered,Cote d'Ivoire,180.09
ORD-11665,Travis Group,CHC-00745,Stevia Sweetened Sugar-Free Chocolate Bar,81,2025-11-18,Processing,Japan,246.24
ORD-11666,Johnson-Phillips,CHC-00875,Raisin & Almond Fruit & Nut Chocolate Chips (Baking),31,2025-12-19,Processing,Cote d'Ivoire,105.4
ORD-11667,"Lee, Thomas and Gutierrez",CHC-01140,Organic Raw Cacao Chocolate Drops,10,2025-10-23,Processing,United Kingdom,50.2
ORD-11668,Wilson-Potter,CHC-00225,Stevia Sweetened Sugar-Free Chocolate Coated Nuts,32,2026-08-01,Processing,Germany,169.28
ORD-11669,Richmond LLC,CHC-01479,Sea Salt Milk Chocolate Coated Nuts,29,2026-07-21,Shipped,Ghana,111.94
ORD-11670,Wolf-Gutierrez,CHC-01195,Classic Milk Chocolate Truffle Box,26,2026-04-06,Delivered,France,106.86
ORD-11671,"Henson, Mays and Campbell",CHC-00030,Citrus Ruby Chocolate Truffle Box,95,2026-02-26,Delivered,USA,676.4
ORD-11672,"Gregory, Knapp and Cooper",CHC-00170,Sea Salt Caramel Chocolate Pralines,20,2026-04-28,Delivered,Belgium,97.8
ORD-11673,"Herring, Huber and Smith",CHC-00690,Single Origin Dark Chocolate Truffle Box,95,2025-11-15,Shipped,USA,557.65
ORD-11674,Perez-Chan,CHC-00244,Organic Raw Cacao Chocolate Gift Box,8,2026-01-30,Delivered,Belgium,40.16
ORD-11675,Baker-Peterson,CHC-00269,Organic Fair-Trade Chocolate Drops,14,2026-02-26,Delivered,Germany,78.82
ORD-11676,"Houston, Parker and Smith",CHC-01257,Praline Hazelnut Chocolate Drops,7,2025-12-01,Shipped,Ecuador,32.76
ORD-11677,Taylor-Diaz,CHC-01009,85% Extra Bold Dark Chocolate Filled Bar,30,2026-05-24,Pending,Netherlands,123.6
ORD-11678,"Richardson, Wilson and White",CHC-00702,Gianduja Style Hazelnut Chocolate Drops,67,2026-01-19,Shipped,France,313.56
ORD-11679,Miller-Middleton,CHC-01157,Single Origin Dark Chocolate Drops,31,2025-12-26,Processing,Colombia,124.93
ORD-11680,Torres-Fox,CHC-00516,Biscuit Milk Chocolate Coated Nuts,15,2026-02-01,Delivered,Peru,59.25
ORD-11681,"Williams, Fisher and Dean",CHC-00500,Oat Milk Blend Vegan Dark Chocolate Filled Bar,46,2026-05-31,Delivered,Switzerland,253.46
ORD-11682,Hoffman-Alvarez,CHC-00993,Espresso Infused Dark Chocolate Coated Nuts,31,2026-07-26,Pending,China,170.81
ORD-11683,Barr-Sanchez,CHC-00737,Sea Salt Caramel Chocolate Coated Nuts,60,2026-03-23,Shipped,Germany,159.0
ORD-11684,Franklin-Garcia,CHC-00974,Berry Burst Ruby Chocolate Squares,86,2025-12-05,Delivered,Mexico,395.6
ORD-11685,Eaton Inc,CHC-01274,Classic Sugar-Free Chocolate Drops,9,2026-01-21,Processing,Peru,41.76
ORD-11686,Haynes and Sons,CHC-00823,Salted Butter Caramel Chocolate Wafer Bar,16,2025-12-01,Delivered,Switzerland,56.48
ORD-11687,Nichols Group,CHC-00587,Marzipan Style Almond Chocolate Gift Box,90,2025-11-24,Delivered,Germany,258.3
ORD-11688,Valencia-Brooks,CHC-00663,85% Extra Bold Dark Chocolate Wafer Bar,71,2026-03-10,Shipped,Cote d'Ivoire,178.21
ORD-11689,Lee Ltd,CHC-00358,Organic Raw Cacao Chocolate Chips (Baking),113,2025-10-22,Delivered,China,429.4
ORD-11690,Coleman Group,CHC-00331,70% Intense Dark Chocolate Drops,31,2026-05-14,Shipped,Belgium,201.19
ORD-11691,Williams LLC,CHC-01098,Classic Sugar-Free Chocolate Chips (Baking),95,2026-03-07,Shipped,Switzerland,361.0
ORD-11692,Miller LLC,CHC-00645,85% Extra Bold Dark Chocolate Filled Bar,10,2026-01-14,Delivered,Indonesia,51.9
ORD-11693,Washington PLC,CHC-01368,Marzipan Style Almond Chocolate Truffle Box,42,2026-07-04,Delivered,USA,139.44
ORD-11694,"Barron, Mckay and Welch",CHC-00960,70% Intense Dark Chocolate Filled Bar,19,2025-11-14,Delivered,Ghana,69.54
ORD-11695,"Dean, Callahan and Martinez",CHC-00213,Citrus Ruby Chocolate Bar,11,2026-01-07,Pending,United Kingdom,69.96
ORD-11696,Aguilar LLC,CHC-01082,Lemon Zest White Chocolate Chips (Baking),54,2026-01-02,Shipped,UAE,126.9
ORD-11697,Miller-Mendoza,CHC-00976,Classic Milk Chocolate Bar,18,2026-02-12,Processing,Canada,47.88
ORD-11698,Clark-Ayala,CHC-01232,Classic Milk Chocolate Squares,62,2026-05-08,Delivered,Peru,172.98
ORD-11699,Burch Group,CHC-01418,Coconut White Chocolate Pralines,51,2025-11-25,Delivered,Canada,174.93
ORD-11700,Gonzalez PLC,CHC-01041,Plant-Based Classic Vegan Dark Chocolate Pralines,30,2025-11-10,Delivered,USA,161.4
ORD-11701,Norris Group,CHC-00071,85% Extra Bold Dark Chocolate Filled Bar,63,2026-04-16,Delivered,Italy,309.96
ORD-11702,"Walker, Duran and Rogers",CHC-01354,Lemon Zest White Chocolate Squares,46,2026-02-23,Shipped,Australia,142.6
ORD-11703,Garcia PLC,CHC-01104,70% Intense Dark Chocolate Squares,28,2026-02-02,Pending,Colombia,121.24
ORD-11704,"May, Ward and Miller",CHC-00028,Raspberry Swirl White Chocolate Gift Box,5,2026-06-13,Pending,France,12.85
ORD-11705,Potter Inc,CHC-01155,Confectionery Grade Compound Chocolate Chips (Baking),10,2026-02-25,Delivered,Colombia,12.6
ORD-11706,Mahoney-Cruz,CHC-01056,Biscuit Milk Chocolate Filled Bar,38,2026-07-04,Delivered,UAE,125.4
ORD-11707,Ruiz-Burnett,CHC-00794,Soft Caramel Core Chocolate Gift Box,39,2026-03-17,Pending,Belgium,158.34
ORD-11708,Briggs-Rivas,CHC-01343,Gianduja Style Hazelnut Chocolate Drops,19,2025-12-10,Delivered,Switzerland,106.4
ORD-11709,Burns Inc,CHC-01110,Honeycomb Milk Chocolate Squares,136,2026-03-17,Delivered,Japan,443.36
ORD-11710,Villarreal Ltd,CHC-00190,70% Intense Dark Chocolate Gift Box,8,2026-01-02,Processing,France,22.64
ORD-11711,"Coleman, Mccann and Arroyo",CHC-00403,Sea Salt Caramel Chocolate Chips (Baking),58,2026-06-23,Delivered,France,274.92
ORD-11712,"Miller, Padilla and Luna",CHC-00033,Single Origin Dark Chocolate Coated Nuts,45,2026-07-11,Shipped,China,198.9
ORD-11713,"Martinez, Rose and Freeman",CHC-01279,Praline Hazelnut Chocolate Chips (Baking),16,2026-02-10,Processing,Germany,89.12
ORD-11714,"Guerrero, King and Moon",CHC-00321,Stevia Sweetened Sugar-Free Chocolate Chips (Baking),37,2025-10-22,Delivered,India,144.67
ORD-11715,Mclean-Nelson,CHC-00779,Plant-Based Classic Vegan Dark Chocolate Drops,23,2026-04-03,Processing,France,114.77
ORD-11716,Nelson Group,CHC-01450,Marzipan Style Almond Chocolate Chips (Baking),34,2026-07-18,Processing,Japan,141.1
ORD-11717,Singh and Sons,CHC-00817,Biscuit Milk Chocolate Coated Nuts,105,2025-11-17,Processing,Ecuador,409.5
ORD-11718,Thomas Ltd,CHC-01475,Biscuit Milk Chocolate Drops,22,2026-04-23,Delivered,Belgium,51.7
ORD-11719,"Leonard, Nelson and Tucker",CHC-01328,Raspberry Swirl White Chocolate Coated Nuts,34,2026-08-01,Delivered,South Africa,112.54
ORD-11720,Potts-Smith,CHC-00910,Classic Milk Chocolate Coated Nuts,33,2025-12-15,Delivered,Germany,73.92
ORD-11721,Terry-Hunter,CHC-00400,Bakers Classic Compound Chocolate Pralines,22,2026-07-11,Delivered,South Africa,55.0
ORD-11722,Jimenez PLC,CHC-01056,Biscuit Milk Chocolate Filled Bar,42,2025-12-07,Shipped,UAE,138.6
ORD-11723,"Salas, Sullivan and Taylor",CHC-01287,Original Ruby Chocolate Truffle Box,90,2026-06-08,Shipped,Germany,517.5
ORD-11724,Thompson-Waters,CHC-01438,Tropical Mix Fruit & Nut Chocolate Filled Bar,21,2026-05-09,Shipped,Italy,99.12
ORD-11725,Pham-Anderson,CHC-01132,Coconut White Chocolate Bar,29,2026-07-17,Delivered,France,109.33
ORD-11726,Ramirez-Miller,CHC-00279,Lemon Zest White Chocolate Coated Nuts,70,2026-01-11,Delivered,Netherlands,284.9
ORD-11727,Stevens Ltd,CHC-01400,Tropical Mix Fruit & Nut Chocolate Drops,46,2026-03-31,Delivered,Germany,176.64
ORD-11728,Hudson-Wu,CHC-00995,70% Intense Dark Chocolate Squares,20,2026-06-15,Delivered,China,52.2
ORD-11729,"Nichols, White and Holmes",CHC-01255,Biscuit Milk Chocolate Squares,25,2025-12-28,Delivered,United Kingdom,76.75
ORD-11730,Smith LLC,CHC-00534,Honeycomb Milk Chocolate Bar,27,2026-02-20,Delivered,Belgium,80.73
ORD-11731,Edwards Inc,CHC-00402,Tropical Mix Fruit & Nut Chocolate Coated Nuts,22,2026-05-29,Shipped,Canada,88.0
ORD-11732,Barnes Inc,CHC-01336,Sea Salt Caramel Chocolate Chips (Baking),58,2026-01-01,Processing,Ghana,204.74
ORD-11733,Mccall Group,CHC-00111,Bakers Classic Compound Chocolate Wafer Bar,43,2026-04-25,Delivered,China,80.41
ORD-11734,"Terry, Blair and Blake",CHC-00369,Sea Salt Milk Chocolate Filled Bar,18,2026-08-03,Processing,USA,78.66
ORD-11735,Christensen-Schultz,CHC-00559,Organic Fair-Trade Chocolate Wafer Bar,45,2026-06-06,Pending,Cote d'Ivoire,216.9
ORD-11736,Peters PLC,CHC-00412,Single Origin Dark Chocolate Bar,92,2025-12-25,Processing,Canada,322.92
ORD-11737,Rowe-Jackson,CHC-01474,Tropical Mix Fruit & Nut Chocolate Truffle Box,22,2026-05-15,Shipped,USA,106.48
ORD-11738,Peters-Clark,CHC-00621,Classic Milk Chocolate Gift Box,21,2026-06-03,Processing,Ecuador,62.16
ORD-11739,Spence-Wilson,CHC-00641,Whole Hazelnut Chocolate Wafer Bar,21,2026-03-09,Delivered,Colombia,106.47
ORD-11740,Alexander Inc,CHC-01091,Tropical Mix Fruit & Nut Chocolate Pralines,56,2026-04-28,Delivered,Canada,247.52
ORD-11741,"Adkins, Cook and Meyer",CHC-00579,70% Intense Dark Chocolate Pralines,22,2026-01-22,Shipped,France,73.04
ORD-11742,"Lane, Hernandez and Sutton",CHC-00688,Raspberry Swirl White Chocolate Bar,9,2026-07-29,Delivered,Peru,20.07
ORD-11743,Douglas PLC,CHC-00498,Original Ruby Chocolate Chips (Baking),36,2026-07-25,Delivered,Indonesia,229.32
ORD-11744,Snyder Group,CHC-01166,Cranberry Walnut Fruit & Nut Chocolate Truffle Box,53,2026-03-04,Pending,Peru,208.82
ORD-11745,"Brown, Rivera and Fuller",CHC-00704,Original Ruby Chocolate Chips (Baking),33,2026-04-19,Pending,Canada,156.75
ORD-11746,Reynolds PLC,CHC-00584,Marzipan Style Almond Chocolate Gift Box,39,2025-11-14,Shipped,Germany,133.77
ORD-11747,"Ward, Myers and Simmons",CHC-00366,Almond Crunch Chocolate Wafer Bar,35,2026-02-03,Shipped,China,147.0
ORD-11748,Evans-Lynch,CHC-00787,Coconut White Chocolate Pralines,17,2026-03-21,Delivered,Canada,61.54
ORD-11749,Smith-Griffith,CHC-00476,Bakers Classic Compound Chocolate Wafer Bar,20,2025-11-14,Delivered,Mexico,30.2
ORD-11750,Simpson-Thompson,CHC-00796,Classic Milk Chocolate Squares,64,2026-05-21,Delivered,Ghana,231.68
ORD-11751,Richardson and Sons,CHC-00149,Tropical Mix Fruit & Nut Chocolate Bar,16,2025-10-29,Pending,Cote d'Ivoire,65.28
ORD-11752,"Smith, Russo and Crosby",CHC-00921,Biscuit Milk Chocolate Chips (Baking),103,2025-11-24,Pending,Germany,344.02
ORD-11753,Berg-Nunez,CHC-01104,70% Intense Dark Chocolate Squares,17,2025-11-10,Delivered,Colombia,73.61
ORD-11754,Kerr and Sons,CHC-00917,Sea Salt Caramel Chocolate Bar,11,2026-06-03,Processing,Japan,53.02
ORD-11755,"Allen, Scott and Wolfe",CHC-00738,Espresso Infused Dark Chocolate Wafer Bar,45,2026-04-04,Delivered,Mexico,157.05
ORD-11756,Wallace-Wilson,CHC-00686,Praline Hazelnut Chocolate Squares,58,2025-11-23,Shipped,Netherlands,209.96
ORD-11757,Yates LLC,CHC-01061,Tropical Mix Fruit & Nut Chocolate Gift Box,15,2026-06-09,Processing,Belgium,55.65
ORD-11758,Bailey Ltd,CHC-01295,Organic Raw Cacao Chocolate Bar,61,2026-03-28,Delivered,Japan,378.2
ORD-11759,"Floyd, Melendez and Donaldson",CHC-00730,Organic Fair-Trade Chocolate Truffle Box,18,2025-12-17,Delivered,Canada,68.22
ORD-11760,Dennis-Jones,CHC-00833,Cranberry Walnut Fruit & Nut Chocolate Drops,83,2026-02-21,Shipped,USA,388.44
ORD-11761,Wade-Wells,CHC-00639,Original Ruby Chocolate Pralines,40,2026-06-06,Shipped,Canada,231.6
ORD-11762,"Anderson, Dominguez and Smith",CHC-00222,Berry Burst Ruby Chocolate Wafer Bar,25,2026-07-10,Shipped,Mexico,196.0
ORD-11763,Wright-Mcfarland,CHC-00062,Classic Milk Chocolate Drops,24,2025-10-25,Delivered,Cote d'Ivoire,100.8
ORD-11764,"Key, Matthews and Gonzales",CHC-01389,Berry Burst Ruby Chocolate Bar,41,2026-05-21,Processing,China,190.65
ORD-11765,Berry LLC,CHC-00208,Value Pack Compound Chocolate Pralines,59,2026-02-07,Processing,United Kingdom,125.67
ORD-11766,Gonzales and Sons,CHC-00168,Original Ruby Chocolate Drops,58,2026-01-21,Processing,India,266.22
ORD-11767,"Cortez, Rivera and Blackburn",CHC-01453,Honeycomb Milk Chocolate Coated Nuts,18,2025-12-12,Delivered,Germany,74.16
ORD-11768,Murphy PLC,CHC-00709,Single Origin Dark Chocolate Filled Bar,20,2026-05-11,Delivered,China,57.2
ORD-11769,Rodriguez Group,CHC-00478,Value Pack Compound Chocolate Squares,50,2026-02-23,Delivered,Belgium,63.5
ORD-11770,"Thompson, Mason and Cameron",CHC-00400,Bakers Classic Compound Chocolate Pralines,30,2026-07-31,Delivered,South Africa,75.0
ORD-11771,Martinez-Castro,CHC-00669,Plant-Based Classic Vegan Dark Chocolate Bar,148,2026-03-01,Delivered,Ghana,885.04
ORD-11772,Shields PLC,CHC-01353,Salted Butter Caramel Chocolate Wafer Bar,36,2026-07-11,Delivered,India,142.92
ORD-11773,"Hernandez, Baird and Adams",CHC-01145,Plant-Based Classic Vegan Dark Chocolate Drops,24,2026-01-12,Delivered,Japan,150.72
ORD-11774,"Sutton, Griffin and Swanson",CHC-01451,Tropical Mix Fruit & Nut Chocolate Squares,51,2026-01-19,Delivered,Indonesia,247.35
ORD-11775,Green-Gonzales,CHC-01302,Vanilla Bean White Chocolate Chips (Baking),40,2026-07-05,Processing,Colombia,88.4
ORD-11776,"Martin, Lee and Anderson",CHC-01374,Marzipan Style Almond Chocolate Wafer Bar,13,2025-10-14,Pending,Germany,40.04
ORD-11777,Hardy and Sons,CHC-01475,Biscuit Milk Chocolate Drops,16,2026-04-30,Delivered,Belgium,37.6
ORD-11778,Cardenas-Torres,CHC-01041,Plant-Based Classic Vegan Dark Chocolate Pralines,18,2026-01-28,Pending,USA,96.84
ORD-11779,Pollard-Moore,CHC-00446,Tropical Mix Fruit & Nut Chocolate Gift Box,83,2026-04-19,Pending,Ghana,288.84
ORD-11780,Leach-Coleman,CHC-00518,Single Origin Dark Chocolate Squares,29,2026-06-27,Delivered,Indonesia,137.46
ORD-11781,"King, Levine and Fox",CHC-01058,Vanilla Bean White Chocolate Coated Nuts,20,2026-04-12,Delivered,Netherlands,43.4
ORD-11782,"Clark, Pollard and Petersen",CHC-00865,Sea Salt Milk Chocolate Coated Nuts,74,2026-01-02,Shipped,Cote d'Ivoire,272.32
ORD-11783,Mcclure LLC,CHC-00790,Roasted Almond Chocolate Drops,47,2026-03-20,Delivered,UAE,153.69
ORD-11784,"Fuentes, Hunt and Harper",CHC-01454,Classic Milk Chocolate Bar,72,2026-05-24,Delivered,Australia,198.0
ORD-11785,Thompson LLC,CHC-00456,85% Extra Bold Dark Chocolate Bar,42,2025-12-18,Pending,Mexico,225.54
ORD-11786,"Carrillo, Baker and Nunez",CHC-00641,Whole Hazelnut Chocolate Wafer Bar,28,2026-07-17,Delivered,Colombia,141.96
ORD-11787,"Hamilton, Jones and Green",CHC-00014,Sea Salt Milk Chocolate Chips (Baking),19,2025-12-19,Delivered,France,39.71
ORD-11788,Rodriguez LLC,CHC-00609,Marzipan Style Almond Chocolate Filled Bar,40,2026-07-02,Shipped,France,208.8
ORD-11789,"Porter, George and Odom",CHC-01331,Single Origin Dark Chocolate Drops,8,2025-12-09,Pending,Peru,37.36
ORD-11790,Cobb-Byrd,CHC-00797,70% Intense Dark Chocolate Coated Nuts,34,2026-02-19,Processing,France,134.98
ORD-11791,"Kramer, Wolfe and Dyer",CHC-00351,Diabetic Friendly Sugar-Free Chocolate Chips (Baking),48,2026-02-10,Delivered,Indonesia,220.8
ORD-11792,"Barrett, Armstrong and Johnson",CHC-01034,Roasted Almond Chocolate Chips (Baking),29,2026-06-09,Pending,Ghana,105.27
ORD-11793,"Scott, Rice and Short",CHC-01007,Cranberry Walnut Fruit & Nut Chocolate Gift Box,7,2025-12-10,Delivered,Japan,31.36
ORD-11794,"Grimes, Lee and Burns",CHC-00917,Sea Salt Caramel Chocolate Bar,85,2025-11-27,Delivered,Japan,409.7
ORD-11795,"Molina, Peterson and Williams",CHC-00381,Whole Hazelnut Chocolate Filled Bar,97,2025-10-11,Delivered,Australia,542.23
ORD-11796,Scott-Abbott,CHC-01402,Plant-Based Classic Vegan Dark Chocolate Filled Bar,8,2026-04-24,Processing,France,33.04
ORD-11797,Sanders LLC,CHC-00807,85% Extra Bold Dark Chocolate Truffle Box,34,2026-03-30,Delivered,Brazil,220.32
ORD-11798,"Phillips, Garcia and Gonzalez",CHC-00537,Sea Salt Milk Chocolate Drops,73,2026-07-22,Delivered,Canada,244.55
ORD-11799,"Day, Maldonado and Campbell",CHC-00836,Classic Sugar-Free Chocolate Pralines,101,2026-04-22,Pending,Netherlands,600.95
ORD-11800,Bishop-Young,CHC-01030,70% Intense Dark Chocolate Wafer Bar,42,2026-04-24,Processing,UAE,249.9
ORD-11801,Miller Group,CHC-00102,Sea Salt Milk Chocolate Bar,23,2025-10-09,Delivered,United Kingdom,77.74
ORD-11802,Andrews-Pena,CHC-00951,Sea Salt Milk Chocolate Pralines,21,2026-06-25,Processing,USA,77.7
ORD-11803,Galvan-Wright,CHC-00906,Coconut White Chocolate Coated Nuts,9,2025-10-08,Delivered,China,27.63
ORD-11804,Glenn Ltd,CHC-00573,70% Intense Dark Chocolate Drops,41,2026-05-30,Delivered,China,207.46
ORD-11805,"Dixon, White and Sawyer",CHC-00153,Honeycomb Milk Chocolate Truffle Box,25,2026-07-14,Delivered,Brazil,79.25
ORD-11806,Tran Inc,CHC-00267,Biscuit Milk Chocolate Coated Nuts,10,2026-01-16,Delivered,China,44.4
ORD-11807,Richardson PLC,CHC-00697,Salted Butter Caramel Chocolate Filled Bar,28,2026-03-26,Shipped,Canada,104.72
ORD-11808,Taylor-Tapia,CHC-00136,Espresso Infused Dark Chocolate Truffle Box,23,2026-02-23,Delivered,United Kingdom,66.93
ORD-11809,Shannon-Mcdonald,CHC-01136,Salted Butter Caramel Chocolate Pralines,46,2025-12-22,Delivered,Colombia,133.4
ORD-11810,Watson Inc,CHC-01482,85% Extra Bold Dark Chocolate Wafer Bar,37,2026-03-12,Processing,Peru,131.35
ORD-11811,Santos and Sons,CHC-00899,Single Origin Dark Chocolate Pralines,62,2026-06-13,Processing,USA,181.66
ORD-11812,Guzman and Sons,CHC-01322,Honeycomb Milk Chocolate Filled Bar,28,2025-12-10,Delivered,Brazil,75.32
ORD-11813,Torres Ltd,CHC-00905,Organic Fair-Trade Chocolate Squares,142,2026-06-06,Processing,Indonesia,914.48
ORD-11814,Hunter and Sons,CHC-00325,85% Extra Bold Dark Chocolate Filled Bar,67,2026-02-12,Delivered,Mexico,304.85
ORD-11815,Banks-Daniels,CHC-00652,Espresso Infused Dark Chocolate Squares,46,2026-05-24,Delivered,UAE,136.62
ORD-11816,Flores-Anderson,CHC-00453,Gianduja Style Hazelnut Chocolate Squares,67,2025-11-19,Delivered,USA,383.91
ORD-11817,Griffin and Sons,CHC-00994,85% Extra Bold Dark Chocolate Coated Nuts,44,2026-03-02,Delivered,France,228.8
ORD-11818,Turner and Sons,CHC-00074,85% Extra Bold Dark Chocolate Bar,10,2026-04-21,Processing,Ghana,43.5
ORD-11819,"Nguyen, Allen and Wood",CHC-00568,Classic Milk Chocolate Filled Bar,12,2026-03-08,Delivered,France,49.92
ORD-11820,Moreno PLC,CHC-00213,Citrus Ruby Chocolate Bar,7,2026-07-01,Processing,United Kingdom,44.52
ORD-11821,Lin-Mccall,CHC-00939,70% Intense Dark Chocolate Drops,109,2025-11-30,Processing,Mexico,497.04
ORD-11822,"Spencer, Burton and Parrish",CHC-00449,Raisin & Almond Fruit & Nut Chocolate Coated Nuts,9,2026-03-15,Delivered,Canada,45.45
ORD-11823,"Scott, Davis and Golden",CHC-00753,Soft Caramel Core Chocolate Pralines,18,2026-03-17,Delivered,Australia,57.6
ORD-11824,Shields-Smith,CHC-01161,70% Intense Dark Chocolate Coated Nuts,8,2026-01-04,Processing,Germany,45.84
ORD-11825,Garcia Ltd,CHC-00539,Salted Butter Caramel Chocolate Filled Bar,34,2026-05-31,Shipped,France,108.12
ORD-11826,Flynn-Ibarra,CHC-00869,Sea Salt Caramel Chocolate Truffle Box,4,2026-07-09,Delivered,South Africa,11.8
ORD-11827,Brown-Goodman,CHC-01456,Espresso Infused Dark Chocolate Wafer Bar,42,2025-10-21,Delivered,Germany,204.12
ORD-11828,Steele-Watson,CHC-00809,Classic Sugar-Free Chocolate Chips (Baking),23,2026-07-14,Shipped,Japan,91.77
ORD-11829,Curtis-Bradshaw,CHC-01187,Classic Milk Chocolate Bar,40,2025-12-22,Pending,Switzerland,135.2
ORD-11830,Murray-Burnett,CHC-01154,Sea Salt Milk Chocolate Squares,23,2026-07-19,Delivered,France,93.15
ORD-11831,Torres-Fletcher,CHC-00642,Sea Salt Milk Chocolate Squares,95,2026-02-16,Delivered,Brazil,228.95
ORD-11832,Reese Inc,CHC-01118,Single Origin Dark Chocolate Pralines,151,2025-12-16,Shipped,Switzerland,495.28
ORD-11833,Dawson-Schmidt,CHC-00940,Berry Burst Ruby Chocolate Truffle Box,24,2026-07-20,Shipped,Netherlands,134.88
ORD-11834,"Hensley, Wolf and Peters",CHC-01002,Stevia Sweetened Sugar-Free Chocolate Pralines,25,2025-12-29,Delivered,Switzerland,83.25
ORD-11835,Cole-Taylor,CHC-00401,Original Ruby Chocolate Coated Nuts,21,2026-01-22,Processing,Ecuador,163.59
ORD-11836,Owen LLC,CHC-00333,Salted Butter Caramel Chocolate Wafer Bar,41,2026-07-08,Delivered,France,197.62
ORD-11837,"Miller, Lee and Brandt",CHC-00933,Cranberry Walnut Fruit & Nut Chocolate Wafer Bar,15,2026-07-21,Delivered,Germany,70.5
ORD-11838,Williams PLC,CHC-00121,Coconut White Chocolate Chips (Baking),14,2025-12-04,Processing,Switzerland,40.74
ORD-11839,Spencer-Ryan,CHC-00421,Raisin & Almond Fruit & Nut Chocolate Bar,19,2025-10-22,Pending,France,103.17
ORD-11840,Mcintyre-Ryan,CHC-00111,Bakers Classic Compound Chocolate Wafer Bar,22,2026-01-03,Delivered,China,41.14
ORD-11841,Gillespie Inc,CHC-00136,Espresso Infused Dark Chocolate Truffle Box,79,2025-10-08,Delivered,United Kingdom,229.89
ORD-11842,"Taylor, Chambers and Davidson",CHC-00228,Raspberry Swirl White Chocolate Drops,111,2025-12-08,Delivered,Switzerland,495.06
ORD-11843,"Smith, Allen and Perez",CHC-00590,Soft Caramel Core Chocolate Coated Nuts,41,2026-05-05,Pending,Mexico,126.28
ORD-11844,"Young, Maxwell and Hernandez",CHC-00792,Lemon Zest White Chocolate Wafer Bar,25,2025-11-24,Delivered,Ghana,60.0
ORD-11845,"Beard, Hernandez and Christian",CHC-01364,Tropical Mix Fruit & Nut Chocolate Gift Box,37,2025-11-05,Delivered,UAE,155.77
ORD-11846,"Johnston, Schmitt and Lamb",CHC-01434,Classic Milk Chocolate Drops,53,2025-10-13,Delivered,Netherlands,198.75
ORD-11847,Yu and Sons,CHC-01154,Sea Salt Milk Chocolate Squares,29,2026-05-22,Pending,France,117.45
ORD-11848,"Stewart, Hansen and Bowers",CHC-00901,Single Origin Dark Chocolate Drops,28,2025-10-25,Delivered,Belgium,99.68
ORD-11849,Cox and Sons,CHC-00413,Gianduja Style Hazelnut Chocolate Chips (Baking),32,2025-10-28,Delivered,Cote d'Ivoire,156.16
ORD-11850,"Hanson, Anderson and Greene",CHC-00263,Roasted Almond Chocolate Coated Nuts,21,2026-06-22,Processing,Netherlands,80.43
ORD-11851,"Rice, Horne and Smith",CHC-01127,85% Extra Bold Dark Chocolate Drops,13,2026-04-04,Shipped,Brazil,40.95
ORD-11852,"Thornton, Arnold and Pierce",CHC-00317,70% Intense Dark Chocolate Bar,29,2026-06-07,Delivered,Brazil,142.39
ORD-11853,Morgan Ltd,CHC-00403,Sea Salt Caramel Chocolate Chips (Baking),35,2025-11-17,Processing,France,165.9
ORD-11854,Watson-Gamble,CHC-01276,Almond Crunch Chocolate Wafer Bar,22,2025-10-18,Processing,France,87.12
ORD-11855,"Snyder, Sexton and Harrison",CHC-00052,85% Extra Bold Dark Chocolate Pralines,12,2026-04-28,Shipped,Ecuador,75.36
ORD-11856,Hudson LLC,CHC-00514,Classic Milk Chocolate Filled Bar,26,2026-03-15,Pending,Indonesia,104.26
ORD-11857,Green Group,CHC-01309,Vanilla Bean White Chocolate Truffle Box,25,2026-01-14,Shipped,Ecuador,90.75
ORD-11858,"Miller, Stout and Massey",CHC-00299,Confectionery Grade Compound Chocolate Wafer Bar,35,2026-02-16,Delivered,USA,78.4
ORD-11859,"Huynh, Carpenter and Moreno",CHC-00652,Espresso Infused Dark Chocolate Squares,16,2026-06-23,Delivered,UAE,47.52
ORD-11860,"Reed, Cantrell and Blanchard",CHC-00896,70% Intense Dark Chocolate Truffle Box,60,2026-06-08,Processing,Cote d'Ivoire,218.4
ORD-11861,"Robinson, Jordan and Gutierrez",CHC-00287,Classic Sugar-Free Chocolate Filled Bar,20,2026-03-11,Shipped,South Africa,106.8
ORD-11862,"Reed, Martinez and Henderson",CHC-00017,Coconut Sugar Vegan Dark Chocolate Squares,14,2025-11-23,Delivered,USA,88.9
ORD-11863,"Davenport, Benjamin and Walker",CHC-00869,Sea Salt Caramel Chocolate Truffle Box,37,2026-03-25,Delivered,South Africa,109.15
ORD-11864,Peterson Group,CHC-00515,Coconut White Chocolate Wafer Bar,19,2026-01-19,Processing,Australia,72.77
ORD-11865,Mitchell-Smith,CHC-01484,Almond Crunch Chocolate Truffle Box,9,2025-11-22,Delivered,USA,47.7
ORD-11866,Turner-Nunez,CHC-00181,Classic Milk Chocolate Coated Nuts,30,2025-11-20,Delivered,Colombia,114.6
ORD-11867,"Price, Luna and Hodges",CHC-00830,Whole Hazelnut Chocolate Bar,22,2026-03-16,Pending,Germany,82.28
ORD-11868,"Norris, Klein and Ruiz",CHC-00740,Value Pack Compound Chocolate Chips (Baking),42,2026-05-18,Delivered,Germany,60.48
ORD-11869,Vincent-Morales,CHC-01090,Salted Butter Caramel Chocolate Squares,39,2025-10-22,Delivered,China,135.72
ORD-11870,Owens PLC,CHC-00524,Sea Salt Milk Chocolate Truffle Box,178,2025-12-31,Delivered,Japan,550.02
ORD-11871,Lopez-Heath,CHC-00681,Coconut White Chocolate Squares,142,2025-11-17,Processing,USA,330.86
ORD-11872,Nash Group,CHC-00427,Biscuit Milk Chocolate Coated Nuts,87,2026-01-05,Delivered,Brazil,332.34
ORD-11873,Hall LLC,CHC-01090,Salted Butter Caramel Chocolate Squares,21,2026-07-31,Delivered,China,73.08
ORD-11874,"Carr, Guzman and Murphy",CHC-01496,Sea Salt Caramel Chocolate Wafer Bar,169,2026-06-16,Shipped,South Africa,583.05
ORD-11875,"Gomez, Bailey and Harper",CHC-00460,70% Intense Dark Chocolate Filled Bar,11,2026-02-08,Delivered,USA,68.2
ORD-11876,Bautista LLC,CHC-00505,Sea Salt Caramel Chocolate Gift Box,71,2026-03-18,Shipped,Belgium,301.75
ORD-11877,Kerr-Murphy,CHC-00929,Sea Salt Milk Chocolate Gift Box,14,2026-01-15,Pending,Mexico,35.28
ORD-11878,Thomas-Gibbs,CHC-00921,Biscuit Milk Chocolate Chips (Baking),13,2026-07-21,Processing,Germany,43.42
ORD-11879,Lawrence Inc,CHC-00287,Classic Sugar-Free Chocolate Filled Bar,30,2026-04-03,Delivered,South Africa,160.2
ORD-11880,Daniels-Quinn,CHC-00118,70% Intense Dark Chocolate Wafer Bar,35,2026-05-29,Delivered,Australia,211.75
ORD-11881,Zuniga Inc,CHC-00722,Single Origin Dark Chocolate Gift Box,18,2026-05-08,Processing,Italy,54.72
ORD-11882,Brooks Group,CHC-00123,Vanilla Bean White Chocolate Gift Box,75,2025-11-17,Delivered,Cote d'Ivoire,154.5
ORD-11883,"Scott, Rivera and Nichols",CHC-01378,Whole Hazelnut Chocolate Squares,45,2025-10-13,Pending,Switzerland,269.1
ORD-11884,Shah LLC,CHC-01282,Soft Caramel Core Chocolate Gift Box,26,2026-06-02,Shipped,South Africa,130.0
ORD-11885,"Castro, Ward and Lane",CHC-00011,Biscuit Milk Chocolate Bar,20,2026-03-20,Delivered,France,58.4
ORD-11886,"Arroyo, Wiley and Scott",CHC-00415,Tropical Mix Fruit & Nut Chocolate Filled Bar,34,2025-11-26,Pending,Germany,174.08
ORD-11887,Reed Inc,CHC-00578,Diabetic Friendly Sugar-Free Chocolate Gift Box,74,2026-02-12,Pending,USA,343.36
ORD-11888,Scott-Richardson,CHC-00492,Biscuit Milk Chocolate Coated Nuts,48,2026-02-22,Delivered,Switzerland,162.24
ORD-11889,"Brown, Arnold and Rice",CHC-00176,85% Extra Bold Dark Chocolate Drops,34,2026-02-07,Delivered,Ghana,129.88
ORD-11890,Davis-Mora,CHC-00718,Marzipan Style Almond Chocolate Wafer Bar,102,2026-02-23,Processing,Mexico,483.48
ORD-11891,Patel LLC,CHC-01275,Honeycomb Milk Chocolate Drops,43,2025-11-03,Delivered,Ecuador,151.36
ORD-11892,Garcia-Rubio,CHC-00507,Single Origin Dark Chocolate Chips (Baking),40,2026-02-09,Delivered,Ghana,161.2
ORD-11893,"Cuevas, Marsh and Ellis",CHC-01316,Honeycomb Milk Chocolate Drops,61,2026-05-24,Delivered,Germany,131.15
ORD-11894,Booker Ltd,CHC-00205,Salted Butter Caramel Chocolate Squares,89,2025-11-19,Shipped,France,248.31
ORD-11895,"Lamb, Walls and Peterson",CHC-01031,Gianduja Style Hazelnut Chocolate Gift Box,29,2025-10-23,Shipped,Italy,96.57
ORD-11896,"Wells, Deleon and King",CHC-01246,Bakers Classic Compound Chocolate Wafer Bar,48,2026-03-26,Processing,Ghana,89.28
ORD-11897,"Hansen, Allison and Gonzalez",CHC-01249,Gianduja Style Hazelnut Chocolate Drops,262,2026-07-31,Delivered,Cote d'Ivoire,1147.56
ORD-11898,Daniels PLC,CHC-00681,Coconut White Chocolate Squares,15,2026-06-18,Delivered,USA,34.95
ORD-11899,Thomas Group,CHC-00047,Espresso Infused Dark Chocolate Bar,80,2025-10-23,Delivered,Cote d'Ivoire,425.6
ORD-11900,Lopez-Jenkins,CHC-01406,Oat Milk Blend Vegan Dark Chocolate Truffle Box,89,2026-05-06,Delivered,Australia,468.14
ORD-11901,"Phillips, Lee and Fleming",CHC-00488,Stevia Sweetened Sugar-Free Chocolate Gift Box,125,2026-02-04,Delivered,China,405.0
ORD-11902,"Gardner, Anderson and Ramos",CHC-00013,70% Intense Dark Chocolate Wafer Bar,28,2026-08-02,Delivered,France,115.64
ORD-11903,"Hensley, Keith and Thompson",CHC-00499,Honeycomb Milk Chocolate Chips (Baking),44,2026-02-17,Shipped,Switzerland,107.36
ORD-11904,Rollins Inc,CHC-01476,Organic Raw Cacao Chocolate Gift Box,5,2026-04-19,Processing,USA,21.25
ORD-11905,"Mathis, Flores and Brown",CHC-00128,Berry Burst Ruby Chocolate Truffle Box,44,2026-01-22,Delivered,Australia,301.84
ORD-11906,Young-Chapman,CHC-00500,Oat Milk Blend Vegan Dark Chocolate Filled Bar,49,2025-10-23,Shipped,Switzerland,269.99
ORD-11907,Clark-Jones,CHC-01148,Marzipan Style Almond Chocolate Gift Box,54,2026-04-10,Delivered,Brazil,230.04
ORD-11908,"Perez, Hall and Garcia",CHC-00086,85% Extra Bold Dark Chocolate Bar,48,2025-12-17,Delivered,Belgium,297.12
ORD-11909,"Andersen, Nguyen and Stewart",CHC-00777,Sea Salt Milk Chocolate Coated Nuts,29,2025-10-14,Processing,USA,91.64
ORD-11910,Michael-Pope,CHC-00454,Biscuit Milk Chocolate Pralines,217,2026-05-26,Processing,Switzerland,477.4
ORD-11911,Graves-Nguyen,CHC-00078,Tropical Mix Fruit & Nut Chocolate Coated Nuts,45,2026-03-16,Delivered,Mexico,151.2
ORD-11912,Lopez-Garcia,CHC-01389,Berry Burst Ruby Chocolate Bar,50,2026-01-15,Delivered,China,232.5
ORD-11913,"Davis, Hoffman and Snyder",CHC-00280,Tropical Mix Fruit & Nut Chocolate Chips (Baking),37,2026-02-11,Processing,Netherlands,144.3
ORD-11914,Francis Ltd,CHC-00188,Honeycomb Milk Chocolate Coated Nuts,41,2026-03-28,Delivered,Switzerland,153.34
ORD-11915,Farrell-Miller,CHC-00186,Confectionery Grade Compound Chocolate Drops,23,2025-12-16,Delivered,South Africa,28.98
ORD-11916,"Chang, Kennedy and Kennedy",CHC-00618,Whole Hazelnut Chocolate Filled Bar,16,2026-07-13,Delivered,France,80.0
ORD-11917,"Taylor, Hancock and Crawford",CHC-00022,Classic Milk Chocolate Truffle Box,44,2026-07-28,Delivered,Switzerland,156.2
ORD-11918,Roberts-Davis,CHC-01477,85% Extra Bold Dark Chocolate Truffle Box,31,2025-11-19,Pending,UAE,95.79
ORD-11919,"Cooley, Hawkins and Murphy",CHC-01064,70% Intense Dark Chocolate Squares,30,2026-05-06,Shipped,France,180.9
ORD-11920,Carlson Ltd,CHC-00883,Honeycomb Milk Chocolate Squares,7,2026-07-26,Delivered,France,27.86
ORD-11921,Wright Ltd,CHC-00030,Citrus Ruby Chocolate Truffle Box,18,2025-11-16,Pending,USA,128.16
ORD-11922,Gordon-Simpson,CHC-01225,Marzipan Style Almond Chocolate Drops,22,2026-05-08,Delivered,Switzerland,61.6
ORD-11923,"Pearson, Delacruz and Harris",CHC-01106,Original Ruby Chocolate Drops,18,2026-01-12,Delivered,Canada,124.2
ORD-11924,Flowers-Rivera,CHC-01259,Classic Milk Chocolate Drops,5,2026-06-05,Pending,Mexico,18.9
ORD-11925,Torres Group,CHC-00805,Single Origin Dark Chocolate Chips (Baking),65,2026-07-12,Processing,France,330.85
ORD-11926,Garner Ltd,CHC-01194,Coconut Sugar Vegan Dark Chocolate Truffle Box,266,2026-05-10,Pending,USA,1197.0
ORD-11927,"Mcdonald, Powell and Riley",CHC-00864,Plant-Based Classic Vegan Dark Chocolate Chips (Baking),45,2026-01-21,Shipped,Cote d'Ivoire,272.25
ORD-11928,"Reynolds, Johnson and Fox",CHC-00918,Almond Crunch Chocolate Bar,8,2026-05-03,Pending,Australia,24.16
ORD-11929,"Martinez, Campos and Cooper",CHC-01363,Stevia Sweetened Sugar-Free Chocolate Pralines,82,2026-05-01,Delivered,India,249.28
ORD-11930,Choi-Howard,CHC-00345,Honeycomb Milk Chocolate Squares,180,2026-01-03,Delivered,Belgium,504.0
ORD-11931,"Lee, Frederick and Harris",CHC-01129,Vanilla Bean White Chocolate Truffle Box,19,2026-06-07,Delivered,Australia,43.89
ORD-11932,David LLC,CHC-00763,Sea Salt Milk Chocolate Coated Nuts,22,2026-02-27,Delivered,Peru,83.38
ORD-11933,"Khan, Mason and Johnson",CHC-00037,Value Pack Compound Chocolate Gift Box,34,2026-01-08,Delivered,Peru,76.16
ORD-11934,Smith-Zimmerman,CHC-00437,Biscuit Milk Chocolate Truffle Box,44,2026-03-20,Delivered,USA,118.8
ORD-11935,Johnson Group,CHC-00219,Tropical Mix Fruit & Nut Chocolate Chips (Baking),13,2025-11-03,Shipped,Switzerland,66.95
ORD-11936,"Houston, Reese and Kelly",CHC-01123,Bakers Classic Compound Chocolate Truffle Box,73,2026-07-25,Delivered,UAE,173.01
ORD-11937,Hardin Ltd,CHC-01423,Honeycomb Milk Chocolate Gift Box,50,2025-12-12,Processing,Japan,103.5
ORD-11938,"Graves, Thomas and Johnson",CHC-01053,Berry Burst Ruby Chocolate Gift Box,27,2025-12-06,Pending,United Kingdom,120.42
ORD-11939,"Klein, Marshall and Duncan",CHC-01414,Salted Butter Caramel Chocolate Truffle Box,21,2026-02-16,Delivered,Italy,69.51
ORD-11940,"Mcdonald, Mitchell and Vance",CHC-00442,Soft Caramel Core Chocolate Bar,37,2026-02-16,Processing,Switzerland,133.57
ORD-11941,Jones Inc,CHC-01171,Espresso Infused Dark Chocolate Filled Bar,33,2026-05-05,Delivered,Cote d'Ivoire,181.17
ORD-11942,Briggs-Smith,CHC-00847,Salted Butter Caramel Chocolate Gift Box,41,2026-07-28,Delivered,Canada,112.75
ORD-11943,Vincent-Mccormick,CHC-00517,Biscuit Milk Chocolate Drops,10,2026-07-16,Processing,Italy,28.0
ORD-11944,Pacheco-Clarke,CHC-01041,Plant-Based Classic Vegan Dark Chocolate Pralines,36,2026-03-04,Processing,USA,193.68
ORD-11945,Adams Group,CHC-01383,70% Intense Dark Chocolate Filled Bar,22,2026-07-18,Delivered,Italy,74.36
ORD-11946,Rich PLC,CHC-00127,Marzipan Style Almond Chocolate Gift Box,7,2026-01-11,Processing,Belgium,36.19
ORD-11947,"Black, Young and Vincent",CHC-00258,Sea Salt Milk Chocolate Wafer Bar,25,2025-12-04,Shipped,Colombia,101.75
ORD-11948,Parks PLC,CHC-01172,Bakers Classic Compound Chocolate Filled Bar,19,2026-03-20,Delivered,Mexico,29.07
ORD-11949,Barker PLC,CHC-00597,Soft Caramel Core Chocolate Pralines,24,2026-05-29,Processing,Belgium,63.84
ORD-11950,Benson-Rasmussen,CHC-00242,Whole Hazelnut Chocolate Truffle Box,26,2026-03-21,Pending,Canada,80.6
ORD-11951,"Carpenter, Benitez and Schroeder",CHC-00192,Salted Butter Caramel Chocolate Drops,30,2026-07-03,Processing,Cote d'Ivoire,116.4
ORD-11952,"Richmond, Miller and Christensen",CHC-01111,Single Origin Dark Chocolate Truffle Box,51,2026-03-11,Pending,Ecuador,301.41
ORD-11953,Thompson LLC,CHC-00985,Praline Hazelnut Chocolate Filled Bar,25,2025-11-29,Shipped,Indonesia,126.25
ORD-11954,Hinton-Brown,CHC-00021,Espresso Infused Dark Chocolate Wafer Bar,7,2026-06-29,Delivered,Japan,42.14
ORD-11955,Ortega-Mason,CHC-00673,Sea Salt Caramel Chocolate Filled Bar,28,2025-11-10,Shipped,United Kingdom,101.08
ORD-11956,Gonzalez-Torres,CHC-00552,Whole Hazelnut Chocolate Truffle Box,101,2026-06-13,Delivered,Cote d'Ivoire,514.09
ORD-11957,Saunders LLC,CHC-01006,Raspberry Swirl White Chocolate Filled Bar,31,2026-03-21,Shipped,Ecuador,77.5
ORD-11958,Harris-Cole,CHC-00202,Marzipan Style Almond Chocolate Gift Box,48,2026-02-20,Delivered,Cote d'Ivoire,156.48
ORD-11959,Parker LLC,CHC-00015,85% Extra Bold Dark Chocolate Filled Bar,45,2026-03-22,Pending,Japan,235.8
ORD-11960,"Hughes, Hall and Frederick",CHC-01059,Confectionery Grade Compound Chocolate Truffle Box,23,2026-03-10,Processing,Indonesia,52.9
ORD-11961,Jones-Davis,CHC-00857,Biscuit Milk Chocolate Drops,15,2025-10-29,Delivered,Japan,60.3
ORD-11962,Weaver-Tucker,CHC-00303,Classic Milk Chocolate Gift Box,71,2026-03-24,Delivered,India,245.66
ORD-11963,"Miller, Benson and Johnson",CHC-00563,Sea Salt Milk Chocolate Drops,117,2026-05-09,Delivered,USA,335.79
ORD-11964,Bowen PLC,CHC-00691,Berry Burst Ruby Chocolate Chips (Baking),7,2025-10-10,Delivered,UAE,47.04
ORD-11965,"Perez, Cunningham and Foster",CHC-00716,Organic Fair-Trade Chocolate Bar,122,2026-01-23,Delivered,Belgium,761.28
ORD-11966,Reed-May,CHC-00061,Espresso Infused Dark Chocolate Coated Nuts,8,2026-02-12,Delivered,Canada,26.88
ORD-11967,Chen-Cantu,CHC-00948,Almond Crunch Chocolate Gift Box,18,2025-10-21,Pending,Netherlands,54.72
ORD-11968,West PLC,CHC-01286,Espresso Infused Dark Chocolate Drops,22,2026-05-12,Shipped,Ecuador,116.16
ORD-11969,Brown-Turner,CHC-00522,Biscuit Milk Chocolate Chips (Baking),16,2026-03-10,Delivered,Australia,54.4
ORD-11970,"Perez, Turner and Conway",CHC-01021,Tropical Mix Fruit & Nut Chocolate Squares,22,2026-03-22,Delivered,Switzerland,87.12
ORD-11971,"Walsh, Richards and Floyd",CHC-01446,70% Intense Dark Chocolate Filled Bar,52,2025-12-12,Delivered,Canada,292.76
ORD-11972,Banks-Gross,CHC-00624,Vanilla Bean White Chocolate Truffle Box,49,2026-02-21,Processing,Australia,141.61
ORD-11973,"Sparks, Martinez and Rodriguez",CHC-00988,Roasted Almond Chocolate Coated Nuts,22,2026-03-03,Shipped,United Kingdom,75.68
ORD-11974,Navarro Ltd,CHC-01306,Classic Milk Chocolate Bar,9,2026-05-14,Shipped,USA,40.41
ORD-11975,Bruce and Sons,CHC-01056,Biscuit Milk Chocolate Filled Bar,51,2025-11-05,Pending,UAE,168.3
ORD-11976,Martin-Daniels,CHC-00159,70% Intense Dark Chocolate Chips (Baking),66,2026-01-11,Processing,France,181.5
ORD-11977,Reyes-Harris,CHC-01111,Single Origin Dark Chocolate Truffle Box,13,2026-01-01,Delivered,Ecuador,76.83
ORD-11978,Olsen Ltd,CHC-01434,Classic Milk Chocolate Drops,62,2025-11-15,Pending,Netherlands,232.5
ORD-11979,Chase and Sons,CHC-01265,Gianduja Style Hazelnut Chocolate Pralines,7,2026-06-25,Shipped,India,21.07
ORD-11980,Baker-Murphy,CHC-00375,Soft Caramel Core Chocolate Chips (Baking),50,2026-06-25,Delivered,USA,151.0
ORD-11981,Smith LLC,CHC-00891,Roasted Almond Chocolate Drops,37,2026-07-31,Pending,Ecuador,133.94
ORD-11982,"Wheeler, Bates and Santos",CHC-00220,Honeycomb Milk Chocolate Squares,23,2026-07-08,Shipped,USA,74.52
ORD-11983,Lester Group,CHC-01392,Organic Single Origin Chocolate Wafer Bar,18,2026-05-14,Shipped,Switzerland,118.08
ORD-11984,"Harris, Wilkins and Snow",CHC-01378,Whole Hazelnut Chocolate Squares,62,2026-05-16,Shipped,Switzerland,370.76
ORD-11985,Hahn Group,CHC-01370,Espresso Infused Dark Chocolate Chips (Baking),43,2026-03-03,Pending,Australia,159.53
ORD-11986,"Mcneil, Smith and Lopez",CHC-00871,Cranberry Walnut Fruit & Nut Chocolate Wafer Bar,1019,2026-06-17,Processing,France,3230.23
ORD-11987,"Nunez, Fuller and Oliver",CHC-00331,70% Intense Dark Chocolate Drops,259,2025-10-21,Delivered,Belgium,1680.91
ORD-11988,Moreno-Barrett,CHC-00520,Bakers Classic Compound Chocolate Pralines,30,2025-11-02,Processing,Australia,74.1
ORD-11989,Monroe LLC,CHC-01278,Organic Single Origin Chocolate Truffle Box,103,2025-11-19,Processing,Peru,683.92
ORD-11990,Tanner Inc,CHC-00516,Biscuit Milk Chocolate Coated Nuts,11,2026-03-31,Pending,Peru,43.45
ORD-11991,Wallace Inc,CHC-01254,Coconut White Chocolate Truffle Box,47,2026-02-24,Delivered,Mexico,180.95
ORD-11992,Elliott Group,CHC-01229,Salted Butter Caramel Chocolate Filled Bar,175,2025-10-26,Delivered,Belgium,841.75
ORD-11993,Boyle-Green,CHC-01171,Espresso Infused Dark Chocolate Filled Bar,34,2026-02-26,Delivered,Cote d'Ivoire,186.66
ORD-11994,"Wilson, Butler and King",CHC-00320,Classic Sugar-Free Chocolate Wafer Bar,32,2026-03-02,Delivered,Belgium,125.76
ORD-11995,Garcia-Hogan,CHC-00801,Biscuit Milk Chocolate Bar,19,2026-06-14,Delivered,Belgium,38.57
ORD-11996,Martin LLC,CHC-00818,Stevia Sweetened Sugar-Free Chocolate Filled Bar,45,2026-02-19,Processing,France,162.0
ORD-11997,Bowman Ltd,CHC-01380,Whole Hazelnut Chocolate Wafer Bar,48,2026-05-20,Shipped,Italy,202.56
ORD-11998,Warren Ltd,CHC-00981,Classic Milk Chocolate Truffle Box,20,2026-06-12,Shipped,Switzerland,89.8
ORD-11999,Snyder and Sons,CHC-01341,Almond Crunch Chocolate Pralines,19,2026-05-11,Delivered,China,97.85
