ProductionID,FactoryName,Date,UnitsProducedTons,DefectiveUnitsTons,DowntimeHours,EfficiencyPercent
PR-000001,Abidjan Factory U,2026-03-27,24,1,0.1,96.1
PR-000002,Abidjan Factory U,2026-03-28,23,1,2.3,85.6
PR-000003,Abidjan Factory U,2026-03-29,24,1,0.2,95.6
PR-000004,Abidjan Factory U,2026-03-30,18,1,0.1,99.0
PR-000005,Abidjan Factory U,2026-03-31,22,1,0.5,96.2
PR-000006,Abidjan Factory U,2026-04-03,25,1,0.6,98.8
PR-000007,Abidjan Factory U,2026-04-04,27,1,0.3,99.0
PR-000008,Abidjan Factory U,2026-04-05,27,1,0.2,98.5
PR-000009,Abidjan Factory U,2026-04-06,26,1,0.8,98.9
PR-000010,Abidjan Factory U,2026-04-08,31,1,1.5,89.7
PR-000011,Abidjan Factory U,2026-04-09,26,1,0.5,94.8
PR-000012,Abidjan Factory U,2026-04-11,32,1,0.1,99.0
PR-000013,Abidjan Factory U,2026-04-12,22,1,0.6,99.0
PR-000014,Abidjan Factory U,2026-04-13,24,1,0.2,99.0
PR-000015,Abidjan Factory U,2026-04-14,21,1,1.7,95.6
PR-000016,Abidjan Factory U,2026-04-15,21,1,0.8,98.1
PR-000017,Abidjan Factory U,2026-04-17,23,1,0.1,89.1
PR-000018,Abidjan Factory U,2026-04-19,22,1,0.1,94.1
PR-000019,Abidjan Factory U,2026-04-20,26,1,0.4,93.9
PR-000020,Abidjan Factory U,2026-04-21,24,1,0.4,93.7
PR-000021,Abidjan Factory U,2026-04-22,24,1,1.3,89.0
PR-000022,Abidjan Factory U,2026-04-23,23,1,0.3,99.0
PR-000023,Abidjan Factory U,2026-04-24,23,1,0.5,99.0
PR-000024,Abidjan Factory U,2026-04-25,22,1,0.8,99.0
PR-000025,Abidjan Factory U,2026-04-26,30,1,1.5,88.0
PR-000026,Abidjan Factory U,2026-04-27,27,1,0.1,99.0
PR-000027,Abidjan Factory U,2026-04-28,21,1,0.1,99.0
PR-000028,Abidjan Factory U,2026-04-29,33,1,0.4,94.1
PR-000029,Abidjan Factory U,2026-04-30,20,1,0.7,89.6
PR-000030,Abidjan Factory U,2026-05-01,22,1,0.5,89.7
PR-000031,Abidjan Factory U,2026-05-02,28,1,0.1,94.8
PR-000032,Abidjan Factory U,2026-05-04,30,1,0.8,95.1
PR-000033,Abidjan Factory U,2026-05-05,27,1,1.0,94.0
PR-000034,Abidjan Factory U,2026-05-06,21,1,0.3,94.8
PR-000035,Abidjan Factory U,2026-05-07,20,1,0.1,96.1
PR-000036,Abidjan Factory U,2026-05-09,26,1,2.2,88.3
PR-000037,Abidjan Factory U,2026-05-10,23,1,0.2,98.9
PR-000038,Abidjan Factory U,2026-05-11,26,1,1.1,97.8
PR-000039,Abidjan Factory U,2026-05-12,22,1,0.9,99.0
PR-000040,Abidjan Factory U,2026-05-13,21,1,0.4,91.3
PR-000041,Abidjan Factory U,2026-05-14,26,1,1.0,90.6
PR-000042,Abidjan Factory U,2026-05-16,30,1,0.8,93.2
PR-000043,Abidjan Factory U,2026-05-17,23,1,0.6,94.0
PR-000044,Abidjan Factory U,2026-05-19,28,1,0.4,95.8
PR-000045,Abidjan Factory U,2026-05-22,19,1,0.1,95.6
PR-000046,Abidjan Factory U,2026-05-24,30,1,0.5,98.4
PR-000047,Abidjan Factory U,2026-05-25,26,1,1.2,99.0
PR-000048,Abidjan Factory U,2026-05-26,26,1,0.8,98.4
PR-000049,Abidjan Factory U,2026-05-27,24,1,0.3,97.6
PR-000050,Abidjan Factory U,2026-05-28,31,1,0.4,99.0
PR-000051,Abidjan Factory U,2026-05-29,29,1,0.3,89.2
PR-000052,Abidjan Factory U,2026-05-30,26,1,0.2,99.0
PR-000053,Abidjan Factory U,2026-06-02,24,1,1.2,99.0
PR-000054,Abidjan Factory U,2026-06-03,24,1,0.1,95.3
PR-000055,Abidjan Factory U,2026-06-05,21,1,0.1,97.7
PR-000056,Abidjan Factory U,2026-06-06,26,1,0.4,96.5
PR-000057,Abidjan Factory U,2026-06-07,23,1,0.3,93.8
PR-000058,Abidjan Factory U,2026-06-08,23,1,0.7,97.1
PR-000059,Abidjan Factory U,2026-06-09,17,1,0.7,95.0
PR-000060,Abidjan Factory U,2026-06-10,23,1,0.5,96.5
PR-000061,Abidjan Factory U,2026-06-11,27,1,0.1,98.1
PR-000062,Abidjan Factory U,2026-06-13,25,1,0.6,92.7
PR-000063,Abidjan Factory U,2026-06-14,25,1,0.2,99.0
PR-000064,Abidjan Factory U,2026-06-18,29,1,0.6,99.0
PR-000065,Abidjan Factory U,2026-06-19,21,1,0.8,96.7
PR-000066,Abidjan Factory U,2026-06-20,29,1,0.9,95.0
PR-000067,Abidjan Factory U,2026-06-21,26,1,0.1,89.0
PR-000068,Abidjan Factory U,2026-06-22,19,1,0.1,99.0
PR-000069,Abidjan Factory U,2026-06-23,26,1,0.2,99.0
PR-000070,Abidjan Factory U,2026-06-25,20,1,0.1,93.3
PR-000071,Abidjan Factory U,2026-06-26,29,1,0.1,93.1
PR-000072,Abidjan Factory U,2026-06-27,21,1,0.1,98.7
PR-000073,Abidjan Factory U,2026-06-29,27,1,0.5,98.6
PR-000074,Abidjan Factory U,2026-06-30,28,1,0.3,94.7
PR-000075,Abidjan Factory U,2026-07-01,26,1,0.2,92.3
PR-000076,Abidjan Factory U,2026-07-03,22,1,1.0,97.4
PR-000077,Abidjan Factory U,2026-07-05,30,1,0.4,94.8
PR-000078,Abidjan Factory U,2026-07-08,27,1,0.1,97.1
PR-000079,Abidjan Factory U,2026-07-11,21,1,0.7,96.4
PR-000080,Abidjan Factory U,2026-07-12,25,1,0.1,91.2
PR-000081,Abidjan Factory U,2026-07-13,23,1,0.9,99.0
PR-000082,Abidjan Factory U,2026-07-14,18,1,0.4,95.7
PR-000083,Abidjan Factory U,2026-07-15,25,1,0.5,99.0
PR-000084,Abidjan Factory U,2026-07-16,21,1,0.2,97.4
PR-000085,Abidjan Factory U,2026-07-17,28,1,0.1,96.0
PR-000086,Abidjan Factory U,2026-07-18,27,1,0.5,95.2
PR-000087,Abidjan Factory U,2026-07-20,23,1,0.8,88.8
PR-000088,Abidjan Factory U,2026-07-21,25,1,0.7,93.4
PR-000089,Abidjan Factory U,2026-07-22,21,1,1.0,89.2
PR-000090,Abidjan Factory U,2026-07-24,20,1,1.8,87.2
PR-000091,Abidjan Factory U,2026-07-25,28,1,0.3,91.0
PR-000092,Abidjan Factory U,2026-07-26,24,1,0.5,95.0
PR-000093,Abidjan Factory U,2026-07-27,18,1,0.9,94.2
PR-000094,Abidjan Factory U,2026-07-28,20,1,1.6,93.1
PR-000095,Abidjan Factory U,2026-07-29,25,1,0.2,97.1
PR-000096,Abidjan Factory U,2026-07-30,30,1,0.2,99.0
PR-000097,Abidjan Factory U,2026-07-31,28,1,1.7,89.1
PR-000098,Abidjan Factory U,2026-08-02,21,1,0.5,93.9
PR-000099,Accra Factory T,2026-03-27,24,1,1.2,95.5
PR-000100,Accra Factory T,2026-03-30,28,1,1.3,92.6
PR-000101,Accra Factory T,2026-03-31,28,1,0.4,99.0
PR-000102,Accra Factory T,2026-04-01,27,1,1.2,88.7
PR-000103,Accra Factory T,2026-04-02,23,1,0.4,87.2
PR-000104,Accra Factory T,2026-04-03,29,1,1.3,97.8
PR-000105,Accra Factory T,2026-04-04,23,1,0.1,98.7
PR-000106,Accra Factory T,2026-04-05,17,1,0.4,88.9
PR-000107,Accra Factory T,2026-04-06,24,1,0.4,95.5
PR-000108,Accra Factory T,2026-04-07,27,1,0.9,99.0
PR-000109,Accra Factory T,2026-04-09,28,1,0.1,96.4
PR-000110,Accra Factory T,2026-04-10,26,1,0.3,98.5
PR-000111,Accra Factory T,2026-04-11,24,1,2.0,84.9
PR-000112,Accra Factory T,2026-04-13,16,1,0.5,98.5
PR-000113,Accra Factory T,2026-04-14,21,1,0.1,95.1
PR-000114,Accra Factory T,2026-04-16,19,1,0.1,95.2
PR-000115,Accra Factory T,2026-04-17,27,1,0.3,91.1
PR-000116,Accra Factory T,2026-04-19,30,1,0.6,99.0
PR-000117,Accra Factory T,2026-04-20,22,1,0.7,89.0
PR-000118,Accra Factory T,2026-04-21,22,1,0.4,93.0
PR-000119,Accra Factory T,2026-04-22,29,1,0.3,94.8
PR-000120,Accra Factory T,2026-04-24,23,1,0.2,95.9
PR-000121,Accra Factory T,2026-04-25,25,1,0.4,96.4
PR-000122,Accra Factory T,2026-04-27,22,1,0.1,99.0
PR-000123,Accra Factory T,2026-04-29,29,1,0.2,91.2
PR-000124,Accra Factory T,2026-04-30,26,1,0.4,99.0
PR-000125,Accra Factory T,2026-05-01,28,1,2.4,90.5
PR-000126,Accra Factory T,2026-05-03,24,1,1.0,94.1
PR-000127,Accra Factory T,2026-05-04,27,1,1.5,91.6
PR-000128,Accra Factory T,2026-05-06,26,1,0.5,91.7
PR-000129,Accra Factory T,2026-05-07,22,1,0.3,98.9
PR-000130,Accra Factory T,2026-05-08,29,1,0.2,98.0
PR-000131,Accra Factory T,2026-05-09,26,1,0.5,98.2
PR-000132,Accra Factory T,2026-05-10,19,1,0.7,92.9
PR-000133,Accra Factory T,2026-05-11,26,1,0.7,95.9
PR-000134,Accra Factory T,2026-05-12,24,1,0.2,94.3
PR-000135,Accra Factory T,2026-05-13,26,1,0.2,95.0
PR-000136,Accra Factory T,2026-05-14,34,1,0.5,99.0
PR-000137,Accra Factory T,2026-05-16,31,1,0.1,99.0
PR-000138,Accra Factory T,2026-05-17,31,1,0.3,93.5
PR-000139,Accra Factory T,2026-05-18,28,1,0.1,96.9
PR-000140,Accra Factory T,2026-05-19,28,1,0.8,90.6
PR-000141,Accra Factory T,2026-05-21,27,1,1.2,91.3
PR-000142,Accra Factory T,2026-05-22,18,1,0.7,95.5
PR-000143,Accra Factory T,2026-05-24,25,1,0.3,92.6
PR-000144,Accra Factory T,2026-05-25,33,1,0.3,99.0
PR-000145,Accra Factory T,2026-05-26,26,1,0.4,98.9
PR-000146,Accra Factory T,2026-05-28,25,1,0.3,91.9
PR-000147,Accra Factory T,2026-05-29,17,1,1.3,94.9
PR-000148,Accra Factory T,2026-05-31,25,1,0.1,95.1
PR-000149,Accra Factory T,2026-06-02,19,1,0.9,88.6
PR-000150,Accra Factory T,2026-06-03,28,1,0.6,95.0
PR-000151,Accra Factory T,2026-06-04,20,1,0.1,94.9
PR-000152,Accra Factory T,2026-06-06,24,1,0.8,98.6
PR-000153,Accra Factory T,2026-06-07,32,1,0.7,94.7
PR-000154,Accra Factory T,2026-06-08,30,1,0.1,98.9
PR-000155,Accra Factory T,2026-06-09,28,1,0.4,95.6
PR-000156,Accra Factory T,2026-06-12,29,1,0.5,98.4
PR-000157,Accra Factory T,2026-06-13,23,1,0.4,93.1
PR-000158,Accra Factory T,2026-06-14,21,1,0.1,93.8
PR-000159,Accra Factory T,2026-06-15,25,1,0.1,99.0
PR-000160,Accra Factory T,2026-06-16,22,1,0.1,99.0
PR-000161,Accra Factory T,2026-06-17,30,1,0.7,92.7
PR-000162,Accra Factory T,2026-06-18,28,1,1.0,99.0
PR-000163,Accra Factory T,2026-06-19,26,1,1.0,94.1
PR-000164,Accra Factory T,2026-06-20,26,1,0.2,99.0
PR-000165,Accra Factory T,2026-06-21,19,1,0.8,94.3
PR-000166,Accra Factory T,2026-06-22,21,1,1.3,87.0
PR-000167,Accra Factory T,2026-06-23,28,1,1.5,89.1
PR-000168,Accra Factory T,2026-06-24,28,1,0.6,97.8
PR-000169,Accra Factory T,2026-06-26,30,1,0.2,92.6
PR-000170,Accra Factory T,2026-06-27,26,1,0.8,99.0
PR-000171,Accra Factory T,2026-06-28,24,1,1.8,91.2
PR-000172,Accra Factory T,2026-06-29,19,1,0.8,93.0
PR-000173,Accra Factory T,2026-07-01,29,1,1.7,89.0
PR-000174,Accra Factory T,2026-07-02,32,1,0.5,95.9
PR-000175,Accra Factory T,2026-07-03,25,1,0.1,98.8
PR-000176,Accra Factory T,2026-07-04,25,1,0.3,92.4
PR-000177,Accra Factory T,2026-07-05,23,1,0.2,92.0
PR-000178,Accra Factory T,2026-07-06,25,1,0.7,99.0
PR-000179,Accra Factory T,2026-07-07,21,1,0.6,92.0
PR-000180,Accra Factory T,2026-07-08,21,1,0.2,94.0
PR-000181,Accra Factory T,2026-07-09,29,1,0.2,94.9
PR-000182,Accra Factory T,2026-07-10,23,1,0.1,95.4
PR-000183,Accra Factory T,2026-07-11,22,1,0.5,93.6
PR-000184,Accra Factory T,2026-07-12,23,1,0.3,95.6
PR-000185,Accra Factory T,2026-07-14,19,1,0.1,99.0
PR-000186,Accra Factory T,2026-07-15,20,1,0.7,91.4
PR-000187,Accra Factory T,2026-07-18,23,1,0.7,93.7
PR-000188,Accra Factory T,2026-07-19,25,1,0.2,99.0
PR-000189,Accra Factory T,2026-07-21,24,1,0.5,98.9
PR-000190,Accra Factory T,2026-07-24,31,1,0.8,92.3
PR-000191,Accra Factory T,2026-07-25,22,1,0.7,93.8
PR-000192,Accra Factory T,2026-07-26,27,1,0.5,98.7
PR-000193,Accra Factory T,2026-07-30,22,1,0.2,90.5
PR-000194,Accra Factory T,2026-08-01,15,1,1.1,95.6
PR-000195,Accra Factory T,2026-08-02,18,1,0.3,95.9
PR-000196,Accra Factory T,2026-08-03,32,1,0.3,99.0
PR-000197,Amsterdam Factory I,2026-03-27,31,1,0.3,92.3
PR-000198,Amsterdam Factory I,2026-03-28,20,1,0.2,99.0
PR-000199,Amsterdam Factory I,2026-03-29,26,1,0.5,97.2
PR-000200,Amsterdam Factory I,2026-03-30,21,1,0.1,97.5
PR-000201,Amsterdam Factory I,2026-03-31,21,1,0.2,99.0
PR-000202,Amsterdam Factory I,2026-04-01,19,1,1.1,99.0
PR-000203,Amsterdam Factory I,2026-04-02,26,1,0.1,90.7
PR-000204,Amsterdam Factory I,2026-04-03,29,1,0.1,93.6
PR-000205,Amsterdam Factory I,2026-04-06,30,1,0.2,99.0
PR-000206,Amsterdam Factory I,2026-04-07,20,1,0.4,99.0
PR-000207,Amsterdam Factory I,2026-04-08,22,1,0.3,96.2
PR-000208,Amsterdam Factory I,2026-04-09,26,1,0.1,98.3
PR-000209,Amsterdam Factory I,2026-04-12,24,1,0.5,95.7
PR-000210,Amsterdam Factory I,2026-04-13,24,1,0.9,91.9
PR-000211,Amsterdam Factory I,2026-04-14,32,1,0.2,94.1
PR-000212,Amsterdam Factory I,2026-04-15,15,1,0.3,89.2
PR-000213,Amsterdam Factory I,2026-04-16,23,1,0.2,94.9
PR-000214,Amsterdam Factory I,2026-04-18,18,1,0.5,93.8
PR-000215,Amsterdam Factory I,2026-04-19,29,1,1.1,93.3
PR-000216,Amsterdam Factory I,2026-04-21,27,1,1.2,95.9
PR-000217,Amsterdam Factory I,2026-04-24,25,1,0.2,96.1
PR-000218,Amsterdam Factory I,2026-04-25,23,1,0.6,99.0
PR-000219,Amsterdam Factory I,2026-04-26,19,1,0.1,91.2
PR-000220,Amsterdam Factory I,2026-04-27,29,1,0.8,97.9
PR-000221,Amsterdam Factory I,2026-04-28,20,1,0.2,94.4
PR-000222,Amsterdam Factory I,2026-04-29,26,1,0.1,90.5
PR-000223,Amsterdam Factory I,2026-04-30,30,1,0.3,90.9
PR-000224,Amsterdam Factory I,2026-05-01,24,1,0.1,94.9
PR-000225,Amsterdam Factory I,2026-05-02,22,1,0.1,98.9
PR-000226,Amsterdam Factory I,2026-05-03,23,1,0.1,90.7
PR-000227,Amsterdam Factory I,2026-05-07,24,1,0.8,97.6
PR-000228,Amsterdam Factory I,2026-05-08,27,1,0.3,95.1
PR-000229,Amsterdam Factory I,2026-05-09,25,1,0.3,94.2
PR-000230,Amsterdam Factory I,2026-05-10,25,1,0.1,91.8
PR-000231,Amsterdam Factory I,2026-05-11,26,1,1.5,96.5
PR-000232,Amsterdam Factory I,2026-05-12,24,1,0.3,99.0
PR-000233,Amsterdam Factory I,2026-05-13,20,1,0.1,91.4
PR-000234,Amsterdam Factory I,2026-05-14,20,1,0.2,99.0
PR-000235,Amsterdam Factory I,2026-05-15,28,1,0.4,92.5
PR-000236,Amsterdam Factory I,2026-05-16,20,1,0.3,99.0
PR-000237,Amsterdam Factory I,2026-05-17,28,1,0.6,96.8
PR-000238,Amsterdam Factory I,2026-05-18,24,1,0.1,99.0
PR-000239,Amsterdam Factory I,2026-05-19,23,1,1.2,98.7
PR-000240,Amsterdam Factory I,2026-05-20,23,1,0.1,96.8
PR-000241,Amsterdam Factory I,2026-05-21,29,1,0.7,99.0
PR-000242,Amsterdam Factory I,2026-05-22,24,1,1.4,94.9
PR-000243,Amsterdam Factory I,2026-05-24,20,1,0.9,99.0
PR-000244,Amsterdam Factory I,2026-05-26,22,1,0.4,95.3
PR-000245,Amsterdam Factory I,2026-05-27,34,1,0.2,96.5
PR-000246,Amsterdam Factory I,2026-05-29,27,1,0.2,94.7
PR-000247,Amsterdam Factory I,2026-05-31,26,1,0.6,97.0
PR-000248,Amsterdam Factory I,2026-06-02,22,1,1.3,99.0
PR-000249,Amsterdam Factory I,2026-06-06,20,1,0.1,99.0
PR-000250,Amsterdam Factory I,2026-06-07,28,1,1.4,93.2
PR-000251,Amsterdam Factory I,2026-06-08,32,1,2.3,95.9
PR-000252,Amsterdam Factory I,2026-06-09,24,1,1.5,88.8
PR-000253,Amsterdam Factory I,2026-06-10,24,1,0.3,99.0
PR-000254,Amsterdam Factory I,2026-06-11,20,1,0.6,98.6
PR-000255,Amsterdam Factory I,2026-06-14,22,1,0.5,94.6
PR-000256,Amsterdam Factory I,2026-06-15,23,1,0.3,94.1
PR-000257,Amsterdam Factory I,2026-06-16,18,1,0.8,95.3
PR-000258,Amsterdam Factory I,2026-06-17,23,1,0.3,99.0
PR-000259,Amsterdam Factory I,2026-06-18,26,1,1.2,98.3
PR-000260,Amsterdam Factory I,2026-06-19,24,1,0.6,96.6
PR-000261,Amsterdam Factory I,2026-06-20,21,1,0.1,99.0
PR-000262,Amsterdam Factory I,2026-06-21,23,1,0.4,99.0
PR-000263,Amsterdam Factory I,2026-06-22,25,1,0.1,99.0
PR-000264,Amsterdam Factory I,2026-06-23,26,1,0.5,88.2
PR-000265,Amsterdam Factory I,2026-06-25,22,1,0.2,95.7
PR-000266,Amsterdam Factory I,2026-06-26,24,1,0.4,95.3
PR-000267,Amsterdam Factory I,2026-06-27,17,1,0.9,91.3
PR-000268,Amsterdam Factory I,2026-06-29,24,1,0.2,95.9
PR-000269,Amsterdam Factory I,2026-06-30,23,1,0.9,96.9
PR-000270,Amsterdam Factory I,2026-07-01,25,1,0.8,96.6
PR-000271,Amsterdam Factory I,2026-07-02,28,1,0.1,94.6
PR-000272,Amsterdam Factory I,2026-07-04,21,1,0.4,98.9
PR-000273,Amsterdam Factory I,2026-07-06,15,1,0.1,98.0
PR-000274,Amsterdam Factory I,2026-07-07,18,1,0.6,92.4
PR-000275,Amsterdam Factory I,2026-07-08,21,1,0.9,87.5
PR-000276,Amsterdam Factory I,2026-07-10,15,1,0.3,96.1
PR-000277,Amsterdam Factory I,2026-07-11,29,1,0.1,94.6
PR-000278,Amsterdam Factory I,2026-07-12,25,1,0.3,94.1
PR-000279,Amsterdam Factory I,2026-07-13,24,1,0.4,94.0
PR-000280,Amsterdam Factory I,2026-07-14,26,1,0.9,90.4
PR-000281,Amsterdam Factory I,2026-07-15,24,1,0.1,99.0
PR-000282,Amsterdam Factory I,2026-07-16,22,1,0.1,99.0
PR-000283,Amsterdam Factory I,2026-07-17,27,1,1.9,90.1
PR-000284,Amsterdam Factory I,2026-07-18,21,1,1.2,91.9
PR-000285,Amsterdam Factory I,2026-07-20,35,1,1.8,95.1
PR-000286,Amsterdam Factory I,2026-07-22,24,1,0.1,98.3
PR-000287,Amsterdam Factory I,2026-07-23,19,1,0.1,93.4
PR-000288,Amsterdam Factory I,2026-07-24,24,1,0.6,97.9
PR-000289,Amsterdam Factory I,2026-07-25,26,1,0.5,92.2
PR-000290,Amsterdam Factory I,2026-07-26,23,1,0.3,94.0
PR-000291,Amsterdam Factory I,2026-07-27,22,1,1.0,93.8
PR-000292,Amsterdam Factory I,2026-07-28,21,1,0.5,92.6
PR-000293,Amsterdam Factory I,2026-07-29,24,1,1.8,92.2
PR-000294,Amsterdam Factory I,2026-07-30,27,1,0.2,95.5
PR-000295,Amsterdam Factory I,2026-08-01,25,1,0.6,92.9
PR-000296,Amsterdam Factory I,2026-08-02,31,1,0.1,96.9
PR-000297,Amsterdam Factory I,2026-08-03,21,1,0.2,99.0
PR-000298,Antwerp Factory A,2026-03-27,16,1,0.2,96.3
PR-000299,Antwerp Factory A,2026-03-28,18,1,0.2,96.7
PR-000300,Antwerp Factory A,2026-03-29,17,1,0.2,96.4
PR-000301,Antwerp Factory A,2026-03-30,19,1,0.5,95.7
PR-000302,Antwerp Factory A,2026-03-31,14,1,0.9,99.0
PR-000303,Antwerp Factory A,2026-04-01,18,1,0.8,88.8
PR-000304,Antwerp Factory A,2026-04-03,19,1,0.3,99.0
PR-000305,Antwerp Factory A,2026-04-06,14,1,0.9,96.4
PR-000306,Antwerp Factory A,2026-04-07,11,1,0.1,90.7
PR-000307,Antwerp Factory A,2026-04-08,16,1,0.2,98.7
PR-000308,Antwerp Factory A,2026-04-09,15,1,0.5,99.0
PR-000309,Antwerp Factory A,2026-04-10,16,1,1.3,91.1
PR-000310,Antwerp Factory A,2026-04-11,15,1,0.5,99.0
PR-000311,Antwerp Factory A,2026-04-12,19,1,0.7,92.4
PR-000312,Antwerp Factory A,2026-04-13,17,1,1.4,98.2
PR-000313,Antwerp Factory A,2026-04-15,20,1,1.8,95.1
PR-000314,Antwerp Factory A,2026-04-16,19,1,0.2,93.6
PR-000315,Antwerp Factory A,2026-04-17,18,1,0.1,98.6
PR-000316,Antwerp Factory A,2026-04-18,15,1,1.8,88.9
PR-000317,Antwerp Factory A,2026-04-19,16,1,0.1,92.8
PR-000318,Antwerp Factory A,2026-04-21,18,1,0.3,97.5
PR-000319,Antwerp Factory A,2026-04-22,16,1,1.9,92.0
PR-000320,Antwerp Factory A,2026-04-24,14,1,0.3,97.1
PR-000321,Antwerp Factory A,2026-04-25,15,1,0.1,99.0
PR-000322,Antwerp Factory A,2026-04-26,19,1,0.3,99.0
PR-000323,Antwerp Factory A,2026-04-29,12,1,0.1,98.8
PR-000324,Antwerp Factory A,2026-04-30,20,1,0.9,93.1
PR-000325,Antwerp Factory A,2026-05-01,15,1,0.1,95.5
PR-000326,Antwerp Factory A,2026-05-02,18,1,0.1,99.0
PR-000327,Antwerp Factory A,2026-05-07,12,1,0.5,99.0
PR-000328,Antwerp Factory A,2026-05-08,19,1,0.1,99.0
PR-000329,Antwerp Factory A,2026-05-09,13,1,1.7,87.0
PR-000330,Antwerp Factory A,2026-05-10,16,1,0.2,96.8
PR-000331,Antwerp Factory A,2026-05-11,20,1,1.1,99.0
PR-000332,Antwerp Factory A,2026-05-12,18,1,0.1,98.1
PR-000333,Antwerp Factory A,2026-05-14,19,1,0.1,99.0
PR-000334,Antwerp Factory A,2026-05-15,19,1,1.9,88.7
PR-000335,Antwerp Factory A,2026-05-16,12,1,1.3,91.3
PR-000336,Antwerp Factory A,2026-05-17,23,1,0.4,96.8
PR-000337,Antwerp Factory A,2026-05-18,10,1,0.1,99.0
PR-000338,Antwerp Factory A,2026-05-19,19,1,1.2,90.9
PR-000339,Antwerp Factory A,2026-05-20,14,1,1.7,93.1
PR-000340,Antwerp Factory A,2026-05-21,18,1,0.2,99.0
PR-000341,Antwerp Factory A,2026-05-22,12,1,0.1,94.6
PR-000342,Antwerp Factory A,2026-05-23,16,1,1.7,98.6
PR-000343,Antwerp Factory A,2026-05-24,17,1,0.5,91.0
PR-000344,Antwerp Factory A,2026-05-25,17,1,0.6,90.5
PR-000345,Antwerp Factory A,2026-05-26,19,1,0.9,95.8
PR-000346,Antwerp Factory A,2026-05-27,20,1,0.4,99.0
PR-000347,Antwerp Factory A,2026-05-28,14,1,2.6,96.7
PR-000348,Antwerp Factory A,2026-05-30,15,1,0.2,99.0
PR-000349,Antwerp Factory A,2026-05-31,17,1,1.5,89.5
PR-000350,Antwerp Factory A,2026-06-01,15,1,0.1,99.0
PR-000351,Antwerp Factory A,2026-06-02,15,1,0.1,97.4
PR-000352,Antwerp Factory A,2026-06-04,17,1,0.1,90.6
PR-000353,Antwerp Factory A,2026-06-06,15,1,0.4,93.0
PR-000354,Antwerp Factory A,2026-06-07,13,1,0.1,99.0
PR-000355,Antwerp Factory A,2026-06-10,15,1,1.1,98.7
PR-000356,Antwerp Factory A,2026-06-11,19,1,0.2,96.4
PR-000357,Antwerp Factory A,2026-06-12,14,1,1.9,84.4
PR-000358,Antwerp Factory A,2026-06-14,23,1,1.5,92.3
PR-000359,Antwerp Factory A,2026-06-16,17,1,1.0,90.4
PR-000360,Antwerp Factory A,2026-06-18,20,1,0.2,92.4
PR-000361,Antwerp Factory A,2026-06-19,15,1,0.3,99.0
PR-000362,Antwerp Factory A,2026-06-20,15,1,1.6,96.2
PR-000363,Antwerp Factory A,2026-06-22,18,1,0.1,96.2
PR-000364,Antwerp Factory A,2026-06-23,21,1,1.1,90.4
PR-000365,Antwerp Factory A,2026-06-24,23,1,1.9,88.4
PR-000366,Antwerp Factory A,2026-06-25,15,1,1.0,95.3
PR-000367,Antwerp Factory A,2026-06-26,13,1,1.3,92.3
PR-000368,Antwerp Factory A,2026-06-27,17,1,0.2,98.8
PR-000369,Antwerp Factory A,2026-06-28,16,1,0.4,92.3
PR-000370,Antwerp Factory A,2026-06-30,14,1,0.6,93.3
PR-000371,Antwerp Factory A,2026-07-02,9,1,1.3,91.5
PR-000372,Antwerp Factory A,2026-07-03,19,1,0.7,99.0
PR-000373,Antwerp Factory A,2026-07-05,17,1,0.1,97.6
PR-000374,Antwerp Factory A,2026-07-06,15,1,0.4,98.8
PR-000375,Antwerp Factory A,2026-07-09,15,1,0.2,92.4
PR-000376,Antwerp Factory A,2026-07-10,13,1,0.1,98.0
PR-000377,Antwerp Factory A,2026-07-11,14,1,2.0,90.6
PR-000378,Antwerp Factory A,2026-07-14,19,1,0.2,91.7
PR-000379,Antwerp Factory A,2026-07-15,17,1,0.8,90.8
PR-000380,Antwerp Factory A,2026-07-16,18,1,0.3,89.3
PR-000381,Antwerp Factory A,2026-07-17,16,1,0.3,96.5
PR-000382,Antwerp Factory A,2026-07-18,20,1,0.3,99.0
PR-000383,Antwerp Factory A,2026-07-19,19,1,0.1,99.0
PR-000384,Antwerp Factory A,2026-07-20,18,1,0.4,99.0
PR-000385,Antwerp Factory A,2026-07-21,22,1,1.1,95.3
PR-000386,Antwerp Factory A,2026-07-22,17,1,0.1,96.8
PR-000387,Antwerp Factory A,2026-07-23,16,1,0.1,99.0
PR-000388,Antwerp Factory A,2026-07-24,21,1,0.6,91.7
PR-000389,Antwerp Factory A,2026-07-25,20,1,0.3,91.6
PR-000390,Antwerp Factory A,2026-07-26,15,1,0.7,95.6
PR-000391,Antwerp Factory A,2026-07-28,20,1,0.6,97.3
PR-000392,Antwerp Factory A,2026-07-30,18,1,0.6,96.9
PR-000393,Antwerp Factory A,2026-08-01,14,1,0.2,99.0
PR-000394,Bern Factory B,2026-03-27,46,1,0.2,96.4
PR-000395,Bern Factory B,2026-03-29,39,1,0.5,95.8
PR-000396,Bern Factory B,2026-03-30,42,1,0.6,89.1
PR-000397,Bern Factory B,2026-03-31,56,1,1.5,90.5
PR-000398,Bern Factory B,2026-04-02,43,1,0.6,92.4
PR-000399,Bern Factory B,2026-04-03,37,1,0.5,94.2
PR-000400,Bern Factory B,2026-04-04,35,1,0.4,99.0
PR-000401,Bern Factory B,2026-04-05,36,1,0.7,99.0
PR-000402,Bern Factory B,2026-04-06,46,1,0.2,95.9
PR-000403,Bern Factory B,2026-04-07,35,1,0.1,99.0
PR-000404,Bern Factory B,2026-04-09,35,1,0.3,95.7
PR-000405,Bern Factory B,2026-04-10,32,1,0.8,92.4
PR-000406,Bern Factory B,2026-04-11,47,1,0.7,98.1
PR-000407,Bern Factory B,2026-04-12,51,1,1.2,93.9
PR-000408,Bern Factory B,2026-04-13,30,1,0.6,97.1
PR-000409,Bern Factory B,2026-04-14,44,1,0.4,99.0
PR-000410,Bern Factory B,2026-04-15,40,1,1.3,93.1
PR-000411,Bern Factory B,2026-04-16,45,1,0.2,98.4
PR-000412,Bern Factory B,2026-04-17,48,1,0.1,95.6
PR-000413,Bern Factory B,2026-04-19,43,1,1.2,83.9
PR-000414,Bern Factory B,2026-04-21,43,1,0.7,97.1
PR-000415,Bern Factory B,2026-04-22,40,1,0.5,97.0
PR-000416,Bern Factory B,2026-04-23,35,1,0.9,90.2
PR-000417,Bern Factory B,2026-04-25,43,1,0.1,93.2
PR-000418,Bern Factory B,2026-04-26,37,1,0.3,99.0
PR-000419,Bern Factory B,2026-04-27,52,1,0.1,96.6
PR-000420,Bern Factory B,2026-04-28,44,1,0.4,93.4
PR-000421,Bern Factory B,2026-04-29,27,1,0.3,90.1
PR-000422,Bern Factory B,2026-04-30,46,1,0.6,94.2
PR-000423,Bern Factory B,2026-05-01,42,1,0.9,96.8
PR-000424,Bern Factory B,2026-05-03,52,1,0.3,92.7
PR-000425,Bern Factory B,2026-05-04,44,1,0.1,96.8
PR-000426,Bern Factory B,2026-05-05,53,1,0.5,85.4
PR-000427,Bern Factory B,2026-05-06,41,1,0.7,96.1
PR-000428,Bern Factory B,2026-05-07,38,1,0.1,99.0
PR-000429,Bern Factory B,2026-05-08,37,1,0.4,88.9
PR-000430,Bern Factory B,2026-05-09,35,1,0.2,93.5
PR-000431,Bern Factory B,2026-05-12,44,1,0.4,95.8
PR-000432,Bern Factory B,2026-05-13,44,1,1.3,89.9
PR-000433,Bern Factory B,2026-05-14,38,1,1.8,89.1
PR-000434,Bern Factory B,2026-05-19,48,1,0.2,93.9
PR-000435,Bern Factory B,2026-05-20,42,1,0.7,95.4
PR-000436,Bern Factory B,2026-05-22,31,1,0.1,98.6
PR-000437,Bern Factory B,2026-05-25,52,1,0.1,95.9
PR-000438,Bern Factory B,2026-05-26,52,1,1.0,96.6
PR-000439,Bern Factory B,2026-05-29,40,1,0.4,99.0
PR-000440,Bern Factory B,2026-05-30,40,1,0.8,98.9
PR-000441,Bern Factory B,2026-05-31,30,1,0.6,91.0
PR-000442,Bern Factory B,2026-06-01,40,1,0.8,99.0
PR-000443,Bern Factory B,2026-06-02,48,1,1.1,91.5
PR-000444,Bern Factory B,2026-06-03,38,1,0.3,99.0
PR-000445,Bern Factory B,2026-06-04,39,1,1.0,94.3
PR-000446,Bern Factory B,2026-06-06,34,1,1.0,99.0
PR-000447,Bern Factory B,2026-06-07,36,1,0.2,91.9
PR-000448,Bern Factory B,2026-06-10,28,1,0.4,97.5
PR-000449,Bern Factory B,2026-06-15,35,1,0.6,93.8
PR-000450,Bern Factory B,2026-06-16,40,1,0.5,90.2
PR-000451,Bern Factory B,2026-06-17,49,1,1.0,99.0
PR-000452,Bern Factory B,2026-06-18,40,1,0.1,96.7
PR-000453,Bern Factory B,2026-06-20,42,1,0.3,92.8
PR-000454,Bern Factory B,2026-06-22,33,1,0.4,94.3
PR-000455,Bern Factory B,2026-06-23,20,1,0.2,92.1
PR-000456,Bern Factory B,2026-06-24,37,1,3.4,80.1
PR-000457,Bern Factory B,2026-06-25,43,1,0.2,97.3
PR-000458,Bern Factory B,2026-06-26,49,1,1.0,96.0
PR-000459,Bern Factory B,2026-06-27,48,1,0.4,93.3
PR-000460,Bern Factory B,2026-06-28,29,1,0.1,97.5
PR-000461,Bern Factory B,2026-06-29,45,1,2.2,89.3
PR-000462,Bern Factory B,2026-06-30,45,1,0.2,94.7
PR-000463,Bern Factory B,2026-07-01,42,1,0.3,95.4
PR-000464,Bern Factory B,2026-07-02,35,1,0.5,99.0
PR-000465,Bern Factory B,2026-07-04,56,1,0.6,99.0
PR-000466,Bern Factory B,2026-07-05,46,1,1.1,96.6
PR-000467,Bern Factory B,2026-07-06,50,1,0.4,93.0
PR-000468,Bern Factory B,2026-07-08,40,1,0.5,92.4
PR-000469,Bern Factory B,2026-07-09,33,1,1.2,86.1
PR-000470,Bern Factory B,2026-07-10,32,1,0.2,97.6
PR-000471,Bern Factory B,2026-07-11,45,1,2.3,93.7
PR-000472,Bern Factory B,2026-07-12,42,1,0.8,93.2
PR-000473,Bern Factory B,2026-07-13,34,1,0.2,99.0
PR-000474,Bern Factory B,2026-07-14,36,1,0.5,96.1
PR-000475,Bern Factory B,2026-07-15,31,1,0.7,87.0
PR-000476,Bern Factory B,2026-07-16,24,1,0.2,93.8
PR-000477,Bern Factory B,2026-07-17,40,1,0.7,95.0
PR-000478,Bern Factory B,2026-07-18,43,1,0.3,99.0
PR-000479,Bern Factory B,2026-07-19,47,1,0.1,96.0
PR-000480,Bern Factory B,2026-07-20,39,1,0.2,94.6
PR-000481,Bern Factory B,2026-07-21,40,1,3.1,85.0
PR-000482,Bern Factory B,2026-07-23,52,1,0.3,99.0
PR-000483,Bern Factory B,2026-07-25,35,1,0.7,92.7
PR-000484,Bern Factory B,2026-07-26,27,1,1.2,90.9
PR-000485,Bern Factory B,2026-07-27,33,1,1.1,95.3
PR-000486,Bern Factory B,2026-07-29,53,1,0.1,99.0
PR-000487,Bern Factory B,2026-07-30,49,1,1.2,89.8
PR-000488,Bern Factory B,2026-08-02,39,1,0.1,97.1
PR-000489,Bern Factory B,2026-08-03,28,1,0.2,93.5
PR-000490,Bordeaux Factory D,2026-03-27,33,1,0.1,90.6
PR-000491,Bordeaux Factory D,2026-03-28,15,1,0.2,91.2
PR-000492,Bordeaux Factory D,2026-03-29,30,1,1.4,87.8
PR-000493,Bordeaux Factory D,2026-03-30,28,1,1.3,95.2
PR-000494,Bordeaux Factory D,2026-03-31,22,1,0.1,92.3
PR-000495,Bordeaux Factory D,2026-04-01,28,1,0.2,96.8
PR-000496,Bordeaux Factory D,2026-04-02,27,1,1.5,96.1
PR-000497,Bordeaux Factory D,2026-04-05,33,1,0.2,96.0
PR-000498,Bordeaux Factory D,2026-04-07,26,1,0.2,96.1
PR-000499,Bordeaux Factory D,2026-04-08,30,1,0.1,97.9
PR-000500,Bordeaux Factory D,2026-04-09,22,1,0.6,90.3
PR-000501,Bordeaux Factory D,2026-04-11,25,1,0.7,99.0
PR-000502,Bordeaux Factory D,2026-04-12,30,1,0.9,86.5
PR-000503,Bordeaux Factory D,2026-04-13,24,1,0.2,92.1
PR-000504,Bordeaux Factory D,2026-04-15,31,1,0.9,92.7
PR-000505,Bordeaux Factory D,2026-04-16,23,1,0.1,95.9
PR-000506,Bordeaux Factory D,2026-04-17,31,1,0.1,90.6
PR-000507,Bordeaux Factory D,2026-04-19,33,1,0.1,93.7
PR-000508,Bordeaux Factory D,2026-04-21,22,1,1.5,95.1
PR-000509,Bordeaux Factory D,2026-04-22,29,1,0.1,99.0
PR-000510,Bordeaux Factory D,2026-04-23,25,1,0.3,93.0
PR-000511,Bordeaux Factory D,2026-04-24,18,1,0.1,94.9
PR-000512,Bordeaux Factory D,2026-04-25,26,1,0.6,95.0
PR-000513,Bordeaux Factory D,2026-04-26,34,1,0.3,97.0
PR-000514,Bordeaux Factory D,2026-04-27,23,1,0.5,99.0
PR-000515,Bordeaux Factory D,2026-04-29,25,1,1.0,92.4
PR-000516,Bordeaux Factory D,2026-04-30,25,1,1.8,93.6
PR-000517,Bordeaux Factory D,2026-05-02,25,1,0.7,93.8
PR-000518,Bordeaux Factory D,2026-05-04,29,1,0.6,99.0
PR-000519,Bordeaux Factory D,2026-05-08,23,1,1.0,88.0
PR-000520,Bordeaux Factory D,2026-05-09,34,1,0.6,90.5
PR-000521,Bordeaux Factory D,2026-05-10,25,1,0.7,96.5
PR-000522,Bordeaux Factory D,2026-05-11,21,1,0.1,96.4
PR-000523,Bordeaux Factory D,2026-05-12,31,1,0.7,99.0
PR-000524,Bordeaux Factory D,2026-05-14,18,1,0.3,98.8
PR-000525,Bordeaux Factory D,2026-05-16,24,1,2.0,96.5
PR-000526,Bordeaux Factory D,2026-05-19,24,1,0.8,95.5
PR-000527,Bordeaux Factory D,2026-05-20,26,1,0.6,93.9
PR-000528,Bordeaux Factory D,2026-05-22,29,1,0.4,99.0
PR-000529,Bordeaux Factory D,2026-05-23,24,1,0.2,99.0
PR-000530,Bordeaux Factory D,2026-05-25,22,1,1.1,99.0
PR-000531,Bordeaux Factory D,2026-05-26,25,1,2.2,87.0
PR-000532,Bordeaux Factory D,2026-05-29,28,1,0.5,98.1
PR-000533,Bordeaux Factory D,2026-05-30,26,1,0.1,98.2
PR-000534,Bordeaux Factory D,2026-06-01,23,1,0.2,98.5
PR-000535,Bordeaux Factory D,2026-06-03,27,1,0.1,97.4
PR-000536,Bordeaux Factory D,2026-06-04,32,1,0.2,99.0
PR-000537,Bordeaux Factory D,2026-06-05,25,1,0.8,93.2
PR-000538,Bordeaux Factory D,2026-06-06,26,1,0.2,95.5
PR-000539,Bordeaux Factory D,2026-06-07,31,1,0.7,89.8
PR-000540,Bordeaux Factory D,2026-06-08,23,1,0.2,90.7
PR-000541,Bordeaux Factory D,2026-06-10,26,1,0.8,95.6
PR-000542,Bordeaux Factory D,2026-06-11,24,1,1.8,94.9
PR-000543,Bordeaux Factory D,2026-06-12,33,1,0.5,93.8
PR-000544,Bordeaux Factory D,2026-06-13,26,1,1.5,97.3
PR-000545,Bordeaux Factory D,2026-06-14,30,1,0.3,98.3
PR-000546,Bordeaux Factory D,2026-06-15,33,1,0.1,96.3
PR-000547,Bordeaux Factory D,2026-06-16,26,1,2.0,97.2
PR-000548,Bordeaux Factory D,2026-06-17,27,1,1.0,97.5
PR-000549,Bordeaux Factory D,2026-06-18,30,1,1.3,99.0
PR-000550,Bordeaux Factory D,2026-06-19,25,1,0.4,99.0
PR-000551,Bordeaux Factory D,2026-06-20,29,1,1.6,87.9
PR-000552,Bordeaux Factory D,2026-06-21,23,1,0.8,94.2
PR-000553,Bordeaux Factory D,2026-06-22,27,1,1.0,91.3
PR-000554,Bordeaux Factory D,2026-06-23,21,1,0.4,90.6
PR-000555,Bordeaux Factory D,2026-06-24,25,1,2.2,87.2
PR-000556,Bordeaux Factory D,2026-06-25,28,1,0.1,99.0
PR-000557,Bordeaux Factory D,2026-06-26,26,1,0.1,96.9
PR-000558,Bordeaux Factory D,2026-06-27,17,1,0.4,90.1
PR-000559,Bordeaux Factory D,2026-06-28,23,1,0.2,97.4
PR-000560,Bordeaux Factory D,2026-06-29,19,1,0.8,96.4
PR-000561,Bordeaux Factory D,2026-06-30,32,1,0.8,99.0
PR-000562,Bordeaux Factory D,2026-07-01,30,1,0.1,93.2
PR-000563,Bordeaux Factory D,2026-07-03,24,1,0.1,96.6
PR-000564,Bordeaux Factory D,2026-07-07,26,1,0.8,97.8
PR-000565,Bordeaux Factory D,2026-07-08,31,1,1.3,92.5
PR-000566,Bordeaux Factory D,2026-07-10,31,1,0.9,92.1
PR-000567,Bordeaux Factory D,2026-07-11,20,1,0.5,97.6
PR-000568,Bordeaux Factory D,2026-07-13,21,1,0.8,95.3
PR-000569,Bordeaux Factory D,2026-07-15,28,1,0.5,85.3
PR-000570,Bordeaux Factory D,2026-07-16,17,1,1.1,96.8
PR-000571,Bordeaux Factory D,2026-07-17,27,1,0.5,97.8
PR-000572,Bordeaux Factory D,2026-07-18,24,1,0.4,92.8
PR-000573,Bordeaux Factory D,2026-07-19,27,1,0.6,94.8
PR-000574,Bordeaux Factory D,2026-07-20,26,1,1.1,88.8
PR-000575,Bordeaux Factory D,2026-07-21,25,1,1.3,94.6
PR-000576,Bordeaux Factory D,2026-07-22,22,1,0.5,89.9
PR-000577,Bordeaux Factory D,2026-07-23,32,1,0.4,99.0
PR-000578,Bordeaux Factory D,2026-07-24,27,1,0.1,97.1
PR-000579,Bordeaux Factory D,2026-07-25,29,1,0.6,92.2
PR-000580,Bordeaux Factory D,2026-07-26,30,1,0.2,94.5
PR-000581,Bordeaux Factory D,2026-07-27,23,1,0.7,92.1
PR-000582,Bordeaux Factory D,2026-07-31,28,1,0.1,99.0
PR-000583,Bordeaux Factory D,2026-08-01,19,1,0.5,95.1
PR-000584,Bordeaux Factory D,2026-08-02,23,1,0.2,91.0
PR-000585,Bordeaux Factory D,2026-08-03,24,1,1.4,96.8
PR-000586,Bristol Factory H,2026-03-27,15,1,0.1,95.2
PR-000587,Bristol Factory H,2026-03-28,14,1,0.3,99.0
PR-000588,Bristol Factory H,2026-03-29,14,1,0.1,96.9
PR-000589,Bristol Factory H,2026-03-30,13,1,0.8,89.3
PR-000590,Bristol Factory H,2026-04-01,13,1,0.1,97.1
PR-000591,Bristol Factory H,2026-04-02,14,1,0.1,93.2
PR-000592,Bristol Factory H,2026-04-03,15,1,0.1,95.5
PR-000593,Bristol Factory H,2026-04-04,15,1,0.3,95.9
PR-000594,Bristol Factory H,2026-04-05,13,1,0.2,95.5
PR-000595,Bristol Factory H,2026-04-06,14,1,1.0,99.0
PR-000596,Bristol Factory H,2026-04-07,13,1,2.4,94.2
PR-000597,Bristol Factory H,2026-04-08,15,1,0.3,94.2
PR-000598,Bristol Factory H,2026-04-10,15,1,1.3,96.6
PR-000599,Bristol Factory H,2026-04-12,17,1,0.3,97.4
PR-000600,Bristol Factory H,2026-04-13,14,1,0.2,95.3
PR-000601,Bristol Factory H,2026-04-14,11,1,0.1,88.8
PR-000602,Bristol Factory H,2026-04-15,15,1,0.4,93.1
PR-000603,Bristol Factory H,2026-04-17,15,1,0.2,99.0
PR-000604,Bristol Factory H,2026-04-18,14,1,0.2,98.8
PR-000605,Bristol Factory H,2026-04-19,17,1,0.9,99.0
PR-000606,Bristol Factory H,2026-04-20,19,1,0.5,85.6
PR-000607,Bristol Factory H,2026-04-24,13,1,1.5,93.2
PR-000608,Bristol Factory H,2026-04-25,9,1,1.3,89.3
PR-000609,Bristol Factory H,2026-04-26,16,1,0.1,97.8
PR-000610,Bristol Factory H,2026-04-27,15,1,0.3,99.0
PR-000611,Bristol Factory H,2026-04-28,14,1,0.3,93.6
PR-000612,Bristol Factory H,2026-04-30,16,1,0.3,99.0
PR-000613,Bristol Factory H,2026-05-01,17,1,0.2,86.5
PR-000614,Bristol Factory H,2026-05-02,14,1,0.9,91.2
PR-000615,Bristol Factory H,2026-05-03,17,1,0.7,94.8
PR-000616,Bristol Factory H,2026-05-06,12,1,0.9,92.9
PR-000617,Bristol Factory H,2026-05-08,18,1,1.4,93.4
PR-000618,Bristol Factory H,2026-05-10,11,1,0.2,96.9
PR-000619,Bristol Factory H,2026-05-12,16,1,0.1,99.0
PR-000620,Bristol Factory H,2026-05-13,13,1,0.1,99.0
PR-000621,Bristol Factory H,2026-05-14,17,1,0.6,95.7
PR-000622,Bristol Factory H,2026-05-18,15,1,0.2,93.9
PR-000623,Bristol Factory H,2026-05-19,10,1,0.5,98.4
PR-000624,Bristol Factory H,2026-05-20,10,1,0.1,99.0
PR-000625,Bristol Factory H,2026-05-21,11,1,0.3,98.8
PR-000626,Bristol Factory H,2026-05-22,15,1,2.2,82.4
PR-000627,Bristol Factory H,2026-05-24,12,1,0.3,92.1
PR-000628,Bristol Factory H,2026-05-25,13,1,0.2,85.5
PR-000629,Bristol Factory H,2026-05-26,16,1,1.5,99.0
PR-000630,Bristol Factory H,2026-05-27,11,1,1.0,93.7
PR-000631,Bristol Factory H,2026-05-28,13,1,0.7,89.9
PR-000632,Bristol Factory H,2026-05-29,14,1,0.3,89.6
PR-000633,Bristol Factory H,2026-05-30,15,1,0.7,91.5
PR-000634,Bristol Factory H,2026-05-31,12,1,0.1,99.0
PR-000635,Bristol Factory H,2026-06-02,14,1,0.1,97.3
PR-000636,Bristol Factory H,2026-06-03,14,1,0.1,91.0
PR-000637,Bristol Factory H,2026-06-04,11,1,0.6,99.0
PR-000638,Bristol Factory H,2026-06-07,14,1,0.9,90.4
PR-000639,Bristol Factory H,2026-06-09,19,1,0.4,91.8
PR-000640,Bristol Factory H,2026-06-10,15,1,0.3,97.1
PR-000641,Bristol Factory H,2026-06-12,15,1,0.1,97.3
PR-000642,Bristol Factory H,2026-06-13,16,1,0.1,97.6
PR-000643,Bristol Factory H,2026-06-14,15,1,0.5,88.3
PR-000644,Bristol Factory H,2026-06-15,14,1,0.2,99.0
PR-000645,Bristol Factory H,2026-06-17,10,1,0.6,90.9
PR-000646,Bristol Factory H,2026-06-18,13,1,0.2,99.0
PR-000647,Bristol Factory H,2026-06-19,14,1,0.1,99.0
PR-000648,Bristol Factory H,2026-06-20,15,1,0.4,99.0
PR-000649,Bristol Factory H,2026-06-21,19,1,0.6,95.4
PR-000650,Bristol Factory H,2026-06-23,14,1,1.8,87.1
PR-000651,Bristol Factory H,2026-06-25,14,1,0.4,95.6
PR-000652,Bristol Factory H,2026-06-26,15,1,2.4,99.0
PR-000653,Bristol Factory H,2026-06-27,14,1,0.1,96.5
PR-000654,Bristol Factory H,2026-06-28,13,1,1.0,94.5
PR-000655,Bristol Factory H,2026-06-29,16,1,0.6,93.6
PR-000656,Bristol Factory H,2026-07-01,10,1,0.7,91.5
PR-000657,Bristol Factory H,2026-07-05,15,1,0.1,99.0
PR-000658,Bristol Factory H,2026-07-08,15,1,1.6,88.4
PR-000659,Bristol Factory H,2026-07-09,13,1,0.2,96.6
PR-000660,Bristol Factory H,2026-07-10,15,1,1.8,89.5
PR-000661,Bristol Factory H,2026-07-11,10,1,0.1,96.6
PR-000662,Bristol Factory H,2026-07-14,14,1,0.1,97.1
PR-000663,Bristol Factory H,2026-07-15,12,1,0.7,92.5
PR-000664,Bristol Factory H,2026-07-16,16,1,0.4,90.0
PR-000665,Bristol Factory H,2026-07-17,16,1,0.9,96.5
PR-000666,Bristol Factory H,2026-07-19,15,1,1.6,89.8
PR-000667,Bristol Factory H,2026-07-21,13,1,0.6,90.0
PR-000668,Bristol Factory H,2026-07-22,16,1,0.3,93.3
PR-000669,Bristol Factory H,2026-07-23,11,1,0.1,90.3
PR-000670,Bristol Factory H,2026-07-24,14,1,0.5,93.3
PR-000671,Bristol Factory H,2026-07-26,14,1,0.3,92.9
PR-000672,Bristol Factory H,2026-07-29,16,1,0.4,97.0
PR-000673,Bristol Factory H,2026-07-31,11,1,0.7,98.1
PR-000674,Bristol Factory H,2026-08-01,10,1,3.6,85.9
PR-000675,Bruges Factory D,2026-03-27,44,1,0.1,99.0
PR-000676,Bruges Factory D,2026-03-28,35,1,1.1,91.0
PR-000677,Bruges Factory D,2026-03-29,45,1,0.7,94.4
PR-000678,Bruges Factory D,2026-03-30,39,1,0.1,97.8
PR-000679,Bruges Factory D,2026-03-31,33,1,1.2,96.6
PR-000680,Bruges Factory D,2026-04-01,48,1,0.7,92.2
PR-000681,Bruges Factory D,2026-04-02,40,1,0.5,96.3
PR-000682,Bruges Factory D,2026-04-03,48,1,0.3,96.5
PR-000683,Bruges Factory D,2026-04-04,43,1,3.6,83.8
PR-000684,Bruges Factory D,2026-04-05,45,1,0.2,94.7
PR-000685,Bruges Factory D,2026-04-06,35,1,0.4,99.0
PR-000686,Bruges Factory D,2026-04-07,37,1,1.7,97.5
PR-000687,Bruges Factory D,2026-04-08,25,1,0.1,99.0
PR-000688,Bruges Factory D,2026-04-09,41,1,0.1,96.5
PR-000689,Bruges Factory D,2026-04-10,46,1,0.3,89.5
PR-000690,Bruges Factory D,2026-04-11,36,1,0.5,93.5
PR-000691,Bruges Factory D,2026-04-12,41,1,0.5,94.8
PR-000692,Bruges Factory D,2026-04-13,38,1,0.2,96.4
PR-000693,Bruges Factory D,2026-04-14,32,1,0.1,96.7
PR-000694,Bruges Factory D,2026-04-15,45,1,0.7,97.6
PR-000695,Bruges Factory D,2026-04-17,32,1,0.1,97.4
PR-000696,Bruges Factory D,2026-04-18,36,1,3.2,94.6
PR-000697,Bruges Factory D,2026-04-22,41,1,0.3,94.3
PR-000698,Bruges Factory D,2026-04-23,34,1,0.9,93.6
PR-000699,Bruges Factory D,2026-04-25,43,1,0.2,99.0
PR-000700,Bruges Factory D,2026-04-26,47,1,1.1,91.8
PR-000701,Bruges Factory D,2026-04-27,37,1,0.7,92.8
PR-000702,Bruges Factory D,2026-04-28,52,1,0.8,98.9
PR-000703,Bruges Factory D,2026-04-30,37,1,0.1,99.0
PR-000704,Bruges Factory D,2026-05-01,49,1,0.3,95.7
PR-000705,Bruges Factory D,2026-05-02,39,1,0.4,99.0
PR-000706,Bruges Factory D,2026-05-06,34,1,0.1,94.9
PR-000707,Bruges Factory D,2026-05-07,47,1,1.1,95.2
PR-000708,Bruges Factory D,2026-05-08,26,1,0.4,95.9
PR-000709,Bruges Factory D,2026-05-09,44,1,2.5,87.7
PR-000710,Bruges Factory D,2026-05-11,37,1,1.4,93.7
PR-000711,Bruges Factory D,2026-05-12,45,2,0.2,92.0
PR-000712,Bruges Factory D,2026-05-13,40,1,0.7,93.2
PR-000713,Bruges Factory D,2026-05-14,40,1,0.2,95.8
PR-000714,Bruges Factory D,2026-05-15,35,1,2.2,88.5
PR-000715,Bruges Factory D,2026-05-17,38,1,0.2,97.8
PR-000716,Bruges Factory D,2026-05-18,43,1,0.1,92.2
PR-000717,Bruges Factory D,2026-05-20,40,1,0.1,99.0
PR-000718,Bruges Factory D,2026-05-21,45,1,0.1,94.7
PR-000719,Bruges Factory D,2026-05-22,44,1,0.3,86.7
PR-000720,Bruges Factory D,2026-05-23,38,1,0.6,97.6
PR-000721,Bruges Factory D,2026-05-26,39,1,0.3,91.8
PR-000722,Bruges Factory D,2026-05-27,51,1,0.1,86.7
PR-000723,Bruges Factory D,2026-05-28,46,1,0.8,99.0
PR-000724,Bruges Factory D,2026-05-29,33,1,0.1,95.8
PR-000725,Bruges Factory D,2026-05-30,38,1,1.0,93.2
PR-000726,Bruges Factory D,2026-05-31,43,1,0.5,97.0
PR-000727,Bruges Factory D,2026-06-01,45,1,0.5,92.6
PR-000728,Bruges Factory D,2026-06-02,46,1,0.2,99.0
PR-000729,Bruges Factory D,2026-06-03,37,1,0.1,98.7
PR-000730,Bruges Factory D,2026-06-04,45,1,1.7,92.9
PR-000731,Bruges Factory D,2026-06-05,40,1,0.7,99.0
PR-000732,Bruges Factory D,2026-06-06,35,1,0.6,99.0
PR-000733,Bruges Factory D,2026-06-07,33,1,0.2,97.5
PR-000734,Bruges Factory D,2026-06-08,33,1,0.1,99.0
PR-000735,Bruges Factory D,2026-06-09,35,1,1.0,91.6
PR-000736,Bruges Factory D,2026-06-10,41,1,0.3,96.1
PR-000737,Bruges Factory D,2026-06-12,42,1,0.5,96.2
PR-000738,Bruges Factory D,2026-06-13,34,1,0.6,97.5
PR-000739,Bruges Factory D,2026-06-14,43,1,1.4,95.7
PR-000740,Bruges Factory D,2026-06-15,34,1,0.3,97.3
PR-000741,Bruges Factory D,2026-06-16,43,1,0.6,87.9
PR-000742,Bruges Factory D,2026-06-18,37,1,0.5,92.2
PR-000743,Bruges Factory D,2026-06-19,38,1,0.9,96.3
PR-000744,Bruges Factory D,2026-06-21,37,1,0.1,93.6
PR-000745,Bruges Factory D,2026-06-22,32,1,0.4,89.0
PR-000746,Bruges Factory D,2026-06-23,34,1,0.1,97.1
PR-000747,Bruges Factory D,2026-06-24,44,1,0.8,99.0
PR-000748,Bruges Factory D,2026-06-25,39,1,0.3,99.0
PR-000749,Bruges Factory D,2026-06-26,43,1,0.1,94.9
PR-000750,Bruges Factory D,2026-06-27,50,1,1.0,89.1
PR-000751,Bruges Factory D,2026-06-28,43,1,0.6,99.0
PR-000752,Bruges Factory D,2026-06-29,29,1,0.1,98.0
PR-000753,Bruges Factory D,2026-07-01,34,1,0.1,96.2
PR-000754,Bruges Factory D,2026-07-02,29,1,0.2,98.4
PR-000755,Bruges Factory D,2026-07-03,37,1,0.1,92.9
PR-000756,Bruges Factory D,2026-07-04,38,1,1.0,99.0
PR-000757,Bruges Factory D,2026-07-05,35,1,0.1,99.0
PR-000758,Bruges Factory D,2026-07-06,40,1,0.1,99.0
PR-000759,Bruges Factory D,2026-07-07,34,1,1.3,97.0
PR-000760,Bruges Factory D,2026-07-08,41,1,0.1,99.0
PR-000761,Bruges Factory D,2026-07-09,27,1,0.4,91.7
PR-000762,Bruges Factory D,2026-07-10,47,1,0.2,97.6
PR-000763,Bruges Factory D,2026-07-12,41,1,0.4,94.6
PR-000764,Bruges Factory D,2026-07-13,39,1,1.1,93.0
PR-000765,Bruges Factory D,2026-07-14,50,1,0.2,88.6
PR-000766,Bruges Factory D,2026-07-15,41,1,1.2,87.1
PR-000767,Bruges Factory D,2026-07-16,42,1,0.1,94.3
PR-000768,Bruges Factory D,2026-07-17,50,2,1.6,96.0
PR-000769,Bruges Factory D,2026-07-20,31,1,0.1,89.3
PR-000770,Bruges Factory D,2026-07-21,36,1,0.8,93.8
PR-000771,Bruges Factory D,2026-07-24,43,1,0.1,99.0
PR-000772,Bruges Factory D,2026-07-25,39,1,1.2,96.5
PR-000773,Bruges Factory D,2026-07-26,21,1,0.1,90.7
PR-000774,Bruges Factory D,2026-07-27,35,1,0.1,97.4
PR-000775,Bruges Factory D,2026-07-28,40,1,0.6,96.3
PR-000776,Bruges Factory D,2026-07-29,43,1,0.1,99.0
PR-000777,Bruges Factory D,2026-07-30,38,1,0.1,96.9
PR-000778,Bruges Factory D,2026-08-01,43,1,1.2,95.5
PR-000779,Cape Town Factory V,2026-03-27,27,1,0.3,89.7
PR-000780,Cape Town Factory V,2026-03-28,32,1,1.1,90.0
PR-000781,Cape Town Factory V,2026-03-29,27,1,0.1,99.0
PR-000782,Cape Town Factory V,2026-03-30,27,1,0.6,98.5
PR-000783,Cape Town Factory V,2026-04-01,25,1,0.2,99.0
PR-000784,Cape Town Factory V,2026-04-02,22,1,0.7,95.5
PR-000785,Cape Town Factory V,2026-04-03,34,1,0.4,95.9
PR-000786,Cape Town Factory V,2026-04-05,28,1,0.1,93.6
PR-000787,Cape Town Factory V,2026-04-07,31,1,0.1,97.0
PR-000788,Cape Town Factory V,2026-04-08,25,1,0.1,95.1
PR-000789,Cape Town Factory V,2026-04-09,22,1,0.1,98.1
PR-000790,Cape Town Factory V,2026-04-10,27,1,0.2,96.2
PR-000791,Cape Town Factory V,2026-04-11,22,1,0.2,94.5
PR-000792,Cape Town Factory V,2026-04-12,29,1,0.4,97.5
PR-000793,Cape Town Factory V,2026-04-14,26,1,0.1,97.3
PR-000794,Cape Town Factory V,2026-04-16,28,1,0.1,96.7
PR-000795,Cape Town Factory V,2026-04-17,32,1,0.3,99.0
PR-000796,Cape Town Factory V,2026-04-18,33,1,0.8,88.1
PR-000797,Cape Town Factory V,2026-04-19,29,1,0.7,96.7
PR-000798,Cape Town Factory V,2026-04-20,22,1,0.2,99.0
PR-000799,Cape Town Factory V,2026-04-24,26,1,0.8,99.0
PR-000800,Cape Town Factory V,2026-04-25,26,1,1.7,89.0
PR-000801,Cape Town Factory V,2026-04-26,27,1,0.2,92.2
PR-000802,Cape Town Factory V,2026-04-28,26,1,1.5,93.1
PR-000803,Cape Town Factory V,2026-04-30,28,1,0.4,94.1
PR-000804,Cape Town Factory V,2026-05-05,16,1,0.6,99.0
PR-000805,Cape Town Factory V,2026-05-06,29,1,0.8,96.4
PR-000806,Cape Town Factory V,2026-05-07,32,1,1.2,95.1
PR-000807,Cape Town Factory V,2026-05-08,33,1,0.1,96.5
PR-000808,Cape Town Factory V,2026-05-09,25,1,1.3,87.5
PR-000809,Cape Town Factory V,2026-05-12,23,1,0.2,99.0
PR-000810,Cape Town Factory V,2026-05-13,24,1,0.1,94.6
PR-000811,Cape Town Factory V,2026-05-14,31,1,0.3,93.6
PR-000812,Cape Town Factory V,2026-05-15,27,1,0.1,91.8
PR-000813,Cape Town Factory V,2026-05-16,24,1,1.6,87.5
PR-000814,Cape Town Factory V,2026-05-17,22,1,0.8,96.6
PR-000815,Cape Town Factory V,2026-05-18,22,1,0.5,89.6
PR-000816,Cape Town Factory V,2026-05-19,29,1,0.4,91.4
PR-000817,Cape Town Factory V,2026-05-20,31,1,0.7,95.1
PR-000818,Cape Town Factory V,2026-05-21,29,1,0.1,96.0
PR-000819,Cape Town Factory V,2026-05-22,20,1,0.3,97.4
PR-000820,Cape Town Factory V,2026-05-23,29,1,0.1,99.0
PR-000821,Cape Town Factory V,2026-05-25,27,1,0.7,98.7
PR-000822,Cape Town Factory V,2026-05-26,24,1,0.6,94.0
PR-000823,Cape Town Factory V,2026-05-27,22,1,1.9,92.5
PR-000824,Cape Town Factory V,2026-05-29,24,1,0.5,95.7
PR-000825,Cape Town Factory V,2026-05-30,28,1,0.1,97.2
PR-000826,Cape Town Factory V,2026-05-31,28,1,0.1,89.0
PR-000827,Cape Town Factory V,2026-06-02,24,1,0.9,84.1
PR-000828,Cape Town Factory V,2026-06-03,25,1,0.3,89.8
PR-000829,Cape Town Factory V,2026-06-04,26,1,0.9,99.0
PR-000830,Cape Town Factory V,2026-06-06,25,1,0.6,93.8
PR-000831,Cape Town Factory V,2026-06-07,33,1,1.1,94.3
PR-000832,Cape Town Factory V,2026-06-08,33,1,0.8,94.1
PR-000833,Cape Town Factory V,2026-06-09,29,1,0.5,98.1
PR-000834,Cape Town Factory V,2026-06-10,33,1,1.9,88.8
PR-000835,Cape Town Factory V,2026-06-11,30,1,0.7,99.0
PR-000836,Cape Town Factory V,2026-06-12,24,1,0.5,99.0
PR-000837,Cape Town Factory V,2026-06-14,27,1,0.1,99.0
PR-000838,Cape Town Factory V,2026-06-15,28,1,0.4,92.1
PR-000839,Cape Town Factory V,2026-06-17,25,1,0.3,92.5
PR-000840,Cape Town Factory V,2026-06-18,24,1,0.1,92.6
PR-000841,Cape Town Factory V,2026-06-20,24,1,0.1,95.5
PR-000842,Cape Town Factory V,2026-06-21,22,1,0.1,97.1
PR-000843,Cape Town Factory V,2026-06-22,20,1,1.8,90.9
PR-000844,Cape Town Factory V,2026-06-23,25,1,0.6,97.5
PR-000845,Cape Town Factory V,2026-06-25,33,1,0.7,93.3
PR-000846,Cape Town Factory V,2026-06-26,32,1,0.2,99.0
PR-000847,Cape Town Factory V,2026-06-28,31,1,0.4,99.0
PR-000848,Cape Town Factory V,2026-06-29,34,1,0.3,91.7
PR-000849,Cape Town Factory V,2026-06-30,30,1,0.1,99.0
PR-000850,Cape Town Factory V,2026-07-01,27,1,0.1,96.5
PR-000851,Cape Town Factory V,2026-07-02,15,1,0.6,90.7
PR-000852,Cape Town Factory V,2026-07-03,25,1,0.1,89.7
PR-000853,Cape Town Factory V,2026-07-04,25,1,0.2,96.8
PR-000854,Cape Town Factory V,2026-07-07,29,1,0.1,98.6
PR-000855,Cape Town Factory V,2026-07-08,24,1,0.2,97.1
PR-000856,Cape Town Factory V,2026-07-09,24,1,0.4,95.6
PR-000857,Cape Town Factory V,2026-07-10,33,1,0.2,99.0
PR-000858,Cape Town Factory V,2026-07-11,28,1,0.1,92.9
PR-000859,Cape Town Factory V,2026-07-12,24,1,0.8,93.5
PR-000860,Cape Town Factory V,2026-07-13,25,1,0.1,95.9
PR-000861,Cape Town Factory V,2026-07-14,19,1,0.7,93.8
PR-000862,Cape Town Factory V,2026-07-15,21,1,0.1,96.9
PR-000863,Cape Town Factory V,2026-07-16,22,1,1.0,99.0
PR-000864,Cape Town Factory V,2026-07-17,28,1,0.1,92.2
PR-000865,Cape Town Factory V,2026-07-18,26,1,1.5,91.5
PR-000866,Cape Town Factory V,2026-07-19,31,1,0.1,99.0
PR-000867,Cape Town Factory V,2026-07-20,25,1,0.1,99.0
PR-000868,Cape Town Factory V,2026-07-21,24,1,0.6,99.0
PR-000869,Cape Town Factory V,2026-07-22,23,1,0.5,98.0
PR-000870,Cape Town Factory V,2026-07-23,28,1,0.1,99.0
PR-000871,Cape Town Factory V,2026-07-24,25,1,0.1,97.0
PR-000872,Cape Town Factory V,2026-07-25,26,1,0.1,96.1
PR-000873,Cape Town Factory V,2026-07-27,22,1,0.2,95.5
PR-000874,Cape Town Factory V,2026-07-28,25,1,0.5,98.3
PR-000875,Cape Town Factory V,2026-07-29,30,1,1.2,85.7
PR-000876,Cape Town Factory V,2026-07-31,28,1,0.3,91.6
PR-000877,Cape Town Factory V,2026-08-01,28,1,0.2,97.5
PR-000878,Cape Town Factory V,2026-08-02,33,1,0.2,93.8
PR-000879,Cape Town Factory V,2026-08-03,25,1,0.2,98.5
PR-000880,Cologne Factory F,2026-03-27,38,1,0.2,94.7
PR-000881,Cologne Factory F,2026-03-28,45,1,0.3,94.6
PR-000882,Cologne Factory F,2026-03-29,42,1,0.3,99.0
PR-000883,Cologne Factory F,2026-04-01,42,1,0.2,96.8
PR-000884,Cologne Factory F,2026-04-02,30,1,0.8,90.9
PR-000885,Cologne Factory F,2026-04-04,40,1,0.1,99.0
PR-000886,Cologne Factory F,2026-04-05,49,1,0.1,89.9
PR-000887,Cologne Factory F,2026-04-06,36,1,0.4,99.0
PR-000888,Cologne Factory F,2026-04-07,32,1,0.3,93.5
PR-000889,Cologne Factory F,2026-04-08,39,1,0.1,97.6
PR-000890,Cologne Factory F,2026-04-10,36,1,0.1,98.4
PR-000891,Cologne Factory F,2026-04-13,31,1,0.9,93.5
PR-000892,Cologne Factory F,2026-04-15,39,1,0.8,90.8
PR-000893,Cologne Factory F,2026-04-17,41,1,0.1,94.4
PR-000894,Cologne Factory F,2026-04-18,37,1,0.4,97.9
PR-000895,Cologne Factory F,2026-04-19,37,1,0.2,91.4
PR-000896,Cologne Factory F,2026-04-20,44,1,0.1,96.3
PR-000897,Cologne Factory F,2026-04-21,45,1,0.5,99.0
PR-000898,Cologne Factory F,2026-04-22,42,1,0.3,95.2
PR-000899,Cologne Factory F,2026-04-23,42,1,0.2,97.8
PR-000900,Cologne Factory F,2026-04-24,51,1,0.3,98.8
PR-000901,Cologne Factory F,2026-04-25,41,1,0.6,94.1
PR-000902,Cologne Factory F,2026-04-26,55,1,0.7,96.0
PR-000903,Cologne Factory F,2026-04-27,48,1,0.4,99.0
PR-000904,Cologne Factory F,2026-04-28,38,1,2.7,85.6
PR-000905,Cologne Factory F,2026-04-29,48,1,0.9,92.6
PR-000906,Cologne Factory F,2026-04-30,36,1,0.7,98.1
PR-000907,Cologne Factory F,2026-05-01,44,1,0.4,96.9
PR-000908,Cologne Factory F,2026-05-03,44,1,0.1,95.4
PR-000909,Cologne Factory F,2026-05-04,29,1,0.5,95.3
PR-000910,Cologne Factory F,2026-05-05,37,1,0.1,99.0
PR-000911,Cologne Factory F,2026-05-06,37,1,0.3,99.0
PR-000912,Cologne Factory F,2026-05-07,43,1,1.5,88.3
PR-000913,Cologne Factory F,2026-05-08,36,1,0.8,93.3
PR-000914,Cologne Factory F,2026-05-09,37,1,1.4,91.6
PR-000915,Cologne Factory F,2026-05-10,49,1,1.0,89.3
PR-000916,Cologne Factory F,2026-05-11,38,1,0.3,97.8
PR-000917,Cologne Factory F,2026-05-12,42,1,0.8,97.0
PR-000918,Cologne Factory F,2026-05-13,34,1,0.3,99.0
PR-000919,Cologne Factory F,2026-05-14,39,1,2.4,86.5
PR-000920,Cologne Factory F,2026-05-16,47,1,0.1,93.5
PR-000921,Cologne Factory F,2026-05-17,50,1,0.3,99.0
PR-000922,Cologne Factory F,2026-05-18,40,1,0.4,89.9
PR-000923,Cologne Factory F,2026-05-20,33,1,0.4,95.7
PR-000924,Cologne Factory F,2026-05-23,36,1,2.5,87.6
PR-000925,Cologne Factory F,2026-05-24,40,1,0.7,99.0
PR-000926,Cologne Factory F,2026-05-25,36,1,0.3,97.1
PR-000927,Cologne Factory F,2026-05-27,44,1,0.1,97.1
PR-000928,Cologne Factory F,2026-05-28,48,1,0.4,94.2
PR-000929,Cologne Factory F,2026-05-29,40,1,0.3,92.1
PR-000930,Cologne Factory F,2026-05-30,46,1,1.3,94.3
PR-000931,Cologne Factory F,2026-05-31,39,1,0.3,95.6
PR-000932,Cologne Factory F,2026-06-01,37,1,0.4,92.5
PR-000933,Cologne Factory F,2026-06-02,48,1,0.2,94.9
PR-000934,Cologne Factory F,2026-06-03,34,1,0.2,98.0
PR-000935,Cologne Factory F,2026-06-04,35,1,1.0,93.1
PR-000936,Cologne Factory F,2026-06-06,44,1,1.9,89.1
PR-000937,Cologne Factory F,2026-06-07,39,1,2.4,92.6
PR-000938,Cologne Factory F,2026-06-09,39,1,0.1,99.0
PR-000939,Cologne Factory F,2026-06-10,50,1,0.9,95.0
PR-000940,Cologne Factory F,2026-06-12,39,1,0.4,99.0
PR-000941,Cologne Factory F,2026-06-13,34,1,1.6,87.7
PR-000942,Cologne Factory F,2026-06-14,43,1,1.4,92.9
PR-000943,Cologne Factory F,2026-06-15,39,1,0.6,88.3
PR-000944,Cologne Factory F,2026-06-16,51,1,0.6,99.0
PR-000945,Cologne Factory F,2026-06-17,39,1,0.4,95.9
PR-000946,Cologne Factory F,2026-06-18,42,1,0.1,97.4
PR-000947,Cologne Factory F,2026-06-20,51,1,2.2,87.3
PR-000948,Cologne Factory F,2026-06-21,39,1,1.0,97.2
PR-000949,Cologne Factory F,2026-06-22,34,1,0.1,91.6
PR-000950,Cologne Factory F,2026-06-23,48,1,0.8,99.0
PR-000951,Cologne Factory F,2026-06-24,43,2,0.5,94.1
PR-000952,Cologne Factory F,2026-06-26,39,1,0.6,97.4
PR-000953,Cologne Factory F,2026-06-27,43,1,0.6,88.6
PR-000954,Cologne Factory F,2026-06-28,34,1,0.1,98.5
PR-000955,Cologne Factory F,2026-06-29,45,1,0.1,99.0
PR-000956,Cologne Factory F,2026-06-30,43,1,0.2,91.3
PR-000957,Cologne Factory F,2026-07-01,38,1,0.5,96.3
PR-000958,Cologne Factory F,2026-07-03,46,1,0.2,92.3
PR-000959,Cologne Factory F,2026-07-04,44,1,0.3,92.7
PR-000960,Cologne Factory F,2026-07-05,43,1,0.8,96.5
PR-000961,Cologne Factory F,2026-07-07,45,1,0.4,99.0
PR-000962,Cologne Factory F,2026-07-08,49,1,2.1,80.7
PR-000963,Cologne Factory F,2026-07-09,39,1,0.7,97.4
PR-000964,Cologne Factory F,2026-07-10,43,1,0.3,94.9
PR-000965,Cologne Factory F,2026-07-11,41,1,0.4,93.6
PR-000966,Cologne Factory F,2026-07-12,36,1,0.6,92.5
PR-000967,Cologne Factory F,2026-07-13,48,1,0.1,95.6
PR-000968,Cologne Factory F,2026-07-14,45,1,0.5,95.7
PR-000969,Cologne Factory F,2026-07-15,37,1,0.1,97.3
PR-000970,Cologne Factory F,2026-07-16,30,1,0.6,92.8
PR-000971,Cologne Factory F,2026-07-17,39,1,0.8,93.0
PR-000972,Cologne Factory F,2026-07-18,40,1,1.0,91.8
PR-000973,Cologne Factory F,2026-07-19,35,1,0.7,98.2
PR-000974,Cologne Factory F,2026-07-20,43,1,0.1,98.8
PR-000975,Cologne Factory F,2026-07-21,47,1,0.6,88.9
PR-000976,Cologne Factory F,2026-07-22,46,1,0.1,99.0
PR-000977,Cologne Factory F,2026-07-23,40,1,0.4,94.4
PR-000978,Cologne Factory F,2026-07-24,44,1,0.1,96.9
PR-000979,Cologne Factory F,2026-07-25,43,1,0.1,98.2
PR-000980,Cologne Factory F,2026-07-26,32,1,1.4,92.7
PR-000981,Cologne Factory F,2026-07-27,37,1,0.1,96.6
PR-000982,Cologne Factory F,2026-07-28,30,1,0.2,95.5
PR-000983,Cologne Factory F,2026-07-29,41,1,1.7,90.8
PR-000984,Cologne Factory F,2026-07-31,48,1,0.2,95.4
PR-000985,Cologne Factory F,2026-08-01,28,1,0.2,95.6
PR-000986,Cologne Factory F,2026-08-02,39,1,1.2,96.6
PR-000987,Cologne Factory F,2026-08-03,35,1,0.6,90.1
PR-000988,Dubai Factory W,2026-03-27,45,1,0.6,93.3
PR-000989,Dubai Factory W,2026-03-30,19,1,0.4,99.0
PR-000990,Dubai Factory W,2026-03-31,34,1,0.1,99.0
PR-000991,Dubai Factory W,2026-04-01,42,1,0.1,96.0
PR-000992,Dubai Factory W,2026-04-02,41,1,0.2,93.5
PR-000993,Dubai Factory W,2026-04-04,29,1,0.8,99.0
PR-000994,Dubai Factory W,2026-04-05,33,1,0.5,99.0
PR-000995,Dubai Factory W,2026-04-06,38,1,0.7,93.8
PR-000996,Dubai Factory W,2026-04-07,37,1,0.2,94.6
PR-000997,Dubai Factory W,2026-04-09,26,1,0.4,99.0
PR-000998,Dubai Factory W,2026-04-10,34,1,0.3,96.4
PR-000999,Dubai Factory W,2026-04-11,38,1,0.1,90.9
PR-001000,Dubai Factory W,2026-04-12,41,1,0.9,86.4
PR-001001,Dubai Factory W,2026-04-13,36,1,0.1,96.9
PR-001002,Dubai Factory W,2026-04-15,38,1,0.1,93.1
PR-001003,Dubai Factory W,2026-04-16,42,1,1.5,99.0
PR-001004,Dubai Factory W,2026-04-17,31,1,1.0,91.4
PR-001005,Dubai Factory W,2026-04-18,40,1,0.3,99.0
PR-001006,Dubai Factory W,2026-04-19,40,1,0.6,96.2
PR-001007,Dubai Factory W,2026-04-20,36,1,1.1,99.0
PR-001008,Dubai Factory W,2026-04-21,37,1,0.5,96.8
PR-001009,Dubai Factory W,2026-04-22,29,1,0.2,99.0
PR-001010,Dubai Factory W,2026-04-23,40,1,0.3,99.0
PR-001011,Dubai Factory W,2026-04-24,42,1,0.2,95.9
PR-001012,Dubai Factory W,2026-04-25,23,1,0.5,96.5
PR-001013,Dubai Factory W,2026-04-26,40,1,0.2,99.0
PR-001014,Dubai Factory W,2026-04-27,33,1,0.9,94.9
PR-001015,Dubai Factory W,2026-04-28,30,1,0.8,99.0
PR-001016,Dubai Factory W,2026-04-29,40,1,1.3,90.5
PR-001017,Dubai Factory W,2026-04-30,38,1,2.0,89.3
PR-001018,Dubai Factory W,2026-05-01,40,1,0.4,99.0
PR-001019,Dubai Factory W,2026-05-02,31,1,0.1,97.7
PR-001020,Dubai Factory W,2026-05-04,34,1,0.1,95.2
PR-001021,Dubai Factory W,2026-05-05,29,1,0.5,92.6
PR-001022,Dubai Factory W,2026-05-06,32,1,0.1,94.6
PR-001023,Dubai Factory W,2026-05-07,44,1,1.1,90.3
PR-001024,Dubai Factory W,2026-05-08,37,1,0.9,88.9
PR-001025,Dubai Factory W,2026-05-09,38,1,0.3,97.5
PR-001026,Dubai Factory W,2026-05-12,28,1,0.5,99.0
PR-001027,Dubai Factory W,2026-05-14,30,1,0.7,92.8
PR-001028,Dubai Factory W,2026-05-15,39,1,0.1,97.9
PR-001029,Dubai Factory W,2026-05-19,37,1,0.2,95.7
PR-001030,Dubai Factory W,2026-05-20,26,1,0.1,95.6
PR-001031,Dubai Factory W,2026-05-22,39,1,0.5,99.0
PR-001032,Dubai Factory W,2026-05-24,40,1,0.7,95.8
PR-001033,Dubai Factory W,2026-05-25,36,1,0.1,95.8
PR-001034,Dubai Factory W,2026-05-27,32,1,0.2,95.8
PR-001035,Dubai Factory W,2026-05-28,43,1,1.0,98.1
PR-001036,Dubai Factory W,2026-05-29,41,1,0.5,96.5
PR-001037,Dubai Factory W,2026-05-31,32,1,1.0,93.1
PR-001038,Dubai Factory W,2026-06-01,35,1,0.4,98.1
PR-001039,Dubai Factory W,2026-06-02,37,1,0.3,99.0
PR-001040,Dubai Factory W,2026-06-04,30,1,0.2,99.0
PR-001041,Dubai Factory W,2026-06-05,35,1,0.1,94.6
PR-001042,Dubai Factory W,2026-06-06,43,1,0.2,88.3
PR-001043,Dubai Factory W,2026-06-07,35,1,0.2,98.9
PR-001044,Dubai Factory W,2026-06-08,49,1,0.4,94.9
PR-001045,Dubai Factory W,2026-06-09,40,1,0.4,95.7
PR-001046,Dubai Factory W,2026-06-10,32,1,2.3,94.4
PR-001047,Dubai Factory W,2026-06-13,42,1,0.4,97.6
PR-001048,Dubai Factory W,2026-06-14,31,1,0.4,99.0
PR-001049,Dubai Factory W,2026-06-15,34,1,0.6,99.0
PR-001050,Dubai Factory W,2026-06-16,27,1,0.4,92.2
PR-001051,Dubai Factory W,2026-06-18,16,1,0.1,92.6
PR-001052,Dubai Factory W,2026-06-19,37,1,0.3,95.0
PR-001053,Dubai Factory W,2026-06-20,32,1,0.4,91.4
PR-001054,Dubai Factory W,2026-06-21,40,1,1.0,95.4
PR-001055,Dubai Factory W,2026-06-23,41,1,0.3,99.0
PR-001056,Dubai Factory W,2026-06-25,36,1,1.7,97.8
PR-001057,Dubai Factory W,2026-06-26,46,1,0.8,92.8
PR-001058,Dubai Factory W,2026-06-28,38,1,1.0,99.0
PR-001059,Dubai Factory W,2026-07-01,39,1,0.1,95.5
PR-001060,Dubai Factory W,2026-07-02,34,1,0.5,99.0
PR-001061,Dubai Factory W,2026-07-05,41,1,0.5,98.1
PR-001062,Dubai Factory W,2026-07-06,42,1,0.7,97.0
PR-001063,Dubai Factory W,2026-07-07,32,1,1.3,90.4
PR-001064,Dubai Factory W,2026-07-08,31,1,0.3,99.0
PR-001065,Dubai Factory W,2026-07-09,45,1,1.8,88.8
PR-001066,Dubai Factory W,2026-07-11,49,1,0.2,96.1
PR-001067,Dubai Factory W,2026-07-12,39,1,0.3,91.4
PR-001068,Dubai Factory W,2026-07-13,30,1,0.8,94.0
PR-001069,Dubai Factory W,2026-07-14,30,1,0.2,93.8
PR-001070,Dubai Factory W,2026-07-15,39,1,0.4,94.8
PR-001071,Dubai Factory W,2026-07-16,33,1,0.7,93.6
PR-001072,Dubai Factory W,2026-07-17,43,1,0.9,94.5
PR-001073,Dubai Factory W,2026-07-18,38,1,0.2,98.0
PR-001074,Dubai Factory W,2026-07-19,34,1,0.1,99.0
PR-001075,Dubai Factory W,2026-07-21,27,1,0.5,91.7
PR-001076,Dubai Factory W,2026-07-22,46,1,1.0,95.4
PR-001077,Dubai Factory W,2026-07-25,36,1,0.1,98.0
PR-001078,Dubai Factory W,2026-07-26,30,1,0.3,92.3
PR-001079,Dubai Factory W,2026-07-28,31,1,0.2,95.1
PR-001080,Dubai Factory W,2026-07-29,36,1,0.3,97.7
PR-001081,Dubai Factory W,2026-07-30,40,1,1.0,97.0
PR-001082,Dubai Factory W,2026-07-31,31,1,0.4,93.8
PR-001083,Dubai Factory W,2026-08-01,30,1,0.1,90.2
PR-001084,Dubai Factory W,2026-08-02,43,1,0.5,95.7
PR-001085,Guadalajara Factory C,2026-03-27,28,1,0.6,93.0
PR-001086,Guadalajara Factory C,2026-03-29,35,1,0.6,99.0
PR-001087,Guadalajara Factory C,2026-03-30,47,1,0.2,97.6
PR-001088,Guadalajara Factory C,2026-03-31,38,1,0.2,86.6
PR-001089,Guadalajara Factory C,2026-04-01,47,1,0.5,97.2
PR-001090,Guadalajara Factory C,2026-04-02,56,1,0.4,95.3
PR-001091,Guadalajara Factory C,2026-04-03,34,1,0.2,90.7
PR-001092,Guadalajara Factory C,2026-04-04,55,1,0.8,89.5
PR-001093,Guadalajara Factory C,2026-04-05,48,2,0.1,99.0
PR-001094,Guadalajara Factory C,2026-04-06,33,1,0.8,90.5
PR-001095,Guadalajara Factory C,2026-04-07,40,1,3.1,91.6
PR-001096,Guadalajara Factory C,2026-04-08,51,1,0.4,98.2
PR-001097,Guadalajara Factory C,2026-04-09,52,1,0.2,92.1
PR-001098,Guadalajara Factory C,2026-04-10,41,1,0.2,94.6
PR-001099,Guadalajara Factory C,2026-04-11,43,1,1.5,92.4
PR-001100,Guadalajara Factory C,2026-04-13,48,1,0.2,96.0
PR-001101,Guadalajara Factory C,2026-04-15,42,1,0.1,98.8
PR-001102,Guadalajara Factory C,2026-04-16,27,1,1.7,90.8
PR-001103,Guadalajara Factory C,2026-04-17,51,1,0.4,96.4
PR-001104,Guadalajara Factory C,2026-04-18,48,1,0.2,90.5
PR-001105,Guadalajara Factory C,2026-04-20,50,1,0.7,90.6
PR-001106,Guadalajara Factory C,2026-04-21,49,1,0.2,99.0
PR-001107,Guadalajara Factory C,2026-04-22,50,1,0.7,95.9
PR-001108,Guadalajara Factory C,2026-04-23,55,1,0.1,96.4
PR-001109,Guadalajara Factory C,2026-04-24,56,1,1.5,88.5
PR-001110,Guadalajara Factory C,2026-04-25,47,1,1.0,96.2
PR-001111,Guadalajara Factory C,2026-04-26,52,1,0.6,92.5
PR-001112,Guadalajara Factory C,2026-04-27,53,1,0.6,95.7
PR-001113,Guadalajara Factory C,2026-04-28,43,1,0.7,96.2
PR-001114,Guadalajara Factory C,2026-04-29,55,1,2.9,85.7
PR-001115,Guadalajara Factory C,2026-04-30,47,1,0.2,92.0
PR-001116,Guadalajara Factory C,2026-05-01,58,1,0.8,90.9
PR-001117,Guadalajara Factory C,2026-05-02,56,1,0.4,94.6
PR-001118,Guadalajara Factory C,2026-05-03,37,1,0.3,95.7
PR-001119,Guadalajara Factory C,2026-05-04,48,1,0.3,96.9
PR-001120,Guadalajara Factory C,2026-05-05,49,1,3.5,88.9
PR-001121,Guadalajara Factory C,2026-05-07,50,1,0.1,96.9
PR-001122,Guadalajara Factory C,2026-05-08,53,1,0.5,92.4
PR-001123,Guadalajara Factory C,2026-05-09,48,1,0.7,89.6
PR-001124,Guadalajara Factory C,2026-05-11,47,1,0.5,90.8
PR-001125,Guadalajara Factory C,2026-05-14,43,1,0.9,92.9
PR-001126,Guadalajara Factory C,2026-05-15,43,1,1.0,94.1
PR-001127,Guadalajara Factory C,2026-05-16,42,1,0.5,85.8
PR-001128,Guadalajara Factory C,2026-05-17,46,1,0.1,99.0
PR-001129,Guadalajara Factory C,2026-05-19,40,1,0.2,98.5
PR-001130,Guadalajara Factory C,2026-05-20,37,1,0.4,95.2
PR-001131,Guadalajara Factory C,2026-05-21,55,1,0.3,98.5
PR-001132,Guadalajara Factory C,2026-05-22,49,1,0.7,93.9
PR-001133,Guadalajara Factory C,2026-05-23,43,1,0.6,86.2
PR-001134,Guadalajara Factory C,2026-05-25,31,1,0.2,95.2
PR-001135,Guadalajara Factory C,2026-05-26,43,1,0.7,87.9
PR-001136,Guadalajara Factory C,2026-05-27,53,1,0.6,95.1
PR-001137,Guadalajara Factory C,2026-05-28,58,1,0.2,95.9
PR-001138,Guadalajara Factory C,2026-05-29,48,1,0.8,95.7
PR-001139,Guadalajara Factory C,2026-05-30,35,1,0.7,92.9
PR-001140,Guadalajara Factory C,2026-05-31,50,1,0.3,98.5
PR-001141,Guadalajara Factory C,2026-06-03,53,1,0.5,94.1
PR-001142,Guadalajara Factory C,2026-06-04,43,1,1.4,88.2
PR-001143,Guadalajara Factory C,2026-06-05,56,1,0.2,99.0
PR-001144,Guadalajara Factory C,2026-06-06,33,1,0.3,92.7
PR-001145,Guadalajara Factory C,2026-06-07,53,1,0.2,97.5
PR-001146,Guadalajara Factory C,2026-06-08,44,1,0.1,99.0
PR-001147,Guadalajara Factory C,2026-06-09,41,1,0.8,95.2
PR-001148,Guadalajara Factory C,2026-06-10,47,1,0.5,94.3
PR-001149,Guadalajara Factory C,2026-06-11,44,1,0.2,87.7
PR-001150,Guadalajara Factory C,2026-06-13,36,1,0.4,99.0
PR-001151,Guadalajara Factory C,2026-06-16,58,1,0.1,95.3
PR-001152,Guadalajara Factory C,2026-06-17,57,1,1.7,89.7
PR-001153,Guadalajara Factory C,2026-06-18,35,1,1.3,90.9
PR-001154,Guadalajara Factory C,2026-06-19,53,1,0.6,98.2
PR-001155,Guadalajara Factory C,2026-06-20,49,1,0.8,94.2
PR-001156,Guadalajara Factory C,2026-06-21,54,1,0.6,90.0
PR-001157,Guadalajara Factory C,2026-06-22,52,1,0.1,97.0
PR-001158,Guadalajara Factory C,2026-06-23,51,1,0.7,92.1
PR-001159,Guadalajara Factory C,2026-06-24,44,1,0.3,89.7
PR-001160,Guadalajara Factory C,2026-06-25,59,1,0.7,96.1
PR-001161,Guadalajara Factory C,2026-06-26,50,1,0.6,95.1
PR-001162,Guadalajara Factory C,2026-06-27,53,1,0.2,92.6
PR-001163,Guadalajara Factory C,2026-06-28,45,1,0.1,97.4
PR-001164,Guadalajara Factory C,2026-06-29,44,1,1.7,89.5
PR-001165,Guadalajara Factory C,2026-06-30,43,1,1.3,92.4
PR-001166,Guadalajara Factory C,2026-07-01,47,1,0.6,93.0
PR-001167,Guadalajara Factory C,2026-07-03,52,1,0.6,97.8
PR-001168,Guadalajara Factory C,2026-07-05,48,1,0.1,96.3
PR-001169,Guadalajara Factory C,2026-07-07,41,1,0.1,93.0
PR-001170,Guadalajara Factory C,2026-07-08,58,1,1.2,96.6
PR-001171,Guadalajara Factory C,2026-07-09,48,1,0.8,99.0
PR-001172,Guadalajara Factory C,2026-07-10,48,1,0.1,95.2
PR-001173,Guadalajara Factory C,2026-07-11,60,2,0.1,91.2
PR-001174,Guadalajara Factory C,2026-07-12,46,1,0.2,93.8
PR-001175,Guadalajara Factory C,2026-07-13,42,1,0.1,98.8
PR-001176,Guadalajara Factory C,2026-07-14,61,1,0.4,99.0
PR-001177,Guadalajara Factory C,2026-07-15,43,1,1.9,97.4
PR-001178,Guadalajara Factory C,2026-07-16,50,1,0.3,97.8
PR-001179,Guadalajara Factory C,2026-07-19,28,1,0.1,91.2
PR-001180,Guadalajara Factory C,2026-07-20,47,1,0.2,95.9
PR-001181,Guadalajara Factory C,2026-07-22,39,1,0.1,91.4
PR-001182,Guadalajara Factory C,2026-07-23,36,1,0.9,88.8
PR-001183,Guadalajara Factory C,2026-07-24,53,1,1.5,95.7
PR-001184,Guadalajara Factory C,2026-07-26,40,1,0.1,95.1
PR-001185,Guadalajara Factory C,2026-07-27,50,1,0.4,99.0
PR-001186,Guadalajara Factory C,2026-07-28,44,1,0.3,90.3
PR-001187,Guadalajara Factory C,2026-07-30,50,1,0.3,97.7
PR-001188,Guadalajara Factory C,2026-07-31,45,1,0.4,95.9
PR-001189,Guadalajara Factory C,2026-08-01,58,1,0.1,95.0
PR-001190,Guadalajara Factory C,2026-08-02,46,1,2.5,85.1
PR-001191,Guayaquil Factory Q,2026-03-27,15,1,0.9,98.4
PR-001192,Guayaquil Factory Q,2026-03-28,14,1,0.4,99.0
PR-001193,Guayaquil Factory Q,2026-03-29,9,1,0.1,91.2
PR-001194,Guayaquil Factory Q,2026-03-30,12,1,0.5,89.4
PR-001195,Guayaquil Factory Q,2026-03-31,12,1,0.1,99.0
PR-001196,Guayaquil Factory Q,2026-04-02,12,1,2.8,90.5
PR-001197,Guayaquil Factory Q,2026-04-03,11,1,1.6,90.7
PR-001198,Guayaquil Factory Q,2026-04-04,12,1,0.1,93.3
PR-001199,Guayaquil Factory Q,2026-04-05,12,1,1.1,90.0
PR-001200,Guayaquil Factory Q,2026-04-06,12,1,0.1,97.7
PR-001201,Guayaquil Factory Q,2026-04-08,13,1,0.2,97.8
PR-001202,Guayaquil Factory Q,2026-04-09,14,1,0.1,95.3
PR-001203,Guayaquil Factory Q,2026-04-10,12,1,0.3,93.8
PR-001204,Guayaquil Factory Q,2026-04-11,11,1,0.2,93.0
PR-001205,Guayaquil Factory Q,2026-04-12,13,1,0.1,92.9
PR-001206,Guayaquil Factory Q,2026-04-15,6,1,0.6,94.9
PR-001207,Guayaquil Factory Q,2026-04-16,9,1,0.3,94.1
PR-001208,Guayaquil Factory Q,2026-04-17,13,1,0.2,91.9
PR-001209,Guayaquil Factory Q,2026-04-18,14,1,1.3,98.8
PR-001210,Guayaquil Factory Q,2026-04-19,10,1,0.3,99.0
PR-001211,Guayaquil Factory Q,2026-04-20,14,1,0.1,96.8
PR-001212,Guayaquil Factory Q,2026-04-23,12,1,0.3,97.3
PR-001213,Guayaquil Factory Q,2026-04-25,14,1,0.7,89.1
PR-001214,Guayaquil Factory Q,2026-04-26,14,1,0.1,98.4
PR-001215,Guayaquil Factory Q,2026-04-27,12,1,0.5,92.1
PR-001216,Guayaquil Factory Q,2026-04-29,13,1,0.1,99.0
PR-001217,Guayaquil Factory Q,2026-04-30,13,1,0.1,99.0
PR-001218,Guayaquil Factory Q,2026-05-02,11,1,0.4,90.4
PR-001219,Guayaquil Factory Q,2026-05-04,11,1,0.3,93.3
PR-001220,Guayaquil Factory Q,2026-05-05,9,1,0.8,98.2
PR-001221,Guayaquil Factory Q,2026-05-07,10,1,1.0,97.1
PR-001222,Guayaquil Factory Q,2026-05-08,12,1,0.2,99.0
PR-001223,Guayaquil Factory Q,2026-05-09,10,1,1.7,96.1
PR-001224,Guayaquil Factory Q,2026-05-10,12,1,0.1,96.2
PR-001225,Guayaquil Factory Q,2026-05-11,10,1,4.8,83.3
PR-001226,Guayaquil Factory Q,2026-05-12,10,1,0.3,92.3
PR-001227,Guayaquil Factory Q,2026-05-13,11,1,0.2,96.2
PR-001228,Guayaquil Factory Q,2026-05-14,13,1,2.3,91.4
PR-001229,Guayaquil Factory Q,2026-05-15,16,1,0.1,98.2
PR-001230,Guayaquil Factory Q,2026-05-16,9,1,1.0,95.4
PR-001231,Guayaquil Factory Q,2026-05-17,11,1,0.1,97.6
PR-001232,Guayaquil Factory Q,2026-05-18,13,1,0.3,97.4
PR-001233,Guayaquil Factory Q,2026-05-19,9,1,0.5,94.7
PR-001234,Guayaquil Factory Q,2026-05-21,13,1,0.5,97.2
PR-001235,Guayaquil Factory Q,2026-05-22,10,1,0.6,96.2
PR-001236,Guayaquil Factory Q,2026-05-23,9,1,0.1,99.0
PR-001237,Guayaquil Factory Q,2026-05-26,13,1,0.4,92.5
PR-001238,Guayaquil Factory Q,2026-05-28,13,1,0.1,94.3
PR-001239,Guayaquil Factory Q,2026-05-29,13,1,0.4,97.1
PR-001240,Guayaquil Factory Q,2026-05-30,15,1,0.1,99.0
PR-001241,Guayaquil Factory Q,2026-05-31,10,1,0.6,90.7
PR-001242,Guayaquil Factory Q,2026-06-01,12,1,0.1,93.7
PR-001243,Guayaquil Factory Q,2026-06-02,12,1,0.1,99.0
PR-001244,Guayaquil Factory Q,2026-06-03,12,1,0.8,95.3
PR-001245,Guayaquil Factory Q,2026-06-05,13,1,0.2,95.1
PR-001246,Guayaquil Factory Q,2026-06-06,13,1,0.3,91.9
PR-001247,Guayaquil Factory Q,2026-06-08,10,1,0.4,99.0
PR-001248,Guayaquil Factory Q,2026-06-09,13,1,0.8,96.7
PR-001249,Guayaquil Factory Q,2026-06-10,13,1,0.2,94.5
PR-001250,Guayaquil Factory Q,2026-06-12,9,1,0.1,97.3
PR-001251,Guayaquil Factory Q,2026-06-13,13,1,0.1,95.9
PR-001252,Guayaquil Factory Q,2026-06-14,14,1,0.6,91.2
PR-001253,Guayaquil Factory Q,2026-06-15,15,1,0.8,90.7
PR-001254,Guayaquil Factory Q,2026-06-16,10,1,0.3,99.0
PR-001255,Guayaquil Factory Q,2026-06-19,10,1,0.6,90.8
PR-001256,Guayaquil Factory Q,2026-06-20,13,1,1.2,94.8
PR-001257,Guayaquil Factory Q,2026-06-21,9,1,0.3,91.9
PR-001258,Guayaquil Factory Q,2026-06-22,11,1,1.0,86.7
PR-001259,Guayaquil Factory Q,2026-06-24,11,1,1.8,80.4
PR-001260,Guayaquil Factory Q,2026-06-25,15,1,0.1,92.6
PR-001261,Guayaquil Factory Q,2026-06-26,12,1,0.3,99.0
PR-001262,Guayaquil Factory Q,2026-06-28,10,1,1.3,88.7
PR-001263,Guayaquil Factory Q,2026-06-29,15,1,0.2,93.0
PR-001264,Guayaquil Factory Q,2026-06-30,15,1,0.5,94.7
PR-001265,Guayaquil Factory Q,2026-07-02,12,1,0.2,97.4
PR-001266,Guayaquil Factory Q,2026-07-03,9,1,0.6,95.3
PR-001267,Guayaquil Factory Q,2026-07-04,15,1,0.9,91.3
PR-001268,Guayaquil Factory Q,2026-07-05,12,1,3.4,88.5
PR-001269,Guayaquil Factory Q,2026-07-06,11,1,0.8,91.5
PR-001270,Guayaquil Factory Q,2026-07-08,15,1,0.1,97.3
PR-001271,Guayaquil Factory Q,2026-07-09,12,1,1.1,89.3
PR-001272,Guayaquil Factory Q,2026-07-10,8,1,0.1,92.8
PR-001273,Guayaquil Factory Q,2026-07-11,10,1,0.3,91.8
PR-001274,Guayaquil Factory Q,2026-07-12,14,1,0.1,98.6
PR-001275,Guayaquil Factory Q,2026-07-13,11,1,1.2,94.7
PR-001276,Guayaquil Factory Q,2026-07-14,13,1,0.1,97.7
PR-001277,Guayaquil Factory Q,2026-07-15,17,1,0.1,95.7
PR-001278,Guayaquil Factory Q,2026-07-16,14,1,0.8,91.4
PR-001279,Guayaquil Factory Q,2026-07-18,13,1,0.1,91.7
PR-001280,Guayaquil Factory Q,2026-07-19,11,1,0.1,94.6
PR-001281,Guayaquil Factory Q,2026-07-20,11,1,0.8,94.3
PR-001282,Guayaquil Factory Q,2026-07-22,10,1,0.2,99.0
PR-001283,Guayaquil Factory Q,2026-07-23,15,1,0.1,98.7
PR-001284,Guayaquil Factory Q,2026-07-24,10,1,0.1,95.4
PR-001285,Guayaquil Factory Q,2026-07-25,13,1,1.9,88.1
PR-001286,Guayaquil Factory Q,2026-07-26,16,1,1.8,83.7
PR-001287,Guayaquil Factory Q,2026-07-27,14,1,0.5,92.2
PR-001288,Guayaquil Factory Q,2026-07-28,11,1,0.9,98.6
PR-001289,Guayaquil Factory Q,2026-07-29,11,1,0.8,94.0
PR-001290,Guayaquil Factory Q,2026-07-30,9,1,0.1,95.3
PR-001291,Guayaquil Factory Q,2026-08-01,10,1,0.2,91.0
PR-001292,Guayaquil Factory Q,2026-08-02,12,1,0.1,98.5
PR-001293,Hershey Falls Factory X,2026-03-27,28,1,0.2,99.0
PR-001294,Hershey Falls Factory X,2026-03-28,39,1,1.2,87.9
PR-001295,Hershey Falls Factory X,2026-03-29,27,1,0.7,85.1
PR-001296,Hershey Falls Factory X,2026-03-31,31,1,0.1,99.0
PR-001297,Hershey Falls Factory X,2026-04-02,34,1,0.1,98.3
PR-001298,Hershey Falls Factory X,2026-04-03,31,1,0.1,96.4
PR-001299,Hershey Falls Factory X,2026-04-04,25,1,1.1,95.5
PR-001300,Hershey Falls Factory X,2026-04-05,28,1,0.3,83.9
PR-001301,Hershey Falls Factory X,2026-04-09,30,1,0.1,99.0
PR-001302,Hershey Falls Factory X,2026-04-11,25,1,0.1,96.8
PR-001303,Hershey Falls Factory X,2026-04-12,27,1,0.3,94.6
PR-001304,Hershey Falls Factory X,2026-04-13,28,1,0.5,90.9
PR-001305,Hershey Falls Factory X,2026-04-16,29,1,0.1,96.2
PR-001306,Hershey Falls Factory X,2026-04-17,26,1,0.2,99.0
PR-001307,Hershey Falls Factory X,2026-04-18,33,1,1.2,90.6
PR-001308,Hershey Falls Factory X,2026-04-19,35,1,0.4,99.0
PR-001309,Hershey Falls Factory X,2026-04-20,25,1,0.1,91.4
PR-001310,Hershey Falls Factory X,2026-04-21,30,1,0.2,91.4
PR-001311,Hershey Falls Factory X,2026-04-23,22,1,0.1,90.3
PR-001312,Hershey Falls Factory X,2026-04-24,21,1,0.2,98.6
PR-001313,Hershey Falls Factory X,2026-04-25,32,1,0.1,96.7
PR-001314,Hershey Falls Factory X,2026-04-26,25,1,1.5,86.9
PR-001315,Hershey Falls Factory X,2026-04-28,26,1,1.4,99.0
PR-001316,Hershey Falls Factory X,2026-04-29,29,1,1.0,93.3
PR-001317,Hershey Falls Factory X,2026-04-30,29,1,0.2,97.5
PR-001318,Hershey Falls Factory X,2026-05-02,26,1,0.7,96.5
PR-001319,Hershey Falls Factory X,2026-05-03,29,1,1.8,89.2
PR-001320,Hershey Falls Factory X,2026-05-04,27,1,0.4,95.2
PR-001321,Hershey Falls Factory X,2026-05-09,19,1,0.2,93.2
PR-001322,Hershey Falls Factory X,2026-05-10,30,1,0.1,95.8
PR-001323,Hershey Falls Factory X,2026-05-12,27,1,0.6,96.3
PR-001324,Hershey Falls Factory X,2026-05-14,20,1,0.5,90.2
PR-001325,Hershey Falls Factory X,2026-05-15,30,1,0.7,94.8
PR-001326,Hershey Falls Factory X,2026-05-16,35,1,0.1,95.4
PR-001327,Hershey Falls Factory X,2026-05-17,29,1,0.9,93.2
PR-001328,Hershey Falls Factory X,2026-05-18,29,1,0.1,99.0
PR-001329,Hershey Falls Factory X,2026-05-19,31,1,0.4,95.3
PR-001330,Hershey Falls Factory X,2026-05-20,31,1,0.5,94.8
PR-001331,Hershey Falls Factory X,2026-05-21,27,1,1.3,97.4
PR-001332,Hershey Falls Factory X,2026-05-22,35,1,0.1,96.1
PR-001333,Hershey Falls Factory X,2026-05-23,23,1,0.1,92.6
PR-001334,Hershey Falls Factory X,2026-05-24,29,1,2.7,91.4
PR-001335,Hershey Falls Factory X,2026-05-26,29,1,0.6,97.7
PR-001336,Hershey Falls Factory X,2026-05-27,23,1,0.3,92.2
PR-001337,Hershey Falls Factory X,2026-05-29,27,1,0.5,98.6
PR-001338,Hershey Falls Factory X,2026-05-31,26,1,0.1,88.1
PR-001339,Hershey Falls Factory X,2026-06-01,24,1,1.4,90.8
PR-001340,Hershey Falls Factory X,2026-06-04,27,1,0.3,99.0
PR-001341,Hershey Falls Factory X,2026-06-05,30,1,0.4,99.0
PR-001342,Hershey Falls Factory X,2026-06-06,25,1,0.5,94.8
PR-001343,Hershey Falls Factory X,2026-06-07,29,1,0.1,99.0
PR-001344,Hershey Falls Factory X,2026-06-08,28,1,0.5,99.0
PR-001345,Hershey Falls Factory X,2026-06-09,31,1,0.1,97.6
PR-001346,Hershey Falls Factory X,2026-06-10,32,1,1.7,91.8
PR-001347,Hershey Falls Factory X,2026-06-11,28,1,0.2,91.7
PR-001348,Hershey Falls Factory X,2026-06-12,26,1,0.8,90.8
PR-001349,Hershey Falls Factory X,2026-06-13,22,1,0.2,99.0
PR-001350,Hershey Falls Factory X,2026-06-14,31,1,0.3,92.8
PR-001351,Hershey Falls Factory X,2026-06-16,24,1,1.1,99.0
PR-001352,Hershey Falls Factory X,2026-06-17,31,1,0.3,99.0
PR-001353,Hershey Falls Factory X,2026-06-18,28,1,0.1,99.0
PR-001354,Hershey Falls Factory X,2026-06-20,31,1,0.1,89.9
PR-001355,Hershey Falls Factory X,2026-06-21,32,1,0.1,99.0
PR-001356,Hershey Falls Factory X,2026-06-22,22,1,0.6,92.6
PR-001357,Hershey Falls Factory X,2026-06-23,25,1,0.2,99.0
PR-001358,Hershey Falls Factory X,2026-06-24,21,1,0.1,94.1
PR-001359,Hershey Falls Factory X,2026-06-25,35,1,0.2,96.6
PR-001360,Hershey Falls Factory X,2026-06-26,36,1,0.6,95.0
PR-001361,Hershey Falls Factory X,2026-06-28,24,1,0.5,97.9
PR-001362,Hershey Falls Factory X,2026-06-29,30,1,0.1,95.0
PR-001363,Hershey Falls Factory X,2026-06-30,30,1,1.3,95.3
PR-001364,Hershey Falls Factory X,2026-07-01,31,1,1.1,87.9
PR-001365,Hershey Falls Factory X,2026-07-02,24,1,0.4,93.0
PR-001366,Hershey Falls Factory X,2026-07-03,28,1,0.2,99.0
PR-001367,Hershey Falls Factory X,2026-07-04,30,1,0.5,86.3
PR-001368,Hershey Falls Factory X,2026-07-05,31,1,0.8,96.0
PR-001369,Hershey Falls Factory X,2026-07-06,25,1,0.1,98.4
PR-001370,Hershey Falls Factory X,2026-07-07,28,1,0.5,92.4
PR-001371,Hershey Falls Factory X,2026-07-08,26,1,0.5,96.4
PR-001372,Hershey Falls Factory X,2026-07-09,25,1,0.2,96.2
PR-001373,Hershey Falls Factory X,2026-07-10,16,1,0.7,93.6
PR-001374,Hershey Falls Factory X,2026-07-12,26,1,0.1,99.0
PR-001375,Hershey Falls Factory X,2026-07-13,23,1,0.1,95.7
PR-001376,Hershey Falls Factory X,2026-07-15,26,1,0.2,92.5
PR-001377,Hershey Falls Factory X,2026-07-16,30,1,0.1,97.7
PR-001378,Hershey Falls Factory X,2026-07-18,29,1,3.8,85.6
PR-001379,Hershey Falls Factory X,2026-07-19,28,1,1.0,97.0
PR-001380,Hershey Falls Factory X,2026-07-20,25,1,1.5,89.6
PR-001381,Hershey Falls Factory X,2026-07-21,24,1,0.9,93.3
PR-001382,Hershey Falls Factory X,2026-07-22,27,1,0.3,99.0
PR-001383,Hershey Falls Factory X,2026-07-23,22,1,1.6,88.4
PR-001384,Hershey Falls Factory X,2026-07-24,21,1,0.9,95.4
PR-001385,Hershey Falls Factory X,2026-07-25,33,1,0.4,97.2
PR-001386,Hershey Falls Factory X,2026-07-26,25,1,0.2,91.4
PR-001387,Hershey Falls Factory X,2026-07-28,35,1,0.1,99.0
PR-001388,Hershey Falls Factory X,2026-07-29,27,1,2.8,91.3
PR-001389,Hershey Falls Factory X,2026-07-30,31,1,0.5,97.7
PR-001390,Hershey Falls Factory X,2026-07-31,32,1,0.1,93.0
PR-001391,Hershey Falls Factory X,2026-08-01,35,1,1.5,96.4
PR-001392,Hershey Falls Factory X,2026-08-02,31,1,0.8,93.4
PR-001393,Jakarta Factory O,2026-03-27,24,1,1.1,94.4
PR-001394,Jakarta Factory O,2026-03-29,20,1,0.1,94.4
PR-001395,Jakarta Factory O,2026-03-30,23,1,0.1,97.6
PR-001396,Jakarta Factory O,2026-03-31,24,1,0.9,92.5
PR-001397,Jakarta Factory O,2026-04-01,19,1,0.6,99.0
PR-001398,Jakarta Factory O,2026-04-03,22,1,0.3,96.9
PR-001399,Jakarta Factory O,2026-04-05,23,1,0.4,90.9
PR-001400,Jakarta Factory O,2026-04-06,23,1,0.9,92.0
PR-001401,Jakarta Factory O,2026-04-07,18,1,1.9,95.3
PR-001402,Jakarta Factory O,2026-04-08,18,1,0.2,99.0
PR-001403,Jakarta Factory O,2026-04-09,23,1,0.3,93.6
PR-001404,Jakarta Factory O,2026-04-11,26,1,0.1,94.1
PR-001405,Jakarta Factory O,2026-04-12,24,1,0.1,93.3
PR-001406,Jakarta Factory O,2026-04-14,25,1,0.2,96.0
PR-001407,Jakarta Factory O,2026-04-15,20,1,0.4,99.0
PR-001408,Jakarta Factory O,2026-04-16,29,1,0.8,94.7
PR-001409,Jakarta Factory O,2026-04-17,24,1,0.1,97.5
PR-001410,Jakarta Factory O,2026-04-19,19,1,0.2,96.1
PR-001411,Jakarta Factory O,2026-04-20,21,1,0.3,97.8
PR-001412,Jakarta Factory O,2026-04-21,22,1,0.4,96.0
PR-001413,Jakarta Factory O,2026-04-22,27,1,0.1,97.4
PR-001414,Jakarta Factory O,2026-04-23,19,1,0.7,96.9
PR-001415,Jakarta Factory O,2026-04-24,17,1,0.8,89.7
PR-001416,Jakarta Factory O,2026-04-25,25,1,0.1,99.0
PR-001417,Jakarta Factory O,2026-04-27,25,1,1.6,95.8
PR-001418,Jakarta Factory O,2026-04-28,23,1,0.5,87.0
PR-001419,Jakarta Factory O,2026-04-29,24,1,0.8,95.6
PR-001420,Jakarta Factory O,2026-04-30,21,1,0.4,96.6
PR-001421,Jakarta Factory O,2026-05-01,32,1,0.3,95.8
PR-001422,Jakarta Factory O,2026-05-02,24,1,0.5,90.4
PR-001423,Jakarta Factory O,2026-05-03,25,1,0.3,95.1
PR-001424,Jakarta Factory O,2026-05-04,24,1,0.4,91.0
PR-001425,Jakarta Factory O,2026-05-05,19,1,0.4,92.8
PR-001426,Jakarta Factory O,2026-05-08,23,1,0.1,99.0
PR-001427,Jakarta Factory O,2026-05-09,20,1,0.6,93.0
PR-001428,Jakarta Factory O,2026-05-10,27,1,1.1,87.4
PR-001429,Jakarta Factory O,2026-05-11,21,1,0.6,94.6
PR-001430,Jakarta Factory O,2026-05-12,17,1,0.2,93.2
PR-001431,Jakarta Factory O,2026-05-13,28,1,2.4,90.7
PR-001432,Jakarta Factory O,2026-05-14,19,1,0.1,97.7
PR-001433,Jakarta Factory O,2026-05-15,21,1,0.4,95.0
PR-001434,Jakarta Factory O,2026-05-17,26,1,0.1,97.9
PR-001435,Jakarta Factory O,2026-05-18,17,1,0.1,92.8
PR-001436,Jakarta Factory O,2026-05-19,28,1,0.6,88.1
PR-001437,Jakarta Factory O,2026-05-22,21,1,0.1,90.4
PR-001438,Jakarta Factory O,2026-05-23,23,1,0.8,90.5
PR-001439,Jakarta Factory O,2026-05-25,23,1,0.3,97.8
PR-001440,Jakarta Factory O,2026-05-26,22,1,0.5,98.1
PR-001441,Jakarta Factory O,2026-05-27,24,1,0.2,99.0
PR-001442,Jakarta Factory O,2026-05-29,25,1,1.4,96.9
PR-001443,Jakarta Factory O,2026-05-31,20,1,0.1,99.0
PR-001444,Jakarta Factory O,2026-06-01,24,1,0.1,99.0
PR-001445,Jakarta Factory O,2026-06-02,29,1,0.1,91.3
PR-001446,Jakarta Factory O,2026-06-03,22,1,1.0,90.1
PR-001447,Jakarta Factory O,2026-06-04,19,1,1.2,99.0
PR-001448,Jakarta Factory O,2026-06-05,16,1,0.5,98.1
PR-001449,Jakarta Factory O,2026-06-07,22,1,1.4,93.0
PR-001450,Jakarta Factory O,2026-06-08,25,1,0.4,87.4
PR-001451,Jakarta Factory O,2026-06-09,24,1,0.9,97.2
PR-001452,Jakarta Factory O,2026-06-10,26,1,0.5,94.8
PR-001453,Jakarta Factory O,2026-06-11,19,1,0.5,98.5
PR-001454,Jakarta Factory O,2026-06-12,21,1,0.8,91.1
PR-001455,Jakarta Factory O,2026-06-13,24,1,0.5,96.4
PR-001456,Jakarta Factory O,2026-06-14,23,1,0.6,93.2
PR-001457,Jakarta Factory O,2026-06-15,19,1,0.8,96.7
PR-001458,Jakarta Factory O,2026-06-16,27,1,0.3,98.8
PR-001459,Jakarta Factory O,2026-06-20,17,1,1.2,92.6
PR-001460,Jakarta Factory O,2026-06-21,25,1,1.0,92.6
PR-001461,Jakarta Factory O,2026-06-23,23,1,0.1,97.9
PR-001462,Jakarta Factory O,2026-06-24,24,1,0.3,99.0
PR-001463,Jakarta Factory O,2026-06-27,17,1,0.4,99.0
PR-001464,Jakarta Factory O,2026-06-29,24,1,0.1,92.1
PR-001465,Jakarta Factory O,2026-06-30,23,1,0.5,98.0
PR-001466,Jakarta Factory O,2026-07-01,25,1,0.5,95.8
PR-001467,Jakarta Factory O,2026-07-02,22,1,0.7,97.4
PR-001468,Jakarta Factory O,2026-07-03,26,1,2.4,96.1
PR-001469,Jakarta Factory O,2026-07-05,30,1,0.1,98.8
PR-001470,Jakarta Factory O,2026-07-07,29,1,0.2,97.4
PR-001471,Jakarta Factory O,2026-07-08,26,1,1.8,84.1
PR-001472,Jakarta Factory O,2026-07-09,23,1,0.2,99.0
PR-001473,Jakarta Factory O,2026-07-10,22,1,0.1,99.0
PR-001474,Jakarta Factory O,2026-07-12,25,1,0.8,92.3
PR-001475,Jakarta Factory O,2026-07-13,23,1,0.6,90.6
PR-001476,Jakarta Factory O,2026-07-16,24,1,0.3,99.0
PR-001477,Jakarta Factory O,2026-07-18,19,1,3.3,89.5
PR-001478,Jakarta Factory O,2026-07-20,17,1,0.1,99.0
PR-001479,Jakarta Factory O,2026-07-22,20,1,0.3,92.5
PR-001480,Jakarta Factory O,2026-07-23,24,1,0.3,99.0
PR-001481,Jakarta Factory O,2026-07-24,30,1,0.5,99.0
PR-001482,Jakarta Factory O,2026-07-27,18,1,0.1,99.0
PR-001483,Jakarta Factory O,2026-07-29,24,1,0.7,97.5
PR-001484,Jakarta Factory O,2026-07-30,24,1,0.2,99.0
PR-001485,Jakarta Factory O,2026-07-31,20,1,0.1,89.3
PR-001486,Jakarta Factory O,2026-08-01,25,1,0.1,98.3
PR-001487,Jakarta Factory O,2026-08-02,19,1,0.8,89.4
PR-001488,Jakarta Factory O,2026-08-03,23,1,0.2,99.0
PR-001489,Lima Factory S,2026-03-28,22,1,1.8,98.1
PR-001490,Lima Factory S,2026-03-29,27,1,0.9,93.8
PR-001491,Lima Factory S,2026-03-30,19,1,0.7,90.2
PR-001492,Lima Factory S,2026-04-01,22,1,0.1,94.8
PR-001493,Lima Factory S,2026-04-02,24,1,0.8,92.6
PR-001494,Lima Factory S,2026-04-03,16,1,0.6,93.6
PR-001495,Lima Factory S,2026-04-04,26,1,1.5,89.7
PR-001496,Lima Factory S,2026-04-05,28,1,1.0,94.0
PR-001497,Lima Factory S,2026-04-07,25,1,0.2,92.1
PR-001498,Lima Factory S,2026-04-08,28,1,1.2,93.1
PR-001499,Lima Factory S,2026-04-09,29,1,0.4,89.3
PR-001500,Lima Factory S,2026-04-10,23,1,1.9,93.9
PR-001501,Lima Factory S,2026-04-12,24,1,0.2,99.0
PR-001502,Lima Factory S,2026-04-13,23,1,0.6,98.0
PR-001503,Lima Factory S,2026-04-14,26,1,1.0,91.8
PR-001504,Lima Factory S,2026-04-15,23,1,0.1,97.2
PR-001505,Lima Factory S,2026-04-16,19,1,0.6,94.7
PR-001506,Lima Factory S,2026-04-18,30,1,0.4,95.8
PR-001507,Lima Factory S,2026-04-20,27,1,0.1,94.3
PR-001508,Lima Factory S,2026-04-21,21,1,0.1,95.4
PR-001509,Lima Factory S,2026-04-22,22,1,0.9,92.6
PR-001510,Lima Factory S,2026-04-23,30,1,0.4,91.6
PR-001511,Lima Factory S,2026-04-24,26,1,0.8,86.7
PR-001512,Lima Factory S,2026-04-25,27,1,1.1,98.0
PR-001513,Lima Factory S,2026-04-26,27,1,1.5,96.1
PR-001514,Lima Factory S,2026-04-27,24,1,1.2,97.3
PR-001515,Lima Factory S,2026-04-28,18,1,0.1,97.5
PR-001516,Lima Factory S,2026-04-29,28,1,0.7,92.8
PR-001517,Lima Factory S,2026-05-01,26,1,2.4,87.1
PR-001518,Lima Factory S,2026-05-02,24,1,0.3,99.0
PR-001519,Lima Factory S,2026-05-03,29,1,0.3,92.7
PR-001520,Lima Factory S,2026-05-04,17,1,0.1,91.0
PR-001521,Lima Factory S,2026-05-05,29,1,1.2,95.8
PR-001522,Lima Factory S,2026-05-08,20,1,0.5,90.9
PR-001523,Lima Factory S,2026-05-09,23,1,0.6,93.5
PR-001524,Lima Factory S,2026-05-10,20,1,0.2,94.1
PR-001525,Lima Factory S,2026-05-11,29,1,0.4,94.0
PR-001526,Lima Factory S,2026-05-12,25,1,0.6,94.5
PR-001527,Lima Factory S,2026-05-13,25,1,0.5,97.5
PR-001528,Lima Factory S,2026-05-14,24,1,1.6,93.7
PR-001529,Lima Factory S,2026-05-15,21,1,0.7,96.4
PR-001530,Lima Factory S,2026-05-16,22,1,2.5,85.5
PR-001531,Lima Factory S,2026-05-17,23,1,0.7,94.4
PR-001532,Lima Factory S,2026-05-18,25,1,0.1,96.5
PR-001533,Lima Factory S,2026-05-19,26,1,0.1,95.3
PR-001534,Lima Factory S,2026-05-20,21,1,1.5,91.7
PR-001535,Lima Factory S,2026-05-21,20,1,1.6,97.0
PR-001536,Lima Factory S,2026-05-22,22,1,0.1,97.7
PR-001537,Lima Factory S,2026-05-24,20,1,1.6,94.2
PR-001538,Lima Factory S,2026-05-25,27,1,0.4,95.0
PR-001539,Lima Factory S,2026-05-26,20,1,0.1,98.0
PR-001540,Lima Factory S,2026-05-27,29,1,0.3,99.0
PR-001541,Lima Factory S,2026-05-28,22,1,1.0,93.8
PR-001542,Lima Factory S,2026-05-29,23,1,1.0,93.0
PR-001543,Lima Factory S,2026-05-30,26,1,0.2,96.3
PR-001544,Lima Factory S,2026-06-01,23,1,0.1,99.0
PR-001545,Lima Factory S,2026-06-02,25,1,0.6,91.1
PR-001546,Lima Factory S,2026-06-03,23,1,0.9,96.0
PR-001547,Lima Factory S,2026-06-05,20,1,0.9,91.6
PR-001548,Lima Factory S,2026-06-06,30,1,0.5,89.3
PR-001549,Lima Factory S,2026-06-07,26,1,1.2,95.3
PR-001550,Lima Factory S,2026-06-08,25,1,1.1,93.0
PR-001551,Lima Factory S,2026-06-09,25,1,0.8,94.4
PR-001552,Lima Factory S,2026-06-10,27,1,0.2,96.9
PR-001553,Lima Factory S,2026-06-11,25,1,0.2,92.2
PR-001554,Lima Factory S,2026-06-12,24,1,0.1,91.8
PR-001555,Lima Factory S,2026-06-13,19,1,0.3,93.3
PR-001556,Lima Factory S,2026-06-14,19,1,0.1,99.0
PR-001557,Lima Factory S,2026-06-15,17,1,1.6,96.4
PR-001558,Lima Factory S,2026-06-16,21,1,0.1,99.0
PR-001559,Lima Factory S,2026-06-17,27,1,0.5,98.6
PR-001560,Lima Factory S,2026-06-18,22,1,0.2,98.0
PR-001561,Lima Factory S,2026-06-19,31,1,0.1,95.1
PR-001562,Lima Factory S,2026-06-20,20,1,0.9,89.2
PR-001563,Lima Factory S,2026-06-21,27,1,0.1,91.2
PR-001564,Lima Factory S,2026-06-22,28,1,0.3,95.1
PR-001565,Lima Factory S,2026-06-24,20,1,0.8,99.0
PR-001566,Lima Factory S,2026-06-26,23,1,0.3,97.4
PR-001567,Lima Factory S,2026-06-28,23,1,0.4,99.0
PR-001568,Lima Factory S,2026-06-29,28,1,0.7,96.8
PR-001569,Lima Factory S,2026-06-30,22,1,0.1,99.0
PR-001570,Lima Factory S,2026-07-01,27,1,0.6,93.5
PR-001571,Lima Factory S,2026-07-02,19,1,1.1,90.9
PR-001572,Lima Factory S,2026-07-03,23,1,0.1,95.9
PR-001573,Lima Factory S,2026-07-04,26,1,0.1,98.1
PR-001574,Lima Factory S,2026-07-05,26,1,0.2,92.8
PR-001575,Lima Factory S,2026-07-07,18,1,0.3,93.2
PR-001576,Lima Factory S,2026-07-08,22,1,0.6,95.2
PR-001577,Lima Factory S,2026-07-09,23,1,1.4,93.1
PR-001578,Lima Factory S,2026-07-10,19,1,0.6,92.6
PR-001579,Lima Factory S,2026-07-11,19,1,0.3,96.9
PR-001580,Lima Factory S,2026-07-12,22,1,0.2,86.6
PR-001581,Lima Factory S,2026-07-13,26,1,0.2,99.0
PR-001582,Lima Factory S,2026-07-14,26,1,0.5,99.0
PR-001583,Lima Factory S,2026-07-15,27,1,0.4,95.0
PR-001584,Lima Factory S,2026-07-16,23,1,0.1,96.3
PR-001585,Lima Factory S,2026-07-17,30,1,1.3,87.7
PR-001586,Lima Factory S,2026-07-18,23,1,1.0,98.5
PR-001587,Lima Factory S,2026-07-19,23,1,0.1,99.0
PR-001588,Lima Factory S,2026-07-20,25,1,0.3,93.2
PR-001589,Lima Factory S,2026-07-21,28,1,0.3,97.0
PR-001590,Lima Factory S,2026-07-22,22,1,0.1,99.0
PR-001591,Lima Factory S,2026-07-24,25,1,0.1,92.5
PR-001592,Lima Factory S,2026-07-26,25,1,0.1,99.0
PR-001593,Lima Factory S,2026-07-27,23,1,1.8,83.7
PR-001594,Lima Factory S,2026-07-28,26,1,0.7,90.8
PR-001595,Lima Factory S,2026-07-29,26,1,0.6,90.1
PR-001596,Lima Factory S,2026-08-01,22,1,0.4,99.0
PR-001597,Lyon Factory G,2026-03-31,34,1,0.1,98.0
PR-001598,Lyon Factory G,2026-04-02,39,1,0.5,99.0
PR-001599,Lyon Factory G,2026-04-03,34,1,0.1,98.6
PR-001600,Lyon Factory G,2026-04-04,31,1,0.3,91.3
PR-001601,Lyon Factory G,2026-04-06,35,1,0.1,91.0
PR-001602,Lyon Factory G,2026-04-07,35,1,1.1,95.0
PR-001603,Lyon Factory G,2026-04-08,41,1,0.2,99.0
PR-001604,Lyon Factory G,2026-04-10,39,1,0.8,95.3
PR-001605,Lyon Factory G,2026-04-11,31,1,0.6,99.0
PR-001606,Lyon Factory G,2026-04-12,40,1,0.5,91.5
PR-001607,Lyon Factory G,2026-04-13,37,1,0.6,96.8
PR-001608,Lyon Factory G,2026-04-14,46,1,0.4,96.6
PR-001609,Lyon Factory G,2026-04-15,32,1,0.2,97.5
PR-001610,Lyon Factory G,2026-04-16,32,1,0.5,96.5
PR-001611,Lyon Factory G,2026-04-17,34,1,0.6,91.6
PR-001612,Lyon Factory G,2026-04-18,44,1,0.1,91.9
PR-001613,Lyon Factory G,2026-04-19,43,1,0.3,89.3
PR-001614,Lyon Factory G,2026-04-20,36,1,0.4,93.2
PR-001615,Lyon Factory G,2026-04-21,33,1,0.6,94.7
PR-001616,Lyon Factory G,2026-04-22,41,1,0.7,96.3
PR-001617,Lyon Factory G,2026-04-23,35,1,0.1,95.4
PR-001618,Lyon Factory G,2026-04-24,37,1,0.4,99.0
PR-001619,Lyon Factory G,2026-04-26,31,1,0.5,89.9
PR-001620,Lyon Factory G,2026-04-27,36,1,0.1,97.0
PR-001621,Lyon Factory G,2026-04-28,33,1,0.7,95.5
PR-001622,Lyon Factory G,2026-04-29,35,1,2.0,85.8
PR-001623,Lyon Factory G,2026-04-30,39,1,0.1,97.0
PR-001624,Lyon Factory G,2026-05-01,47,1,0.5,90.7
PR-001625,Lyon Factory G,2026-05-03,39,1,0.6,92.7
PR-001626,Lyon Factory G,2026-05-04,31,1,1.2,92.3
PR-001627,Lyon Factory G,2026-05-05,36,1,0.1,95.4
PR-001628,Lyon Factory G,2026-05-06,34,1,0.1,97.3
PR-001629,Lyon Factory G,2026-05-07,33,1,0.2,99.0
PR-001630,Lyon Factory G,2026-05-08,45,1,1.0,91.5
PR-001631,Lyon Factory G,2026-05-09,31,1,0.9,99.0
PR-001632,Lyon Factory G,2026-05-10,33,1,0.1,99.0
PR-001633,Lyon Factory G,2026-05-11,36,1,0.1,99.0
PR-001634,Lyon Factory G,2026-05-12,34,1,0.1,94.6
PR-001635,Lyon Factory G,2026-05-13,34,1,0.6,92.2
PR-001636,Lyon Factory G,2026-05-14,37,1,0.6,89.2
PR-001637,Lyon Factory G,2026-05-15,33,1,1.3,85.9
PR-001638,Lyon Factory G,2026-05-16,34,1,0.5,94.9
PR-001639,Lyon Factory G,2026-05-17,32,1,0.7,97.3
PR-001640,Lyon Factory G,2026-05-18,32,1,0.2,99.0
PR-001641,Lyon Factory G,2026-05-19,32,1,0.8,88.6
PR-001642,Lyon Factory G,2026-05-20,38,1,0.8,90.7
PR-001643,Lyon Factory G,2026-05-21,28,1,1.1,95.4
PR-001644,Lyon Factory G,2026-05-23,38,1,0.6,88.7
PR-001645,Lyon Factory G,2026-05-24,37,1,0.7,89.3
PR-001646,Lyon Factory G,2026-05-26,34,1,0.1,93.5
PR-001647,Lyon Factory G,2026-05-27,39,1,0.2,99.0
PR-001648,Lyon Factory G,2026-05-28,39,1,0.1,98.3
PR-001649,Lyon Factory G,2026-05-29,32,1,1.4,88.2
PR-001650,Lyon Factory G,2026-05-30,42,1,0.3,85.8
PR-001651,Lyon Factory G,2026-06-01,36,1,0.4,96.0
PR-001652,Lyon Factory G,2026-06-02,29,1,1.1,91.7
PR-001653,Lyon Factory G,2026-06-03,31,1,0.1,98.1
PR-001654,Lyon Factory G,2026-06-04,41,1,0.4,91.6
PR-001655,Lyon Factory G,2026-06-06,34,1,0.1,94.2
PR-001656,Lyon Factory G,2026-06-07,41,1,0.1,96.1
PR-001657,Lyon Factory G,2026-06-08,45,1,1.9,88.4
PR-001658,Lyon Factory G,2026-06-09,24,1,1.2,91.0
PR-001659,Lyon Factory G,2026-06-11,45,1,0.1,99.0
PR-001660,Lyon Factory G,2026-06-12,39,1,0.5,93.3
PR-001661,Lyon Factory G,2026-06-14,40,1,0.5,92.8
PR-001662,Lyon Factory G,2026-06-15,39,1,0.6,99.0
PR-001663,Lyon Factory G,2026-06-16,27,1,0.7,91.9
PR-001664,Lyon Factory G,2026-06-19,35,1,1.6,88.3
PR-001665,Lyon Factory G,2026-06-20,29,1,0.2,92.0
PR-001666,Lyon Factory G,2026-06-21,43,1,0.6,98.8
PR-001667,Lyon Factory G,2026-06-24,31,1,0.4,94.5
PR-001668,Lyon Factory G,2026-06-25,35,1,1.5,95.7
PR-001669,Lyon Factory G,2026-06-27,28,1,0.3,97.0
PR-001670,Lyon Factory G,2026-06-28,36,1,0.9,92.5
PR-001671,Lyon Factory G,2026-06-29,31,1,0.1,99.0
PR-001672,Lyon Factory G,2026-07-01,29,1,0.3,96.2
PR-001673,Lyon Factory G,2026-07-02,45,1,0.5,99.0
PR-001674,Lyon Factory G,2026-07-04,40,1,0.7,90.1
PR-001675,Lyon Factory G,2026-07-05,35,1,0.1,96.5
PR-001676,Lyon Factory G,2026-07-07,34,1,0.8,96.6
PR-001677,Lyon Factory G,2026-07-08,47,1,0.3,91.8
PR-001678,Lyon Factory G,2026-07-10,37,1,0.2,94.9
PR-001679,Lyon Factory G,2026-07-11,36,1,0.1,96.5
PR-001680,Lyon Factory G,2026-07-12,42,1,0.9,97.9
PR-001681,Lyon Factory G,2026-07-13,31,1,0.6,99.0
PR-001682,Lyon Factory G,2026-07-14,22,1,0.9,96.4
PR-001683,Lyon Factory G,2026-07-15,29,1,0.2,99.0
PR-001684,Lyon Factory G,2026-07-16,44,1,0.2,99.0
PR-001685,Lyon Factory G,2026-07-17,33,1,0.3,97.1
PR-001686,Lyon Factory G,2026-07-19,40,1,3.3,91.2
PR-001687,Lyon Factory G,2026-07-22,35,1,0.7,95.2
PR-001688,Lyon Factory G,2026-07-23,45,1,0.1,97.4
PR-001689,Lyon Factory G,2026-07-24,44,1,0.6,95.6
PR-001690,Lyon Factory G,2026-07-25,34,1,0.3,93.1
PR-001691,Lyon Factory G,2026-07-26,40,1,0.4,93.1
PR-001692,Lyon Factory G,2026-07-28,54,2,0.7,95.6
PR-001693,Lyon Factory G,2026-07-29,30,1,0.6,99.0
PR-001694,Lyon Factory G,2026-07-31,41,1,0.1,95.9
PR-001695,Lyon Factory G,2026-08-01,40,1,0.1,97.4
PR-001696,Lyon Factory G,2026-08-02,37,1,0.6,99.0
PR-001697,Lyon Factory G,2026-08-03,41,1,1.1,92.4
PR-001698,Medellin Factory R,2026-03-28,31,1,0.4,95.3
PR-001699,Medellin Factory R,2026-03-29,21,1,2.0,86.9
PR-001700,Medellin Factory R,2026-03-30,20,1,0.1,93.7
PR-001701,Medellin Factory R,2026-03-31,19,1,0.4,92.9
PR-001702,Medellin Factory R,2026-04-01,21,1,0.2,94.0
PR-001703,Medellin Factory R,2026-04-02,27,1,0.4,99.0
PR-001704,Medellin Factory R,2026-04-03,24,1,0.1,99.0
PR-001705,Medellin Factory R,2026-04-04,27,1,1.2,96.7
PR-001706,Medellin Factory R,2026-04-06,25,1,1.1,87.0
PR-001707,Medellin Factory R,2026-04-07,21,1,0.3,97.3
PR-001708,Medellin Factory R,2026-04-09,30,1,0.1,99.0
PR-001709,Medellin Factory R,2026-04-10,22,1,0.1,95.8
PR-001710,Medellin Factory R,2026-04-11,25,1,0.9,99.0
PR-001711,Medellin Factory R,2026-04-12,24,1,0.9,89.4
PR-001712,Medellin Factory R,2026-04-14,25,1,0.3,92.9
PR-001713,Medellin Factory R,2026-04-15,30,1,0.1,94.5
PR-001714,Medellin Factory R,2026-04-16,18,1,0.2,99.0
PR-001715,Medellin Factory R,2026-04-17,23,1,0.1,97.4
PR-001716,Medellin Factory R,2026-04-18,22,1,0.3,95.7
PR-001717,Medellin Factory R,2026-04-19,28,1,0.7,90.4
PR-001718,Medellin Factory R,2026-04-21,19,1,1.0,97.4
PR-001719,Medellin Factory R,2026-04-23,24,1,0.9,92.9
PR-001720,Medellin Factory R,2026-04-24,26,1,0.2,94.0
PR-001721,Medellin Factory R,2026-04-25,28,1,0.1,97.4
PR-001722,Medellin Factory R,2026-04-26,24,1,0.8,96.1
PR-001723,Medellin Factory R,2026-04-28,25,1,0.3,93.6
PR-001724,Medellin Factory R,2026-04-30,25,1,0.1,95.9
PR-001725,Medellin Factory R,2026-05-01,30,1,0.3,98.8
PR-001726,Medellin Factory R,2026-05-03,24,1,1.3,99.0
PR-001727,Medellin Factory R,2026-05-04,20,1,1.1,88.5
PR-001728,Medellin Factory R,2026-05-05,32,1,0.7,93.0
PR-001729,Medellin Factory R,2026-05-08,24,1,0.9,97.1
PR-001730,Medellin Factory R,2026-05-09,25,1,0.2,99.0
PR-001731,Medellin Factory R,2026-05-11,27,1,0.2,98.7
PR-001732,Medellin Factory R,2026-05-12,25,1,0.4,90.1
PR-001733,Medellin Factory R,2026-05-13,24,1,0.3,94.6
PR-001734,Medellin Factory R,2026-05-15,23,1,0.1,97.0
PR-001735,Medellin Factory R,2026-05-16,17,1,0.6,98.2
PR-001736,Medellin Factory R,2026-05-17,25,1,1.5,91.3
PR-001737,Medellin Factory R,2026-05-18,18,1,0.4,99.0
PR-001738,Medellin Factory R,2026-05-19,29,1,0.7,99.0
PR-001739,Medellin Factory R,2026-05-20,24,1,2.3,88.5
PR-001740,Medellin Factory R,2026-05-21,23,1,0.3,90.1
PR-001741,Medellin Factory R,2026-05-22,24,1,1.1,95.4
PR-001742,Medellin Factory R,2026-05-23,26,1,0.9,93.6
PR-001743,Medellin Factory R,2026-05-24,21,1,0.9,94.1
PR-001744,Medellin Factory R,2026-05-25,24,1,1.8,85.7
PR-001745,Medellin Factory R,2026-05-26,30,1,0.5,95.0
PR-001746,Medellin Factory R,2026-05-28,24,1,1.5,88.1
PR-001747,Medellin Factory R,2026-05-29,20,1,0.1,96.3
PR-001748,Medellin Factory R,2026-06-02,20,1,0.1,99.0
PR-001749,Medellin Factory R,2026-06-03,23,1,0.6,97.9
PR-001750,Medellin Factory R,2026-06-04,15,1,0.1,95.1
PR-001751,Medellin Factory R,2026-06-05,27,1,0.3,96.5
PR-001752,Medellin Factory R,2026-06-06,23,1,0.9,98.2
PR-001753,Medellin Factory R,2026-06-07,22,1,0.6,95.3
PR-001754,Medellin Factory R,2026-06-08,25,1,0.7,96.4
PR-001755,Medellin Factory R,2026-06-09,22,1,0.1,94.3
PR-001756,Medellin Factory R,2026-06-10,26,1,0.5,99.0
PR-001757,Medellin Factory R,2026-06-11,20,1,1.5,93.7
PR-001758,Medellin Factory R,2026-06-13,23,1,1.9,86.4
PR-001759,Medellin Factory R,2026-06-14,24,1,2.0,91.4
PR-001760,Medellin Factory R,2026-06-15,28,1,2.1,87.3
PR-001761,Medellin Factory R,2026-06-16,22,1,1.2,85.2
PR-001762,Medellin Factory R,2026-06-17,26,1,0.8,91.7
PR-001763,Medellin Factory R,2026-06-19,22,1,0.4,92.8
PR-001764,Medellin Factory R,2026-06-20,25,1,0.2,95.9
PR-001765,Medellin Factory R,2026-06-21,19,1,0.6,94.7
PR-001766,Medellin Factory R,2026-06-22,32,1,0.8,99.0
PR-001767,Medellin Factory R,2026-06-24,29,1,0.7,93.0
PR-001768,Medellin Factory R,2026-06-26,24,1,0.3,99.0
PR-001769,Medellin Factory R,2026-06-27,29,1,1.0,91.4
PR-001770,Medellin Factory R,2026-06-28,25,1,1.3,93.9
PR-001771,Medellin Factory R,2026-06-29,19,1,1.3,94.3
PR-001772,Medellin Factory R,2026-06-30,23,1,0.6,86.1
PR-001773,Medellin Factory R,2026-07-02,27,1,0.1,93.1
PR-001774,Medellin Factory R,2026-07-03,23,1,0.3,97.3
PR-001775,Medellin Factory R,2026-07-04,25,1,0.4,97.9
PR-001776,Medellin Factory R,2026-07-07,25,1,0.3,95.1
PR-001777,Medellin Factory R,2026-07-08,27,1,0.2,91.6
PR-001778,Medellin Factory R,2026-07-09,23,1,0.7,99.0
PR-001779,Medellin Factory R,2026-07-10,24,1,0.8,99.0
PR-001780,Medellin Factory R,2026-07-11,22,1,0.3,92.5
PR-001781,Medellin Factory R,2026-07-14,17,1,0.4,91.7
PR-001782,Medellin Factory R,2026-07-16,24,1,0.5,95.2
PR-001783,Medellin Factory R,2026-07-17,31,1,0.5,94.8
PR-001784,Medellin Factory R,2026-07-19,27,1,0.1,99.0
PR-001785,Medellin Factory R,2026-07-20,26,1,2.1,89.9
PR-001786,Medellin Factory R,2026-07-21,21,1,0.7,99.0
PR-001787,Medellin Factory R,2026-07-22,28,1,0.2,93.4
PR-001788,Medellin Factory R,2026-07-23,25,1,0.6,89.6
PR-001789,Medellin Factory R,2026-07-24,24,1,0.7,94.9
PR-001790,Medellin Factory R,2026-07-25,26,1,0.7,99.0
PR-001791,Medellin Factory R,2026-07-26,23,1,1.1,95.8
PR-001792,Medellin Factory R,2026-07-27,24,1,0.8,95.8
PR-001793,Medellin Factory R,2026-07-28,24,1,0.1,92.2
PR-001794,Medellin Factory R,2026-07-29,27,1,0.2,92.2
PR-001795,Medellin Factory R,2026-07-30,25,1,0.1,98.6
PR-001796,Medellin Factory R,2026-08-01,25,1,0.1,90.0
PR-001797,Medellin Factory R,2026-08-02,26,1,1.1,93.8
PR-001798,Melbourne Factory N,2026-03-27,49,1,2.2,90.8
PR-001799,Melbourne Factory N,2026-03-28,45,1,0.2,90.1
PR-001800,Melbourne Factory N,2026-03-30,48,1,0.7,91.9
PR-001801,Melbourne Factory N,2026-03-31,31,1,0.2,98.0
PR-001802,Melbourne Factory N,2026-04-02,54,1,1.9,99.0
PR-001803,Melbourne Factory N,2026-04-03,44,1,0.2,93.1
PR-001804,Melbourne Factory N,2026-04-04,52,1,0.1,99.0
PR-001805,Melbourne Factory N,2026-04-06,35,1,0.8,86.2
PR-001806,Melbourne Factory N,2026-04-07,42,1,0.3,96.3
PR-001807,Melbourne Factory N,2026-04-08,36,1,0.9,95.8
PR-001808,Melbourne Factory N,2026-04-09,46,1,0.1,99.0
PR-001809,Melbourne Factory N,2026-04-10,45,1,0.8,95.9
PR-001810,Melbourne Factory N,2026-04-12,51,1,0.2,89.7
PR-001811,Melbourne Factory N,2026-04-13,41,1,0.4,97.6
PR-001812,Melbourne Factory N,2026-04-14,45,1,0.2,88.1
PR-001813,Melbourne Factory N,2026-04-15,50,1,0.6,97.2
PR-001814,Melbourne Factory N,2026-04-16,37,1,0.3,99.0
PR-001815,Melbourne Factory N,2026-04-18,37,1,1.9,88.6
PR-001816,Melbourne Factory N,2026-04-19,49,1,0.1,96.2
PR-001817,Melbourne Factory N,2026-04-20,48,1,0.3,96.5
PR-001818,Melbourne Factory N,2026-04-21,52,1,0.5,99.0
PR-001819,Melbourne Factory N,2026-04-22,45,1,0.1,92.5
PR-001820,Melbourne Factory N,2026-04-23,42,1,0.2,93.9
PR-001821,Melbourne Factory N,2026-04-24,45,1,0.8,95.0
PR-001822,Melbourne Factory N,2026-04-27,45,1,1.5,93.0
PR-001823,Melbourne Factory N,2026-04-28,44,1,0.3,94.0
PR-001824,Melbourne Factory N,2026-04-30,44,1,2.1,86.5
PR-001825,Melbourne Factory N,2026-05-01,48,1,0.3,95.4
PR-001826,Melbourne Factory N,2026-05-02,52,1,1.2,92.2
PR-001827,Melbourne Factory N,2026-05-03,42,1,0.1,98.4
PR-001828,Melbourne Factory N,2026-05-04,49,1,0.3,96.2
PR-001829,Melbourne Factory N,2026-05-05,49,1,0.1,97.7
PR-001830,Melbourne Factory N,2026-05-06,52,1,3.1,92.2
PR-001831,Melbourne Factory N,2026-05-07,47,1,0.2,92.3
PR-001832,Melbourne Factory N,2026-05-08,44,1,0.3,99.0
PR-001833,Melbourne Factory N,2026-05-09,46,1,1.4,91.6
PR-001834,Melbourne Factory N,2026-05-10,44,1,0.4,92.5
PR-001835,Melbourne Factory N,2026-05-11,41,1,0.7,97.7
PR-001836,Melbourne Factory N,2026-05-12,51,1,1.3,91.0
PR-001837,Melbourne Factory N,2026-05-13,53,1,1.1,95.3
PR-001838,Melbourne Factory N,2026-05-14,45,1,0.6,93.6
PR-001839,Melbourne Factory N,2026-05-15,44,1,0.4,92.3
PR-001840,Melbourne Factory N,2026-05-16,42,1,1.5,85.3
PR-001841,Melbourne Factory N,2026-05-17,45,1,0.1,99.0
PR-001842,Melbourne Factory N,2026-05-18,39,1,0.2,97.2
PR-001843,Melbourne Factory N,2026-05-19,51,1,0.2,99.0
PR-001844,Melbourne Factory N,2026-05-20,43,1,0.4,87.3
PR-001845,Melbourne Factory N,2026-05-21,49,1,0.5,95.8
PR-001846,Melbourne Factory N,2026-05-22,46,1,0.8,94.2
PR-001847,Melbourne Factory N,2026-05-24,38,1,0.5,95.4
PR-001848,Melbourne Factory N,2026-05-25,47,1,0.4,99.0
PR-001849,Melbourne Factory N,2026-05-26,51,1,0.1,97.4
PR-001850,Melbourne Factory N,2026-05-27,49,1,0.4,99.0
PR-001851,Melbourne Factory N,2026-05-29,32,1,0.9,95.0
PR-001852,Melbourne Factory N,2026-05-30,37,1,1.7,96.2
PR-001853,Melbourne Factory N,2026-05-31,42,1,2.5,88.1
PR-001854,Melbourne Factory N,2026-06-01,40,1,0.4,96.2
PR-001855,Melbourne Factory N,2026-06-03,50,1,2.0,92.6
PR-001856,Melbourne Factory N,2026-06-04,46,1,0.1,97.5
PR-001857,Melbourne Factory N,2026-06-05,46,1,0.2,92.1
PR-001858,Melbourne Factory N,2026-06-06,41,1,0.2,94.8
PR-001859,Melbourne Factory N,2026-06-07,30,1,0.4,94.6
PR-001860,Melbourne Factory N,2026-06-09,33,1,0.4,95.4
PR-001861,Melbourne Factory N,2026-06-10,49,1,0.2,89.9
PR-001862,Melbourne Factory N,2026-06-12,35,1,0.1,99.0
PR-001863,Melbourne Factory N,2026-06-14,47,1,0.2,93.2
PR-001864,Melbourne Factory N,2026-06-17,52,1,2.5,93.4
PR-001865,Melbourne Factory N,2026-06-18,44,1,0.4,99.0
PR-001866,Melbourne Factory N,2026-06-20,31,1,0.4,95.1
PR-001867,Melbourne Factory N,2026-06-21,35,1,0.4,91.7
PR-001868,Melbourne Factory N,2026-06-22,42,1,0.4,91.9
PR-001869,Melbourne Factory N,2026-06-23,45,1,1.6,90.0
PR-001870,Melbourne Factory N,2026-06-24,41,1,0.4,99.0
PR-001871,Melbourne Factory N,2026-06-25,50,1,0.4,99.0
PR-001872,Melbourne Factory N,2026-06-27,49,1,1.3,99.0
PR-001873,Melbourne Factory N,2026-06-28,43,1,0.2,99.0
PR-001874,Melbourne Factory N,2026-06-30,48,1,0.1,96.4
PR-001875,Melbourne Factory N,2026-07-01,46,1,0.3,97.0
PR-001876,Melbourne Factory N,2026-07-03,40,1,0.1,94.3
PR-001877,Melbourne Factory N,2026-07-04,42,1,0.3,96.5
PR-001878,Melbourne Factory N,2026-07-05,30,1,1.2,94.3
PR-001879,Melbourne Factory N,2026-07-06,44,1,0.7,92.5
PR-001880,Melbourne Factory N,2026-07-09,44,1,0.5,97.4
PR-001881,Melbourne Factory N,2026-07-10,34,1,0.3,95.2
PR-001882,Melbourne Factory N,2026-07-12,29,1,0.6,93.9
PR-001883,Melbourne Factory N,2026-07-17,39,1,0.5,89.3
PR-001884,Melbourne Factory N,2026-07-18,46,1,0.1,99.0
PR-001885,Melbourne Factory N,2026-07-19,42,1,0.2,95.9
PR-001886,Melbourne Factory N,2026-07-20,48,1,0.1,97.1
PR-001887,Melbourne Factory N,2026-07-21,41,1,0.5,92.2
PR-001888,Melbourne Factory N,2026-07-23,45,1,1.3,95.9
PR-001889,Melbourne Factory N,2026-07-24,37,1,0.8,98.1
PR-001890,Melbourne Factory N,2026-07-25,51,1,0.7,97.5
PR-001891,Melbourne Factory N,2026-07-26,39,1,0.4,99.0
PR-001892,Melbourne Factory N,2026-07-27,46,1,0.5,93.8
PR-001893,Melbourne Factory N,2026-07-28,42,1,0.9,96.9
PR-001894,Melbourne Factory N,2026-07-29,32,1,0.1,98.5
PR-001895,Melbourne Factory N,2026-07-31,42,1,0.3,95.6
PR-001896,Melbourne Factory N,2026-08-01,46,1,0.9,97.7
PR-001897,Melbourne Factory N,2026-08-02,55,1,0.3,98.1
PR-001898,Melbourne Factory N,2026-08-03,44,1,0.2,97.6
PR-001899,Montreal Factory Y,2026-03-29,40,1,0.1,87.7
PR-001900,Montreal Factory Y,2026-04-01,42,1,1.2,88.1
PR-001901,Montreal Factory Y,2026-04-02,28,1,0.5,95.9
PR-001902,Montreal Factory Y,2026-04-03,23,1,0.5,89.0
PR-001903,Montreal Factory Y,2026-04-05,31,1,0.1,96.0
PR-001904,Montreal Factory Y,2026-04-07,24,1,0.6,91.6
PR-001905,Montreal Factory Y,2026-04-08,36,1,0.3,88.4
PR-001906,Montreal Factory Y,2026-04-09,28,1,0.1,99.0
PR-001907,Montreal Factory Y,2026-04-10,42,1,0.2,87.0
PR-001908,Montreal Factory Y,2026-04-11,36,1,0.4,98.4
PR-001909,Montreal Factory Y,2026-04-12,34,1,1.7,98.0
PR-001910,Montreal Factory Y,2026-04-14,35,1,0.5,93.6
PR-001911,Montreal Factory Y,2026-04-15,37,1,0.3,98.8
PR-001912,Montreal Factory Y,2026-04-17,27,1,0.2,99.0
PR-001913,Montreal Factory Y,2026-04-18,21,1,1.1,92.6
PR-001914,Montreal Factory Y,2026-04-19,23,1,0.1,93.1
PR-001915,Montreal Factory Y,2026-04-20,26,1,0.5,99.0
PR-001916,Montreal Factory Y,2026-04-21,32,1,0.4,97.3
PR-001917,Montreal Factory Y,2026-04-22,16,1,0.8,94.9
PR-001918,Montreal Factory Y,2026-04-24,35,1,0.2,89.1
PR-001919,Montreal Factory Y,2026-04-25,29,1,1.7,83.9
PR-001920,Montreal Factory Y,2026-04-26,37,1,0.2,91.2
PR-001921,Montreal Factory Y,2026-04-27,40,1,1.5,95.7
PR-001922,Montreal Factory Y,2026-04-28,34,1,0.8,99.0
PR-001923,Montreal Factory Y,2026-04-29,34,1,1.1,97.1
PR-001924,Montreal Factory Y,2026-04-30,33,1,0.9,97.2
PR-001925,Montreal Factory Y,2026-05-01,29,1,1.6,95.1
PR-001926,Montreal Factory Y,2026-05-02,32,1,0.3,97.8
PR-001927,Montreal Factory Y,2026-05-05,33,1,0.1,95.2
PR-001928,Montreal Factory Y,2026-05-06,42,1,0.5,91.2
PR-001929,Montreal Factory Y,2026-05-07,22,1,2.3,92.0
PR-001930,Montreal Factory Y,2026-05-08,26,1,0.5,93.8
PR-001931,Montreal Factory Y,2026-05-09,37,1,0.3,99.0
PR-001932,Montreal Factory Y,2026-05-10,36,1,0.5,98.1
PR-001933,Montreal Factory Y,2026-05-11,25,1,0.1,99.0
PR-001934,Montreal Factory Y,2026-05-13,38,1,0.4,99.0
PR-001935,Montreal Factory Y,2026-05-14,30,1,0.2,94.8
PR-001936,Montreal Factory Y,2026-05-16,26,1,0.1,91.8
PR-001937,Montreal Factory Y,2026-05-17,33,1,0.1,99.0
PR-001938,Montreal Factory Y,2026-05-18,30,1,0.6,95.8
PR-001939,Montreal Factory Y,2026-05-19,34,1,0.2,99.0
PR-001940,Montreal Factory Y,2026-05-21,32,1,1.1,95.5
PR-001941,Montreal Factory Y,2026-05-22,39,1,0.1,98.4
PR-001942,Montreal Factory Y,2026-05-23,26,1,0.1,99.0
PR-001943,Montreal Factory Y,2026-05-24,31,1,0.2,94.2
PR-001944,Montreal Factory Y,2026-05-28,34,1,1.7,95.2
PR-001945,Montreal Factory Y,2026-05-29,28,1,0.1,99.0
PR-001946,Montreal Factory Y,2026-05-30,33,1,2.1,89.1
PR-001947,Montreal Factory Y,2026-06-02,29,1,0.7,92.7
PR-001948,Montreal Factory Y,2026-06-03,26,1,0.2,99.0
PR-001949,Montreal Factory Y,2026-06-04,26,1,0.1,94.5
PR-001950,Montreal Factory Y,2026-06-05,32,1,0.6,96.3
PR-001951,Montreal Factory Y,2026-06-07,30,1,0.3,96.6
PR-001952,Montreal Factory Y,2026-06-08,31,1,1.1,95.2
PR-001953,Montreal Factory Y,2026-06-09,35,1,1.2,94.6
PR-001954,Montreal Factory Y,2026-06-10,33,1,0.2,99.0
PR-001955,Montreal Factory Y,2026-06-11,28,1,2.1,91.6
PR-001956,Montreal Factory Y,2026-06-12,26,1,0.7,91.5
PR-001957,Montreal Factory Y,2026-06-13,35,1,0.1,99.0
PR-001958,Montreal Factory Y,2026-06-14,32,1,0.7,97.4
PR-001959,Montreal Factory Y,2026-06-15,21,1,0.1,92.3
PR-001960,Montreal Factory Y,2026-06-16,37,1,0.1,97.2
PR-001961,Montreal Factory Y,2026-06-18,22,1,0.2,94.5
PR-001962,Montreal Factory Y,2026-06-19,33,1,1.4,92.7
PR-001963,Montreal Factory Y,2026-06-20,32,1,0.3,90.8
PR-001964,Montreal Factory Y,2026-06-22,28,1,0.2,94.8
PR-001965,Montreal Factory Y,2026-06-23,29,1,0.5,96.7
PR-001966,Montreal Factory Y,2026-06-24,34,1,0.5,95.3
PR-001967,Montreal Factory Y,2026-06-26,20,1,0.1,99.0
PR-001968,Montreal Factory Y,2026-06-27,37,1,1.3,90.6
PR-001969,Montreal Factory Y,2026-06-29,33,1,0.4,93.6
PR-001970,Montreal Factory Y,2026-06-30,32,1,1.1,91.7
PR-001971,Montreal Factory Y,2026-07-01,24,1,0.1,93.2
PR-001972,Montreal Factory Y,2026-07-02,25,1,1.7,98.1
PR-001973,Montreal Factory Y,2026-07-03,30,1,0.1,92.5
PR-001974,Montreal Factory Y,2026-07-04,29,1,0.4,99.0
PR-001975,Montreal Factory Y,2026-07-06,34,1,0.2,96.2
PR-001976,Montreal Factory Y,2026-07-07,30,1,0.8,93.9
PR-001977,Montreal Factory Y,2026-07-08,29,1,0.1,99.0
PR-001978,Montreal Factory Y,2026-07-09,36,1,0.2,99.0
PR-001979,Montreal Factory Y,2026-07-11,35,1,1.0,95.4
PR-001980,Montreal Factory Y,2026-07-12,29,1,0.2,87.8
PR-001981,Montreal Factory Y,2026-07-13,28,1,0.3,96.4
PR-001982,Montreal Factory Y,2026-07-15,33,1,0.1,99.0
PR-001983,Montreal Factory Y,2026-07-16,29,1,0.7,89.7
PR-001984,Montreal Factory Y,2026-07-17,28,1,0.4,99.0
PR-001985,Montreal Factory Y,2026-07-18,30,1,0.4,99.0
PR-001986,Montreal Factory Y,2026-07-19,32,1,0.6,91.8
PR-001987,Montreal Factory Y,2026-07-21,37,1,0.2,93.6
PR-001988,Montreal Factory Y,2026-07-22,18,1,0.6,98.7
PR-001989,Montreal Factory Y,2026-07-23,40,1,0.1,97.8
PR-001990,Montreal Factory Y,2026-07-24,38,1,0.4,99.0
PR-001991,Montreal Factory Y,2026-07-25,32,1,2.0,91.0
PR-001992,Montreal Factory Y,2026-07-26,35,1,1.8,90.0
PR-001993,Montreal Factory Y,2026-07-28,34,1,0.2,99.0
PR-001994,Montreal Factory Y,2026-07-29,25,1,0.7,98.0
PR-001995,Montreal Factory Y,2026-07-30,29,1,1.0,89.9
PR-001996,Montreal Factory Y,2026-07-31,29,1,0.2,94.9
PR-001997,Montreal Factory Y,2026-08-01,32,1,0.1,92.5
PR-001998,Montreal Factory Y,2026-08-02,24,1,0.5,92.9
PR-001999,Montreal Factory Y,2026-08-03,33,1,1.4,97.7
PR-002000,Munich Factory C,2026-03-29,40,1,0.9,92.6
PR-002001,Munich Factory C,2026-03-30,40,1,0.1,98.9
PR-002002,Munich Factory C,2026-03-31,41,1,1.7,91.5
PR-002003,Munich Factory C,2026-04-01,36,1,0.5,99.0
PR-002004,Munich Factory C,2026-04-02,35,1,0.1,98.8
PR-002005,Munich Factory C,2026-04-04,47,1,0.7,94.8
PR-002006,Munich Factory C,2026-04-05,36,1,0.4,90.7
PR-002007,Munich Factory C,2026-04-06,32,1,3.9,85.1
PR-002008,Munich Factory C,2026-04-07,31,1,1.1,97.5
PR-002009,Munich Factory C,2026-04-08,48,1,1.0,98.9
PR-002010,Munich Factory C,2026-04-09,40,1,1.4,89.6
PR-002011,Munich Factory C,2026-04-13,36,1,0.7,94.8
PR-002012,Munich Factory C,2026-04-14,52,1,1.8,91.4
PR-002013,Munich Factory C,2026-04-15,39,1,0.3,94.8
PR-002014,Munich Factory C,2026-04-17,45,1,1.8,87.0
PR-002015,Munich Factory C,2026-04-18,50,1,0.1,99.0
PR-002016,Munich Factory C,2026-04-19,37,1,0.2,95.7
PR-002017,Munich Factory C,2026-04-20,39,1,0.2,99.0
PR-002018,Munich Factory C,2026-04-21,39,1,0.2,94.9
PR-002019,Munich Factory C,2026-04-23,43,1,0.4,94.7
PR-002020,Munich Factory C,2026-04-24,32,1,0.5,93.0
PR-002021,Munich Factory C,2026-04-26,41,1,0.5,95.2
PR-002022,Munich Factory C,2026-04-27,49,1,0.6,94.7
PR-002023,Munich Factory C,2026-04-28,39,1,0.4,95.5
PR-002024,Munich Factory C,2026-04-29,45,1,1.0,96.0
PR-002025,Munich Factory C,2026-05-01,36,1,0.5,98.5
PR-002026,Munich Factory C,2026-05-03,45,1,0.3,99.0
PR-002027,Munich Factory C,2026-05-04,37,1,0.1,99.0
PR-002028,Munich Factory C,2026-05-05,51,1,0.5,91.2
PR-002029,Munich Factory C,2026-05-06,43,1,0.7,83.0
PR-002030,Munich Factory C,2026-05-07,32,1,1.0,89.9
PR-002031,Munich Factory C,2026-05-08,39,1,0.2,96.1
PR-002032,Munich Factory C,2026-05-09,36,1,1.6,93.3
PR-002033,Munich Factory C,2026-05-10,36,1,0.7,99.0
PR-002034,Munich Factory C,2026-05-11,32,1,0.2,93.9
PR-002035,Munich Factory C,2026-05-12,52,1,0.6,93.3
PR-002036,Munich Factory C,2026-05-13,36,1,0.1,99.0
PR-002037,Munich Factory C,2026-05-14,42,1,0.1,91.6
PR-002038,Munich Factory C,2026-05-16,33,1,2.9,93.2
PR-002039,Munich Factory C,2026-05-17,42,1,0.2,94.6
PR-002040,Munich Factory C,2026-05-18,29,1,3.4,87.9
PR-002041,Munich Factory C,2026-05-19,43,1,0.3,95.2
PR-002042,Munich Factory C,2026-05-20,37,1,1.0,95.0
PR-002043,Munich Factory C,2026-05-22,44,1,0.1,93.2
PR-002044,Munich Factory C,2026-05-23,32,1,0.2,99.0
PR-002045,Munich Factory C,2026-05-25,49,1,0.2,93.6
PR-002046,Munich Factory C,2026-05-26,55,1,0.2,95.7
PR-002047,Munich Factory C,2026-05-27,39,1,1.1,84.6
PR-002048,Munich Factory C,2026-05-28,43,1,2.9,91.5
PR-002049,Munich Factory C,2026-05-29,48,1,0.1,95.9
PR-002050,Munich Factory C,2026-05-30,40,1,0.1,92.2
PR-002051,Munich Factory C,2026-05-31,34,1,0.1,91.4
PR-002052,Munich Factory C,2026-06-02,37,1,1.1,98.0
PR-002053,Munich Factory C,2026-06-04,39,1,0.9,93.1
PR-002054,Munich Factory C,2026-06-05,45,1,0.1,88.8
PR-002055,Munich Factory C,2026-06-06,42,1,0.2,99.0
PR-002056,Munich Factory C,2026-06-07,39,1,0.5,91.9
PR-002057,Munich Factory C,2026-06-12,50,1,0.3,97.7
PR-002058,Munich Factory C,2026-06-13,42,1,0.1,99.0
PR-002059,Munich Factory C,2026-06-14,37,1,2.0,90.1
PR-002060,Munich Factory C,2026-06-15,49,1,0.7,91.8
PR-002061,Munich Factory C,2026-06-16,56,1,0.6,95.3
PR-002062,Munich Factory C,2026-06-18,50,1,0.3,96.6
PR-002063,Munich Factory C,2026-06-19,43,1,0.1,92.8
PR-002064,Munich Factory C,2026-06-20,34,1,0.1,98.7
PR-002065,Munich Factory C,2026-06-21,35,1,0.7,96.0
PR-002066,Munich Factory C,2026-06-22,37,1,1.0,98.6
PR-002067,Munich Factory C,2026-06-23,49,1,0.1,99.0
PR-002068,Munich Factory C,2026-06-24,41,1,0.4,92.6
PR-002069,Munich Factory C,2026-06-25,40,1,0.3,92.6
PR-002070,Munich Factory C,2026-06-26,37,1,0.2,97.5
PR-002071,Munich Factory C,2026-06-27,45,1,0.3,97.6
PR-002072,Munich Factory C,2026-06-28,38,1,0.2,97.7
PR-002073,Munich Factory C,2026-06-29,46,1,0.1,96.0
PR-002074,Munich Factory C,2026-06-30,44,1,0.7,96.1
PR-002075,Munich Factory C,2026-07-01,33,1,0.3,99.0
PR-002076,Munich Factory C,2026-07-03,45,1,0.7,97.1
PR-002077,Munich Factory C,2026-07-04,34,1,0.1,97.0
PR-002078,Munich Factory C,2026-07-05,38,1,0.1,98.1
PR-002079,Munich Factory C,2026-07-06,36,1,1.2,94.9
PR-002080,Munich Factory C,2026-07-07,48,1,1.5,94.8
PR-002081,Munich Factory C,2026-07-08,46,1,0.6,88.6
PR-002082,Munich Factory C,2026-07-09,40,2,0.1,91.2
PR-002083,Munich Factory C,2026-07-10,33,1,0.1,94.6
PR-002084,Munich Factory C,2026-07-12,36,1,0.6,89.5
PR-002085,Munich Factory C,2026-07-14,37,1,0.1,98.8
PR-002086,Munich Factory C,2026-07-16,47,1,0.3,98.2
PR-002087,Munich Factory C,2026-07-17,44,1,0.7,89.3
PR-002088,Munich Factory C,2026-07-19,34,1,0.9,90.6
PR-002089,Munich Factory C,2026-07-20,44,1,0.5,95.1
PR-002090,Munich Factory C,2026-07-21,46,1,0.7,96.3
PR-002091,Munich Factory C,2026-07-22,39,1,0.4,88.1
PR-002092,Munich Factory C,2026-07-25,31,1,0.2,95.7
PR-002093,Munich Factory C,2026-07-26,39,1,1.1,91.5
PR-002094,Munich Factory C,2026-07-27,37,1,0.1,99.0
PR-002095,Munich Factory C,2026-07-29,50,1,1.6,92.5
PR-002096,Munich Factory C,2026-07-30,39,1,0.4,93.9
PR-002097,Munich Factory C,2026-07-31,48,1,0.1,99.0
PR-002098,Munich Factory C,2026-08-01,44,1,0.6,89.7
PR-002099,Munich Factory C,2026-08-02,36,1,1.0,99.0
PR-002100,Munich Factory C,2026-08-03,37,1,0.5,91.0
PR-002101,Oaxaca Factory Z,2026-03-27,43,1,0.1,94.2
PR-002102,Oaxaca Factory Z,2026-03-28,33,1,0.1,99.0
PR-002103,Oaxaca Factory Z,2026-03-30,35,1,0.4,99.0
PR-002104,Oaxaca Factory Z,2026-03-31,42,1,1.5,85.1
PR-002105,Oaxaca Factory Z,2026-04-01,40,1,0.5,96.2
PR-002106,Oaxaca Factory Z,2026-04-03,40,1,0.1,91.9
PR-002107,Oaxaca Factory Z,2026-04-04,37,1,0.5,90.0
PR-002108,Oaxaca Factory Z,2026-04-06,46,1,0.3,94.6
PR-002109,Oaxaca Factory Z,2026-04-07,33,1,0.8,98.5
PR-002110,Oaxaca Factory Z,2026-04-08,38,1,0.5,99.0
PR-002111,Oaxaca Factory Z,2026-04-09,31,1,2.1,91.8
PR-002112,Oaxaca Factory Z,2026-04-10,32,1,0.3,93.1
PR-002113,Oaxaca Factory Z,2026-04-11,48,1,0.1,99.0
PR-002114,Oaxaca Factory Z,2026-04-12,44,1,0.5,94.7
PR-002115,Oaxaca Factory Z,2026-04-14,27,1,0.1,97.7
PR-002116,Oaxaca Factory Z,2026-04-15,45,1,0.1,97.5
PR-002117,Oaxaca Factory Z,2026-04-16,36,1,0.6,92.3
PR-002118,Oaxaca Factory Z,2026-04-17,31,1,0.2,93.5
PR-002119,Oaxaca Factory Z,2026-04-18,37,1,1.2,96.0
PR-002120,Oaxaca Factory Z,2026-04-20,32,1,0.2,88.5
PR-002121,Oaxaca Factory Z,2026-04-21,48,1,0.9,90.5
PR-002122,Oaxaca Factory Z,2026-04-22,37,1,0.6,92.0
PR-002123,Oaxaca Factory Z,2026-04-23,47,1,0.1,87.4
PR-002124,Oaxaca Factory Z,2026-04-24,36,1,0.3,99.0
PR-002125,Oaxaca Factory Z,2026-04-25,40,1,0.8,95.4
PR-002126,Oaxaca Factory Z,2026-04-26,36,1,1.0,89.6
PR-002127,Oaxaca Factory Z,2026-04-27,35,1,0.7,92.7
PR-002128,Oaxaca Factory Z,2026-04-29,44,1,1.2,93.2
PR-002129,Oaxaca Factory Z,2026-04-30,36,1,0.1,99.0
PR-002130,Oaxaca Factory Z,2026-05-02,35,1,0.1,94.4
PR-002131,Oaxaca Factory Z,2026-05-04,48,1,2.0,93.2
PR-002132,Oaxaca Factory Z,2026-05-08,34,1,0.8,93.9
PR-002133,Oaxaca Factory Z,2026-05-09,41,1,0.5,93.7
PR-002134,Oaxaca Factory Z,2026-05-10,33,1,0.5,93.7
PR-002135,Oaxaca Factory Z,2026-05-11,32,1,0.1,89.7
PR-002136,Oaxaca Factory Z,2026-05-12,43,1,0.2,95.0
PR-002137,Oaxaca Factory Z,2026-05-14,37,1,0.1,90.9
PR-002138,Oaxaca Factory Z,2026-05-15,48,1,0.1,99.0
PR-002139,Oaxaca Factory Z,2026-05-17,35,1,0.1,98.1
PR-002140,Oaxaca Factory Z,2026-05-18,35,1,0.5,99.0
PR-002141,Oaxaca Factory Z,2026-05-19,39,1,0.8,92.4
PR-002142,Oaxaca Factory Z,2026-05-20,47,1,0.1,94.4
PR-002143,Oaxaca Factory Z,2026-05-22,31,1,0.3,88.9
PR-002144,Oaxaca Factory Z,2026-05-23,36,1,0.4,89.5
PR-002145,Oaxaca Factory Z,2026-05-24,45,1,0.1,94.2
PR-002146,Oaxaca Factory Z,2026-05-25,38,1,0.9,93.2
PR-002147,Oaxaca Factory Z,2026-05-26,36,1,0.8,91.3
PR-002148,Oaxaca Factory Z,2026-05-27,41,1,0.9,90.4
PR-002149,Oaxaca Factory Z,2026-05-28,37,1,0.6,89.5
PR-002150,Oaxaca Factory Z,2026-05-29,42,1,0.2,99.0
PR-002151,Oaxaca Factory Z,2026-05-30,43,1,0.2,97.8
PR-002152,Oaxaca Factory Z,2026-05-31,45,1,1.8,86.8
PR-002153,Oaxaca Factory Z,2026-06-01,37,1,2.6,84.6
PR-002154,Oaxaca Factory Z,2026-06-03,38,1,1.2,96.2
PR-002155,Oaxaca Factory Z,2026-06-04,40,1,0.6,94.0
PR-002156,Oaxaca Factory Z,2026-06-05,39,1,0.4,99.0
PR-002157,Oaxaca Factory Z,2026-06-06,43,1,2.6,91.9
PR-002158,Oaxaca Factory Z,2026-06-07,32,1,0.2,90.9
PR-002159,Oaxaca Factory Z,2026-06-08,39,1,0.1,95.0
PR-002160,Oaxaca Factory Z,2026-06-10,45,1,1.2,95.6
PR-002161,Oaxaca Factory Z,2026-06-11,39,1,3.0,87.3
PR-002162,Oaxaca Factory Z,2026-06-12,32,1,0.4,89.9
PR-002163,Oaxaca Factory Z,2026-06-13,38,1,1.5,89.9
PR-002164,Oaxaca Factory Z,2026-06-14,40,1,0.1,99.0
PR-002165,Oaxaca Factory Z,2026-06-15,41,1,0.1,91.0
PR-002166,Oaxaca Factory Z,2026-06-18,42,1,1.0,91.7
PR-002167,Oaxaca Factory Z,2026-06-19,34,1,0.1,97.0
PR-002168,Oaxaca Factory Z,2026-06-20,36,1,0.3,99.0
PR-002169,Oaxaca Factory Z,2026-06-21,42,1,0.1,95.9
PR-002170,Oaxaca Factory Z,2026-06-22,36,1,0.4,94.0
PR-002171,Oaxaca Factory Z,2026-06-24,34,1,0.1,96.4
PR-002172,Oaxaca Factory Z,2026-06-25,39,1,0.6,97.6
PR-002173,Oaxaca Factory Z,2026-06-26,39,1,1.9,99.0
PR-002174,Oaxaca Factory Z,2026-06-28,25,1,0.2,97.4
PR-002175,Oaxaca Factory Z,2026-06-29,41,1,1.1,99.0
PR-002176,Oaxaca Factory Z,2026-06-30,32,1,0.2,96.3
PR-002177,Oaxaca Factory Z,2026-07-03,43,1,0.1,98.7
PR-002178,Oaxaca Factory Z,2026-07-04,35,1,0.4,96.7
PR-002179,Oaxaca Factory Z,2026-07-05,36,1,0.5,98.3
PR-002180,Oaxaca Factory Z,2026-07-06,33,1,0.2,94.6
PR-002181,Oaxaca Factory Z,2026-07-07,48,1,1.7,88.0
PR-002182,Oaxaca Factory Z,2026-07-08,34,1,0.3,87.6
PR-002183,Oaxaca Factory Z,2026-07-09,40,1,0.8,92.1
PR-002184,Oaxaca Factory Z,2026-07-10,44,2,0.1,88.7
PR-002185,Oaxaca Factory Z,2026-07-11,51,1,0.8,95.3
PR-002186,Oaxaca Factory Z,2026-07-12,39,1,0.2,93.7
PR-002187,Oaxaca Factory Z,2026-07-13,39,1,0.8,92.2
PR-002188,Oaxaca Factory Z,2026-07-15,33,1,0.5,94.9
PR-002189,Oaxaca Factory Z,2026-07-16,45,1,1.8,92.8
PR-002190,Oaxaca Factory Z,2026-07-19,36,1,0.4,99.0
PR-002191,Oaxaca Factory Z,2026-07-20,36,1,0.1,97.5
PR-002192,Oaxaca Factory Z,2026-07-21,46,1,0.1,96.0
PR-002193,Oaxaca Factory Z,2026-07-22,44,1,0.7,98.5
PR-002194,Oaxaca Factory Z,2026-07-24,43,1,1.8,90.9
PR-002195,Oaxaca Factory Z,2026-07-25,30,1,0.3,95.8
PR-002196,Oaxaca Factory Z,2026-07-26,35,1,0.5,93.6
PR-002197,Oaxaca Factory Z,2026-07-28,48,1,0.9,92.8
PR-002198,Oaxaca Factory Z,2026-07-29,47,1,0.6,95.8
PR-002199,Oaxaca Factory Z,2026-07-30,38,1,0.4,99.0
PR-002200,Oaxaca Factory Z,2026-07-31,40,1,1.4,96.3
PR-002201,Oaxaca Factory Z,2026-08-02,38,1,0.1,94.0
PR-002202,Osaka Factory M,2026-03-27,32,1,0.6,97.1
PR-002203,Osaka Factory M,2026-03-28,36,1,2.4,93.9
PR-002204,Osaka Factory M,2026-03-30,31,1,2.3,92.5
PR-002205,Osaka Factory M,2026-04-01,34,1,0.7,97.8
PR-002206,Osaka Factory M,2026-04-02,42,1,1.8,88.7
PR-002207,Osaka Factory M,2026-04-03,26,1,0.2,95.0
PR-002208,Osaka Factory M,2026-04-04,25,1,0.1,93.2
PR-002209,Osaka Factory M,2026-04-05,34,1,0.1,99.0
PR-002210,Osaka Factory M,2026-04-06,29,1,0.2,94.6
PR-002211,Osaka Factory M,2026-04-07,32,1,1.7,93.1
PR-002212,Osaka Factory M,2026-04-09,35,1,0.1,99.0
PR-002213,Osaka Factory M,2026-04-10,28,1,0.1,99.0
PR-002214,Osaka Factory M,2026-04-11,39,1,0.2,95.8
PR-002215,Osaka Factory M,2026-04-12,29,1,0.1,95.7
PR-002216,Osaka Factory M,2026-04-13,28,1,0.2,93.3
PR-002217,Osaka Factory M,2026-04-14,41,1,0.7,92.5
PR-002218,Osaka Factory M,2026-04-15,39,1,0.6,99.0
PR-002219,Osaka Factory M,2026-04-18,33,1,2.0,95.5
PR-002220,Osaka Factory M,2026-04-19,33,1,0.6,93.7
PR-002221,Osaka Factory M,2026-04-20,33,1,1.6,94.5
PR-002222,Osaka Factory M,2026-04-22,36,1,1.4,94.0
PR-002223,Osaka Factory M,2026-04-24,31,1,0.2,97.5
PR-002224,Osaka Factory M,2026-04-26,27,1,4.0,84.2
PR-002225,Osaka Factory M,2026-04-28,29,1,0.2,99.0
PR-002226,Osaka Factory M,2026-04-29,30,1,0.7,98.7
PR-002227,Osaka Factory M,2026-05-02,30,1,1.1,87.7
PR-002228,Osaka Factory M,2026-05-04,29,1,0.2,94.8
PR-002229,Osaka Factory M,2026-05-05,26,1,0.4,91.3
PR-002230,Osaka Factory M,2026-05-06,40,1,0.3,95.0
PR-002231,Osaka Factory M,2026-05-07,35,1,0.3,98.5
PR-002232,Osaka Factory M,2026-05-08,35,1,0.3,91.3
PR-002233,Osaka Factory M,2026-05-09,34,1,0.2,89.1
PR-002234,Osaka Factory M,2026-05-10,37,1,0.3,97.4
PR-002235,Osaka Factory M,2026-05-11,28,1,0.2,99.0
PR-002236,Osaka Factory M,2026-05-12,38,1,0.1,93.9
PR-002237,Osaka Factory M,2026-05-13,31,1,0.4,99.0
PR-002238,Osaka Factory M,2026-05-15,34,1,0.2,91.8
PR-002239,Osaka Factory M,2026-05-19,31,1,0.1,99.0
PR-002240,Osaka Factory M,2026-05-20,34,1,0.3,93.1
PR-002241,Osaka Factory M,2026-05-21,34,1,1.6,99.0
PR-002242,Osaka Factory M,2026-05-22,32,1,0.5,96.9
PR-002243,Osaka Factory M,2026-05-23,34,1,0.2,92.9
PR-002244,Osaka Factory M,2026-05-24,34,1,0.3,98.5
PR-002245,Osaka Factory M,2026-05-26,30,1,1.2,92.6
PR-002246,Osaka Factory M,2026-05-27,40,1,1.0,90.6
PR-002247,Osaka Factory M,2026-05-28,40,1,0.3,95.1
PR-002248,Osaka Factory M,2026-05-29,37,1,0.1,97.5
PR-002249,Osaka Factory M,2026-05-30,27,1,0.1,93.8
PR-002250,Osaka Factory M,2026-05-31,37,1,0.5,99.0
PR-002251,Osaka Factory M,2026-06-01,32,1,0.8,95.6
PR-002252,Osaka Factory M,2026-06-02,33,1,0.2,91.1
PR-002253,Osaka Factory M,2026-06-03,43,1,0.1,99.0
PR-002254,Osaka Factory M,2026-06-05,27,1,0.4,88.5
PR-002255,Osaka Factory M,2026-06-06,33,1,0.5,99.0
PR-002256,Osaka Factory M,2026-06-07,26,1,0.2,99.0
PR-002257,Osaka Factory M,2026-06-08,34,1,0.1,99.0
PR-002258,Osaka Factory M,2026-06-09,29,1,0.3,97.8
PR-002259,Osaka Factory M,2026-06-10,29,1,0.9,93.5
PR-002260,Osaka Factory M,2026-06-13,36,1,0.2,99.0
PR-002261,Osaka Factory M,2026-06-14,32,1,0.2,95.0
PR-002262,Osaka Factory M,2026-06-15,34,1,1.9,85.5
PR-002263,Osaka Factory M,2026-06-16,36,1,0.5,93.4
PR-002264,Osaka Factory M,2026-06-18,34,1,0.2,97.1
PR-002265,Osaka Factory M,2026-06-20,32,1,0.3,95.2
PR-002266,Osaka Factory M,2026-06-22,28,1,1.0,90.2
PR-002267,Osaka Factory M,2026-06-23,29,1,0.3,98.5
PR-002268,Osaka Factory M,2026-06-24,28,1,0.5,98.7
PR-002269,Osaka Factory M,2026-06-25,33,1,0.5,95.0
PR-002270,Osaka Factory M,2026-06-26,36,1,1.3,99.0
PR-002271,Osaka Factory M,2026-06-27,30,1,0.5,93.6
PR-002272,Osaka Factory M,2026-06-28,31,1,1.7,95.0
PR-002273,Osaka Factory M,2026-06-29,29,1,1.3,99.0
PR-002274,Osaka Factory M,2026-07-01,42,1,0.1,96.0
PR-002275,Osaka Factory M,2026-07-02,23,1,0.5,93.2
PR-002276,Osaka Factory M,2026-07-03,33,1,0.7,89.5
PR-002277,Osaka Factory M,2026-07-04,35,1,0.3,99.0
PR-002278,Osaka Factory M,2026-07-05,32,1,0.2,94.3
PR-002279,Osaka Factory M,2026-07-06,40,1,2.0,92.5
PR-002280,Osaka Factory M,2026-07-07,30,1,2.7,85.8
PR-002281,Osaka Factory M,2026-07-08,30,1,1.0,92.6
PR-002282,Osaka Factory M,2026-07-10,24,1,0.1,99.0
PR-002283,Osaka Factory M,2026-07-11,36,1,0.7,96.7
PR-002284,Osaka Factory M,2026-07-12,32,1,0.1,91.0
PR-002285,Osaka Factory M,2026-07-13,43,1,1.5,90.9
PR-002286,Osaka Factory M,2026-07-14,31,1,0.6,98.2
PR-002287,Osaka Factory M,2026-07-15,37,1,0.1,88.8
PR-002288,Osaka Factory M,2026-07-16,34,1,0.3,98.9
PR-002289,Osaka Factory M,2026-07-17,31,1,0.4,95.2
PR-002290,Osaka Factory M,2026-07-18,33,1,0.4,97.6
PR-002291,Osaka Factory M,2026-07-19,20,1,0.5,95.8
PR-002292,Osaka Factory M,2026-07-21,26,1,0.1,93.9
PR-002293,Osaka Factory M,2026-07-23,28,1,0.4,95.5
PR-002294,Osaka Factory M,2026-07-26,28,1,0.5,94.6
PR-002295,Osaka Factory M,2026-07-28,35,1,0.5,93.6
PR-002296,Osaka Factory M,2026-07-29,42,1,0.1,96.4
PR-002297,Osaka Factory M,2026-07-30,35,1,0.8,92.5
PR-002298,Osaka Factory M,2026-07-31,40,1,0.1,99.0
PR-002299,Osaka Factory M,2026-08-02,36,1,0.4,99.0
PR-002300,Osaka Factory M,2026-08-03,36,1,0.9,94.3
PR-002301,Portland Factory A,2026-03-27,15,1,0.2,99.0
PR-002302,Portland Factory A,2026-03-28,15,1,0.3,91.8
PR-002303,Portland Factory A,2026-03-29,13,1,0.1,95.9
PR-002304,Portland Factory A,2026-03-30,13,1,0.3,96.0
PR-002305,Portland Factory A,2026-03-31,17,1,1.0,99.0
PR-002306,Portland Factory A,2026-04-01,17,1,0.3,99.0
PR-002307,Portland Factory A,2026-04-02,16,1,1.0,93.4
PR-002308,Portland Factory A,2026-04-03,14,1,0.2,95.2
PR-002309,Portland Factory A,2026-04-04,15,1,0.2,99.0
PR-002310,Portland Factory A,2026-04-07,15,1,0.1,99.0
PR-002311,Portland Factory A,2026-04-08,14,1,1.3,97.4
PR-002312,Portland Factory A,2026-04-09,17,1,0.3,94.9
PR-002313,Portland Factory A,2026-04-10,14,1,0.1,96.5
PR-002314,Portland Factory A,2026-04-12,13,1,0.1,96.4
PR-002315,Portland Factory A,2026-04-13,14,1,2.1,86.2
PR-002316,Portland Factory A,2026-04-14,16,1,0.9,93.8
PR-002317,Portland Factory A,2026-04-15,17,1,0.7,89.3
PR-002318,Portland Factory A,2026-04-16,16,1,0.6,91.7
PR-002319,Portland Factory A,2026-04-17,18,1,0.8,96.9
PR-002320,Portland Factory A,2026-04-18,16,1,0.1,96.9
PR-002321,Portland Factory A,2026-04-20,13,1,1.5,87.0
PR-002322,Portland Factory A,2026-04-22,14,1,3.6,89.8
PR-002323,Portland Factory A,2026-04-23,13,1,1.2,98.8
PR-002324,Portland Factory A,2026-04-24,15,1,0.6,99.0
PR-002325,Portland Factory A,2026-04-25,15,1,2.6,85.0
PR-002326,Portland Factory A,2026-04-26,14,1,1.1,87.7
PR-002327,Portland Factory A,2026-04-27,13,1,0.2,98.6
PR-002328,Portland Factory A,2026-04-28,14,1,0.1,99.0
PR-002329,Portland Factory A,2026-04-29,16,1,0.6,97.1
PR-002330,Portland Factory A,2026-04-30,13,1,1.0,99.0
PR-002331,Portland Factory A,2026-05-01,16,1,0.7,93.7
PR-002332,Portland Factory A,2026-05-06,16,1,0.4,98.7
PR-002333,Portland Factory A,2026-05-07,18,1,0.4,96.8
PR-002334,Portland Factory A,2026-05-08,16,1,0.2,91.5
PR-002335,Portland Factory A,2026-05-09,18,1,0.3,95.8
PR-002336,Portland Factory A,2026-05-12,17,1,0.3,91.3
PR-002337,Portland Factory A,2026-05-14,13,1,2.1,99.0
PR-002338,Portland Factory A,2026-05-15,15,1,0.1,98.0
PR-002339,Portland Factory A,2026-05-16,18,1,1.0,96.5
PR-002340,Portland Factory A,2026-05-17,17,1,0.3,93.9
PR-002341,Portland Factory A,2026-05-20,12,1,0.7,84.8
PR-002342,Portland Factory A,2026-05-21,16,1,1.1,90.3
PR-002343,Portland Factory A,2026-05-22,18,1,0.8,92.8
PR-002344,Portland Factory A,2026-05-23,13,1,0.7,99.0
PR-002345,Portland Factory A,2026-05-24,14,1,1.3,93.3
PR-002346,Portland Factory A,2026-05-25,10,1,0.3,91.4
PR-002347,Portland Factory A,2026-05-27,16,1,1.9,94.6
PR-002348,Portland Factory A,2026-05-28,18,1,0.3,94.5
PR-002349,Portland Factory A,2026-05-30,17,1,0.2,95.4
PR-002350,Portland Factory A,2026-06-01,18,1,0.7,97.0
PR-002351,Portland Factory A,2026-06-02,11,1,0.4,95.2
PR-002352,Portland Factory A,2026-06-03,12,1,1.8,88.3
PR-002353,Portland Factory A,2026-06-04,13,1,1.9,91.1
PR-002354,Portland Factory A,2026-06-05,13,1,0.1,99.0
PR-002355,Portland Factory A,2026-06-06,13,1,0.1,92.4
PR-002356,Portland Factory A,2026-06-07,19,1,0.2,98.1
PR-002357,Portland Factory A,2026-06-08,15,1,0.1,99.0
PR-002358,Portland Factory A,2026-06-09,14,1,1.5,93.2
PR-002359,Portland Factory A,2026-06-10,12,1,0.4,98.9
PR-002360,Portland Factory A,2026-06-11,20,1,0.3,90.0
PR-002361,Portland Factory A,2026-06-13,14,1,0.4,96.3
PR-002362,Portland Factory A,2026-06-16,16,1,0.3,96.8
PR-002363,Portland Factory A,2026-06-18,18,1,1.4,92.0
PR-002364,Portland Factory A,2026-06-21,14,1,0.8,92.0
PR-002365,Portland Factory A,2026-06-22,17,1,0.4,99.0
PR-002366,Portland Factory A,2026-06-23,11,1,0.4,92.3
PR-002367,Portland Factory A,2026-06-24,15,1,0.9,98.2
PR-002368,Portland Factory A,2026-06-26,19,1,1.1,94.8
PR-002369,Portland Factory A,2026-06-27,17,1,0.7,99.0
PR-002370,Portland Factory A,2026-06-28,18,1,2.0,90.6
PR-002371,Portland Factory A,2026-06-29,19,1,0.3,99.0
PR-002372,Portland Factory A,2026-06-30,15,1,0.1,98.1
PR-002373,Portland Factory A,2026-07-02,13,1,0.9,93.7
PR-002374,Portland Factory A,2026-07-04,15,1,0.1,99.0
PR-002375,Portland Factory A,2026-07-06,17,1,0.5,94.3
PR-002376,Portland Factory A,2026-07-07,13,1,0.2,96.2
PR-002377,Portland Factory A,2026-07-08,14,1,0.1,99.0
PR-002378,Portland Factory A,2026-07-09,12,1,0.7,94.7
PR-002379,Portland Factory A,2026-07-10,13,1,0.1,99.0
PR-002380,Portland Factory A,2026-07-11,13,1,1.5,93.7
PR-002381,Portland Factory A,2026-07-12,13,1,2.7,87.6
PR-002382,Portland Factory A,2026-07-13,14,1,0.1,99.0
PR-002383,Portland Factory A,2026-07-14,18,1,0.2,95.7
PR-002384,Portland Factory A,2026-07-15,16,1,0.5,99.0
PR-002385,Portland Factory A,2026-07-17,13,1,0.5,99.0
PR-002386,Portland Factory A,2026-07-18,11,1,1.0,99.0
PR-002387,Portland Factory A,2026-07-19,12,1,0.1,99.0
PR-002388,Portland Factory A,2026-07-21,14,1,0.2,93.8
PR-002389,Portland Factory A,2026-07-22,14,1,1.3,92.2
PR-002390,Portland Factory A,2026-07-25,16,1,0.1,96.3
PR-002391,Portland Factory A,2026-07-26,13,1,1.3,92.1
PR-002392,Portland Factory A,2026-07-27,13,1,0.6,90.4
PR-002393,Portland Factory A,2026-07-28,14,1,0.9,96.6
PR-002394,Portland Factory A,2026-07-30,11,1,0.5,95.6
PR-002395,Portland Factory A,2026-07-31,14,1,0.2,89.0
PR-002396,Portland Factory A,2026-08-01,16,1,0.5,91.3
PR-002397,Portland Factory A,2026-08-02,15,1,0.2,91.4
PR-002398,Portland Factory A,2026-08-03,16,1,0.1,96.2
PR-002399,Pune Factory K,2026-03-27,33,1,0.6,99.0
PR-002400,Pune Factory K,2026-03-28,22,1,3.5,90.0
PR-002401,Pune Factory K,2026-03-30,22,1,0.1,99.0
PR-002402,Pune Factory K,2026-03-31,23,1,0.5,97.8
PR-002403,Pune Factory K,2026-04-02,23,1,0.3,97.3
PR-002404,Pune Factory K,2026-04-03,28,1,0.5,91.1
PR-002405,Pune Factory K,2026-04-04,23,1,0.1,97.7
PR-002406,Pune Factory K,2026-04-05,23,1,0.1,97.7
PR-002407,Pune Factory K,2026-04-06,23,1,1.1,91.9
PR-002408,Pune Factory K,2026-04-07,24,1,0.1,97.0
PR-002409,Pune Factory K,2026-04-08,23,1,0.1,99.0
PR-002410,Pune Factory K,2026-04-09,20,1,0.4,99.0
PR-002411,Pune Factory K,2026-04-11,21,1,0.8,96.4
PR-002412,Pune Factory K,2026-04-12,18,1,1.3,94.8
PR-002413,Pune Factory K,2026-04-13,20,1,2.1,88.5
PR-002414,Pune Factory K,2026-04-14,25,1,0.2,91.9
PR-002415,Pune Factory K,2026-04-16,19,1,1.0,99.0
PR-002416,Pune Factory K,2026-04-17,27,1,4.2,85.2
PR-002417,Pune Factory K,2026-04-19,18,1,0.2,98.4
PR-002418,Pune Factory K,2026-04-20,29,1,0.2,88.8
PR-002419,Pune Factory K,2026-04-22,19,1,0.5,99.0
PR-002420,Pune Factory K,2026-04-23,24,1,2.2,90.8
PR-002421,Pune Factory K,2026-04-24,25,1,0.1,99.0
PR-002422,Pune Factory K,2026-04-27,21,1,1.1,94.9
PR-002423,Pune Factory K,2026-04-28,22,1,0.1,99.0
PR-002424,Pune Factory K,2026-04-29,24,1,0.9,92.3
PR-002425,Pune Factory K,2026-04-30,24,1,1.1,92.0
PR-002426,Pune Factory K,2026-05-01,21,1,0.5,91.6
PR-002427,Pune Factory K,2026-05-02,24,1,0.4,98.3
PR-002428,Pune Factory K,2026-05-03,23,1,0.1,92.3
PR-002429,Pune Factory K,2026-05-04,24,1,0.1,91.8
PR-002430,Pune Factory K,2026-05-05,19,1,0.1,92.4
PR-002431,Pune Factory K,2026-05-06,19,1,0.7,94.7
PR-002432,Pune Factory K,2026-05-07,25,1,0.3,95.7
PR-002433,Pune Factory K,2026-05-08,20,1,1.1,98.1
PR-002434,Pune Factory K,2026-05-10,25,1,1.4,94.7
PR-002435,Pune Factory K,2026-05-11,27,1,0.6,94.2
PR-002436,Pune Factory K,2026-05-13,24,1,0.7,87.0
PR-002437,Pune Factory K,2026-05-14,18,1,0.1,96.0
PR-002438,Pune Factory K,2026-05-15,19,1,0.5,99.0
PR-002439,Pune Factory K,2026-05-16,24,1,0.1,96.9
PR-002440,Pune Factory K,2026-05-18,24,1,0.7,91.6
PR-002441,Pune Factory K,2026-05-19,22,1,0.5,93.4
PR-002442,Pune Factory K,2026-05-20,27,1,0.1,96.8
PR-002443,Pune Factory K,2026-05-21,24,1,0.6,94.6
PR-002444,Pune Factory K,2026-05-24,27,1,0.1,99.0
PR-002445,Pune Factory K,2026-05-25,24,1,1.2,93.8
PR-002446,Pune Factory K,2026-05-26,31,1,0.1,93.8
PR-002447,Pune Factory K,2026-05-27,26,1,0.5,90.0
PR-002448,Pune Factory K,2026-05-29,28,1,0.4,99.0
PR-002449,Pune Factory K,2026-05-30,26,1,0.1,92.7
PR-002450,Pune Factory K,2026-05-31,20,1,0.5,99.0
PR-002451,Pune Factory K,2026-06-01,21,1,1.5,94.9
PR-002452,Pune Factory K,2026-06-02,23,1,1.0,96.9
PR-002453,Pune Factory K,2026-06-03,27,1,1.6,88.6
PR-002454,Pune Factory K,2026-06-04,25,1,1.1,93.6
PR-002455,Pune Factory K,2026-06-06,15,1,0.3,97.7
PR-002456,Pune Factory K,2026-06-09,19,1,0.4,99.0
PR-002457,Pune Factory K,2026-06-10,26,1,0.1,99.0
PR-002458,Pune Factory K,2026-06-11,25,1,0.9,85.4
PR-002459,Pune Factory K,2026-06-12,18,1,0.1,92.8
PR-002460,Pune Factory K,2026-06-13,24,1,0.4,99.0
PR-002461,Pune Factory K,2026-06-14,26,1,1.6,97.7
PR-002462,Pune Factory K,2026-06-16,23,1,1.5,90.5
PR-002463,Pune Factory K,2026-06-17,20,1,0.5,89.2
PR-002464,Pune Factory K,2026-06-18,22,1,0.6,91.3
PR-002465,Pune Factory K,2026-06-19,22,1,0.4,94.5
PR-002466,Pune Factory K,2026-06-20,21,1,0.8,95.6
PR-002467,Pune Factory K,2026-06-21,22,1,0.2,89.8
PR-002468,Pune Factory K,2026-06-22,26,1,0.1,92.9
PR-002469,Pune Factory K,2026-06-24,26,1,0.8,88.0
PR-002470,Pune Factory K,2026-06-25,25,1,1.0,92.5
PR-002471,Pune Factory K,2026-06-26,31,1,0.1,99.0
PR-002472,Pune Factory K,2026-06-27,28,1,0.3,94.0
PR-002473,Pune Factory K,2026-06-28,26,1,0.7,93.2
PR-002474,Pune Factory K,2026-06-30,25,1,0.9,84.9
PR-002475,Pune Factory K,2026-07-01,26,1,0.1,92.5
PR-002476,Pune Factory K,2026-07-02,23,1,1.6,85.4
PR-002477,Pune Factory K,2026-07-03,24,1,0.1,93.3
PR-002478,Pune Factory K,2026-07-04,28,1,0.6,91.9
PR-002479,Pune Factory K,2026-07-05,25,1,0.2,90.6
PR-002480,Pune Factory K,2026-07-06,18,1,0.2,89.0
PR-002481,Pune Factory K,2026-07-07,30,1,0.1,92.6
PR-002482,Pune Factory K,2026-07-08,27,1,0.5,94.5
PR-002483,Pune Factory K,2026-07-09,29,1,0.1,99.0
PR-002484,Pune Factory K,2026-07-10,17,1,0.1,98.3
PR-002485,Pune Factory K,2026-07-12,28,1,0.4,94.0
PR-002486,Pune Factory K,2026-07-13,21,1,0.1,99.0
PR-002487,Pune Factory K,2026-07-14,32,1,0.4,99.0
PR-002488,Pune Factory K,2026-07-15,23,1,0.6,90.6
PR-002489,Pune Factory K,2026-07-16,20,1,0.2,96.9
PR-002490,Pune Factory K,2026-07-17,22,1,0.6,99.0
PR-002491,Pune Factory K,2026-07-18,22,1,0.1,99.0
PR-002492,Pune Factory K,2026-07-19,29,1,1.1,91.9
PR-002493,Pune Factory K,2026-07-21,27,1,0.4,99.0
PR-002494,Pune Factory K,2026-07-22,28,1,0.3,96.1
PR-002495,Pune Factory K,2026-07-25,26,1,0.1,92.6
PR-002496,Pune Factory K,2026-07-26,26,1,0.5,89.4
PR-002497,Pune Factory K,2026-07-27,25,1,0.1,95.0
PR-002498,Pune Factory K,2026-07-28,33,1,0.6,92.3
PR-002499,Pune Factory K,2026-07-29,23,1,0.2,95.1
PR-002500,Pune Factory K,2026-07-30,26,1,0.2,99.0
PR-002501,Pune Factory K,2026-07-31,23,1,0.1,99.0
PR-002502,Pune Factory K,2026-08-01,20,1,2.1,89.0
PR-002503,Pune Factory K,2026-08-02,18,1,1.1,96.5
PR-002504,Sao Paulo Factory P,2026-03-27,15,1,0.4,86.8
PR-002505,Sao Paulo Factory P,2026-03-28,34,1,0.3,98.9
PR-002506,Sao Paulo Factory P,2026-03-29,23,1,0.1,96.2
PR-002507,Sao Paulo Factory P,2026-03-30,23,1,0.4,99.0
PR-002508,Sao Paulo Factory P,2026-03-31,25,1,1.8,96.1
PR-002509,Sao Paulo Factory P,2026-04-01,23,1,0.1,98.5
PR-002510,Sao Paulo Factory P,2026-04-02,30,1,0.7,89.6
PR-002511,Sao Paulo Factory P,2026-04-03,21,1,1.5,97.7
PR-002512,Sao Paulo Factory P,2026-04-04,23,1,0.1,92.3
PR-002513,Sao Paulo Factory P,2026-04-07,26,1,1.2,91.1
PR-002514,Sao Paulo Factory P,2026-04-08,19,1,1.3,95.1
PR-002515,Sao Paulo Factory P,2026-04-09,21,1,0.2,99.0
PR-002516,Sao Paulo Factory P,2026-04-10,28,1,0.4,95.3
PR-002517,Sao Paulo Factory P,2026-04-11,23,1,0.6,96.8
PR-002518,Sao Paulo Factory P,2026-04-12,33,1,1.4,91.4
PR-002519,Sao Paulo Factory P,2026-04-14,26,1,0.3,93.5
PR-002520,Sao Paulo Factory P,2026-04-15,23,1,0.1,99.0
PR-002521,Sao Paulo Factory P,2026-04-16,24,1,1.2,98.8
PR-002522,Sao Paulo Factory P,2026-04-18,23,1,0.5,92.0
PR-002523,Sao Paulo Factory P,2026-04-19,24,1,0.1,88.0
PR-002524,Sao Paulo Factory P,2026-04-20,22,1,0.4,97.9
PR-002525,Sao Paulo Factory P,2026-04-21,25,1,0.6,94.0
PR-002526,Sao Paulo Factory P,2026-04-22,30,1,0.2,93.3
PR-002527,Sao Paulo Factory P,2026-04-23,30,1,0.9,95.1
PR-002528,Sao Paulo Factory P,2026-04-24,25,1,0.8,93.1
PR-002529,Sao Paulo Factory P,2026-04-25,27,1,0.8,91.8
PR-002530,Sao Paulo Factory P,2026-04-28,29,1,1.4,86.4
PR-002531,Sao Paulo Factory P,2026-04-30,24,1,0.1,93.1
PR-002532,Sao Paulo Factory P,2026-05-02,27,1,0.3,99.0
PR-002533,Sao Paulo Factory P,2026-05-04,26,1,0.4,99.0
PR-002534,Sao Paulo Factory P,2026-05-05,28,1,0.1,99.0
PR-002535,Sao Paulo Factory P,2026-05-06,23,1,0.5,89.7
PR-002536,Sao Paulo Factory P,2026-05-08,31,1,1.2,88.8
PR-002537,Sao Paulo Factory P,2026-05-09,24,1,0.3,97.9
PR-002538,Sao Paulo Factory P,2026-05-10,22,1,1.5,92.0
PR-002539,Sao Paulo Factory P,2026-05-12,20,1,1.2,95.2
PR-002540,Sao Paulo Factory P,2026-05-14,28,1,1.6,92.8
PR-002541,Sao Paulo Factory P,2026-05-15,20,1,0.1,99.0
PR-002542,Sao Paulo Factory P,2026-05-17,26,1,0.1,90.9
PR-002543,Sao Paulo Factory P,2026-05-18,23,1,0.4,98.3
PR-002544,Sao Paulo Factory P,2026-05-21,29,1,0.4,96.6
PR-002545,Sao Paulo Factory P,2026-05-22,26,1,0.3,98.3
PR-002546,Sao Paulo Factory P,2026-05-24,20,1,1.8,95.6
PR-002547,Sao Paulo Factory P,2026-05-25,24,1,0.4,95.5
PR-002548,Sao Paulo Factory P,2026-05-26,19,1,0.2,99.0
PR-002549,Sao Paulo Factory P,2026-05-27,17,1,0.8,97.6
PR-002550,Sao Paulo Factory P,2026-05-28,24,1,0.1,99.0
PR-002551,Sao Paulo Factory P,2026-05-30,23,1,0.3,93.0
PR-002552,Sao Paulo Factory P,2026-05-31,24,1,0.1,94.2
PR-002553,Sao Paulo Factory P,2026-06-01,25,1,0.5,94.1
PR-002554,Sao Paulo Factory P,2026-06-03,26,1,0.2,96.9
PR-002555,Sao Paulo Factory P,2026-06-05,25,1,0.1,97.2
PR-002556,Sao Paulo Factory P,2026-06-06,21,1,0.1,93.1
PR-002557,Sao Paulo Factory P,2026-06-08,23,1,0.1,99.0
PR-002558,Sao Paulo Factory P,2026-06-10,21,1,1.8,88.8
PR-002559,Sao Paulo Factory P,2026-06-11,29,1,0.2,90.9
PR-002560,Sao Paulo Factory P,2026-06-12,20,1,0.2,96.4
PR-002561,Sao Paulo Factory P,2026-06-14,16,1,0.5,99.0
PR-002562,Sao Paulo Factory P,2026-06-15,21,1,2.3,90.2
PR-002563,Sao Paulo Factory P,2026-06-16,21,1,0.9,87.8
PR-002564,Sao Paulo Factory P,2026-06-17,23,1,0.1,97.0
PR-002565,Sao Paulo Factory P,2026-06-18,22,1,0.8,95.2
PR-002566,Sao Paulo Factory P,2026-06-19,26,1,0.8,89.7
PR-002567,Sao Paulo Factory P,2026-06-22,25,1,0.3,93.0
PR-002568,Sao Paulo Factory P,2026-06-23,25,1,0.8,95.3
PR-002569,Sao Paulo Factory P,2026-06-24,23,1,0.2,96.9
PR-002570,Sao Paulo Factory P,2026-06-25,24,1,1.3,86.2
PR-002571,Sao Paulo Factory P,2026-06-27,26,1,0.2,96.3
PR-002572,Sao Paulo Factory P,2026-06-29,29,1,1.0,91.7
PR-002573,Sao Paulo Factory P,2026-07-02,28,1,1.0,99.0
PR-002574,Sao Paulo Factory P,2026-07-03,25,1,1.2,96.1
PR-002575,Sao Paulo Factory P,2026-07-04,27,1,0.1,91.0
PR-002576,Sao Paulo Factory P,2026-07-05,23,1,0.8,98.3
PR-002577,Sao Paulo Factory P,2026-07-07,28,1,0.3,91.7
PR-002578,Sao Paulo Factory P,2026-07-08,24,1,0.6,91.0
PR-002579,Sao Paulo Factory P,2026-07-09,22,1,0.2,90.0
PR-002580,Sao Paulo Factory P,2026-07-10,21,1,0.9,95.1
PR-002581,Sao Paulo Factory P,2026-07-11,22,1,0.4,99.0
PR-002582,Sao Paulo Factory P,2026-07-12,23,1,0.2,87.8
PR-002583,Sao Paulo Factory P,2026-07-13,26,1,0.5,96.7
PR-002584,Sao Paulo Factory P,2026-07-15,21,1,0.1,92.5
PR-002585,Sao Paulo Factory P,2026-07-16,23,1,0.9,93.6
PR-002586,Sao Paulo Factory P,2026-07-17,26,1,0.1,94.5
PR-002587,Sao Paulo Factory P,2026-07-18,29,1,1.5,95.9
PR-002588,Sao Paulo Factory P,2026-07-19,28,1,0.1,95.7
PR-002589,Sao Paulo Factory P,2026-07-21,25,1,0.6,99.0
PR-002590,Sao Paulo Factory P,2026-07-22,26,1,0.6,94.9
PR-002591,Sao Paulo Factory P,2026-07-23,24,1,0.6,95.7
PR-002592,Sao Paulo Factory P,2026-07-25,28,1,1.0,88.7
PR-002593,Sao Paulo Factory P,2026-07-26,20,1,0.1,99.0
PR-002594,Sao Paulo Factory P,2026-07-27,22,1,0.2,93.5
PR-002595,Sao Paulo Factory P,2026-07-29,28,1,0.5,99.0
PR-002596,Sao Paulo Factory P,2026-07-31,20,1,0.8,94.4
PR-002597,Sao Paulo Factory P,2026-08-01,22,1,0.1,95.2
PR-002598,Sao Paulo Factory P,2026-08-03,23,1,0.1,94.3
PR-002599,Shanghai Factory L,2026-03-27,14,1,1.0,94.2
PR-002600,Shanghai Factory L,2026-03-28,12,1,0.1,93.8
PR-002601,Shanghai Factory L,2026-03-31,15,1,0.3,97.1
PR-002602,Shanghai Factory L,2026-04-01,12,1,0.5,98.8
PR-002603,Shanghai Factory L,2026-04-02,15,1,0.1,96.9
PR-002604,Shanghai Factory L,2026-04-03,14,1,0.1,94.5
PR-002605,Shanghai Factory L,2026-04-04,20,1,0.8,99.0
PR-002606,Shanghai Factory L,2026-04-05,20,1,0.1,96.3
PR-002607,Shanghai Factory L,2026-04-06,17,1,0.7,99.0
PR-002608,Shanghai Factory L,2026-04-08,18,1,0.1,95.2
PR-002609,Shanghai Factory L,2026-04-09,13,1,0.3,97.5
PR-002610,Shanghai Factory L,2026-04-10,15,1,0.6,96.7
PR-002611,Shanghai Factory L,2026-04-11,13,1,1.5,87.0
PR-002612,Shanghai Factory L,2026-04-12,16,1,0.1,90.2
PR-002613,Shanghai Factory L,2026-04-13,13,1,0.7,96.8
PR-002614,Shanghai Factory L,2026-04-14,20,1,0.6,89.5
PR-002615,Shanghai Factory L,2026-04-16,15,1,1.1,97.1
PR-002616,Shanghai Factory L,2026-04-17,17,1,0.1,99.0
PR-002617,Shanghai Factory L,2026-04-18,15,1,0.1,97.1
PR-002618,Shanghai Factory L,2026-04-19,17,1,0.1,99.0
PR-002619,Shanghai Factory L,2026-04-20,16,1,0.6,95.2
PR-002620,Shanghai Factory L,2026-04-21,20,1,0.1,95.0
PR-002621,Shanghai Factory L,2026-04-22,14,1,0.1,96.3
PR-002622,Shanghai Factory L,2026-04-23,16,1,0.1,98.6
PR-002623,Shanghai Factory L,2026-04-24,18,1,0.5,90.6
PR-002624,Shanghai Factory L,2026-04-25,19,1,0.2,96.3
PR-002625,Shanghai Factory L,2026-04-26,10,1,0.7,95.8
PR-002626,Shanghai Factory L,2026-04-27,14,1,0.6,99.0
PR-002627,Shanghai Factory L,2026-04-28,15,1,2.2,87.8
PR-002628,Shanghai Factory L,2026-04-29,15,1,0.5,94.5
PR-002629,Shanghai Factory L,2026-05-01,16,1,1.1,91.9
PR-002630,Shanghai Factory L,2026-05-02,16,1,0.1,93.2
PR-002631,Shanghai Factory L,2026-05-03,14,1,0.1,99.0
PR-002632,Shanghai Factory L,2026-05-04,20,1,0.8,92.1
PR-002633,Shanghai Factory L,2026-05-05,13,1,0.1,88.4
PR-002634,Shanghai Factory L,2026-05-07,14,1,0.1,93.2
PR-002635,Shanghai Factory L,2026-05-08,12,1,0.5,95.3
PR-002636,Shanghai Factory L,2026-05-09,14,1,0.6,96.2
PR-002637,Shanghai Factory L,2026-05-10,16,1,0.2,99.0
PR-002638,Shanghai Factory L,2026-05-11,16,1,0.3,96.2
PR-002639,Shanghai Factory L,2026-05-12,17,1,0.4,90.0
PR-002640,Shanghai Factory L,2026-05-13,13,1,0.1,99.0
PR-002641,Shanghai Factory L,2026-05-14,15,1,1.9,89.1
PR-002642,Shanghai Factory L,2026-05-15,16,1,0.1,95.0
PR-002643,Shanghai Factory L,2026-05-16,15,1,0.6,99.0
PR-002644,Shanghai Factory L,2026-05-17,15,1,0.3,90.9
PR-002645,Shanghai Factory L,2026-05-18,13,1,0.6,99.0
PR-002646,Shanghai Factory L,2026-05-19,12,1,0.1,99.0
PR-002647,Shanghai Factory L,2026-05-20,12,1,0.2,99.0
PR-002648,Shanghai Factory L,2026-05-21,14,1,0.4,92.6
PR-002649,Shanghai Factory L,2026-05-22,15,1,0.4,94.4
PR-002650,Shanghai Factory L,2026-05-23,18,1,0.1,99.0
PR-002651,Shanghai Factory L,2026-05-28,18,1,1.1,95.8
PR-002652,Shanghai Factory L,2026-05-29,17,1,0.1,97.3
PR-002653,Shanghai Factory L,2026-05-30,15,1,0.3,98.0
PR-002654,Shanghai Factory L,2026-06-01,18,1,0.2,84.8
PR-002655,Shanghai Factory L,2026-06-02,10,1,1.7,99.0
PR-002656,Shanghai Factory L,2026-06-03,17,1,0.7,99.0
PR-002657,Shanghai Factory L,2026-06-04,14,1,0.2,99.0
PR-002658,Shanghai Factory L,2026-06-05,14,1,0.3,93.6
PR-002659,Shanghai Factory L,2026-06-06,15,1,0.1,99.0
PR-002660,Shanghai Factory L,2026-06-07,17,1,0.2,99.0
PR-002661,Shanghai Factory L,2026-06-09,14,1,0.2,97.5
PR-002662,Shanghai Factory L,2026-06-10,14,1,0.4,98.6
PR-002663,Shanghai Factory L,2026-06-11,18,1,0.1,99.0
PR-002664,Shanghai Factory L,2026-06-13,16,1,0.1,95.7
PR-002665,Shanghai Factory L,2026-06-14,13,1,1.1,97.4
PR-002666,Shanghai Factory L,2026-06-15,12,1,0.2,94.4
PR-002667,Shanghai Factory L,2026-06-16,16,1,0.7,98.0
PR-002668,Shanghai Factory L,2026-06-17,16,1,0.1,97.9
PR-002669,Shanghai Factory L,2026-06-18,16,1,1.6,91.6
PR-002670,Shanghai Factory L,2026-06-19,15,1,0.4,96.6
PR-002671,Shanghai Factory L,2026-06-21,16,1,0.2,99.0
PR-002672,Shanghai Factory L,2026-06-23,16,1,0.2,90.9
PR-002673,Shanghai Factory L,2026-06-24,17,1,0.1,99.0
PR-002674,Shanghai Factory L,2026-06-25,12,1,0.4,94.4
PR-002675,Shanghai Factory L,2026-06-27,16,1,0.2,99.0
PR-002676,Shanghai Factory L,2026-06-30,17,1,0.1,89.9
PR-002677,Shanghai Factory L,2026-07-01,20,1,0.3,92.0
PR-002678,Shanghai Factory L,2026-07-03,11,1,0.4,99.0
PR-002679,Shanghai Factory L,2026-07-05,16,1,1.2,97.9
PR-002680,Shanghai Factory L,2026-07-06,17,1,0.5,94.3
PR-002681,Shanghai Factory L,2026-07-07,20,1,1.2,89.3
PR-002682,Shanghai Factory L,2026-07-09,18,1,0.1,93.4
PR-002683,Shanghai Factory L,2026-07-10,16,1,0.8,94.6
PR-002684,Shanghai Factory L,2026-07-11,18,1,0.9,95.8
PR-002685,Shanghai Factory L,2026-07-14,18,1,1.5,88.5
PR-002686,Shanghai Factory L,2026-07-16,8,1,0.1,99.0
PR-002687,Shanghai Factory L,2026-07-17,16,1,0.4,92.8
PR-002688,Shanghai Factory L,2026-07-18,14,1,0.2,97.6
PR-002689,Shanghai Factory L,2026-07-19,15,1,1.5,97.0
PR-002690,Shanghai Factory L,2026-07-20,16,1,0.6,99.0
PR-002691,Shanghai Factory L,2026-07-21,15,1,0.1,97.4
PR-002692,Shanghai Factory L,2026-07-22,17,1,0.3,99.0
PR-002693,Shanghai Factory L,2026-07-23,13,1,0.2,89.2
PR-002694,Shanghai Factory L,2026-07-26,20,1,1.7,99.0
PR-002695,Shanghai Factory L,2026-07-27,12,1,0.3,93.5
PR-002696,Shanghai Factory L,2026-07-28,14,1,0.5,90.1
PR-002697,Shanghai Factory L,2026-07-29,13,1,0.2,99.0
PR-002698,Shanghai Factory L,2026-07-30,17,1,0.2,97.4
PR-002699,Shanghai Factory L,2026-07-31,15,1,0.2,98.9
PR-002700,Shanghai Factory L,2026-08-01,13,1,0.8,93.9
PR-002701,Shanghai Factory L,2026-08-02,16,1,0.2,93.0
PR-002702,Shanghai Factory L,2026-08-03,10,1,0.8,98.3
PR-002703,Toronto Factory B,2026-03-27,22,1,0.1,89.8
PR-002704,Toronto Factory B,2026-03-28,30,1,0.1,97.8
PR-002705,Toronto Factory B,2026-03-30,22,1,1.1,93.7
PR-002706,Toronto Factory B,2026-03-31,23,1,0.8,97.6
PR-002707,Toronto Factory B,2026-04-02,27,1,0.4,91.8
PR-002708,Toronto Factory B,2026-04-03,30,1,1.4,96.5
PR-002709,Toronto Factory B,2026-04-04,20,1,0.1,93.7
PR-002710,Toronto Factory B,2026-04-05,29,1,1.8,92.4
PR-002711,Toronto Factory B,2026-04-06,25,1,0.2,95.8
PR-002712,Toronto Factory B,2026-04-09,17,1,0.6,98.8
PR-002713,Toronto Factory B,2026-04-11,32,1,2.7,85.3
PR-002714,Toronto Factory B,2026-04-12,26,1,1.6,87.8
PR-002715,Toronto Factory B,2026-04-13,29,1,0.1,99.0
PR-002716,Toronto Factory B,2026-04-14,25,1,0.9,87.8
PR-002717,Toronto Factory B,2026-04-15,21,1,0.7,93.9
PR-002718,Toronto Factory B,2026-04-18,22,1,0.9,95.2
PR-002719,Toronto Factory B,2026-04-23,27,1,0.2,93.7
PR-002720,Toronto Factory B,2026-04-24,23,1,0.1,97.1
PR-002721,Toronto Factory B,2026-04-26,25,1,0.1,98.9
PR-002722,Toronto Factory B,2026-04-27,20,1,3.3,85.0
PR-002723,Toronto Factory B,2026-04-28,23,1,0.5,99.0
PR-002724,Toronto Factory B,2026-04-29,28,1,0.1,99.0
PR-002725,Toronto Factory B,2026-04-30,27,1,0.9,93.2
PR-002726,Toronto Factory B,2026-05-01,33,1,0.5,95.2
PR-002727,Toronto Factory B,2026-05-03,29,1,0.3,99.0
PR-002728,Toronto Factory B,2026-05-04,32,1,0.3,97.8
PR-002729,Toronto Factory B,2026-05-05,24,1,0.1,94.1
PR-002730,Toronto Factory B,2026-05-06,32,1,0.3,95.3
PR-002731,Toronto Factory B,2026-05-08,25,1,1.3,92.6
PR-002732,Toronto Factory B,2026-05-09,28,1,0.1,92.6
PR-002733,Toronto Factory B,2026-05-10,23,1,0.1,94.8
PR-002734,Toronto Factory B,2026-05-11,27,1,0.1,96.3
PR-002735,Toronto Factory B,2026-05-12,32,1,0.9,91.5
PR-002736,Toronto Factory B,2026-05-15,31,1,0.1,92.7
PR-002737,Toronto Factory B,2026-05-16,20,1,0.1,99.0
PR-002738,Toronto Factory B,2026-05-17,23,1,0.1,99.0
PR-002739,Toronto Factory B,2026-05-18,26,1,0.1,95.7
PR-002740,Toronto Factory B,2026-05-19,28,1,0.5,96.2
PR-002741,Toronto Factory B,2026-05-20,25,1,0.1,95.7
PR-002742,Toronto Factory B,2026-05-21,29,1,0.1,96.2
PR-002743,Toronto Factory B,2026-05-22,23,1,0.3,92.7
PR-002744,Toronto Factory B,2026-05-23,22,1,2.2,90.0
PR-002745,Toronto Factory B,2026-05-24,25,1,0.1,99.0
PR-002746,Toronto Factory B,2026-05-25,23,1,2.1,83.9
PR-002747,Toronto Factory B,2026-05-26,21,1,1.4,98.3
PR-002748,Toronto Factory B,2026-05-27,25,1,0.5,99.0
PR-002749,Toronto Factory B,2026-05-29,25,1,0.9,96.5
PR-002750,Toronto Factory B,2026-05-30,25,1,0.5,99.0
PR-002751,Toronto Factory B,2026-05-31,28,1,0.1,97.4
PR-002752,Toronto Factory B,2026-06-01,25,1,0.5,94.6
PR-002753,Toronto Factory B,2026-06-02,21,1,0.1,99.0
PR-002754,Toronto Factory B,2026-06-03,26,1,0.6,95.6
PR-002755,Toronto Factory B,2026-06-04,28,1,1.0,94.9
PR-002756,Toronto Factory B,2026-06-05,30,1,0.3,97.7
PR-002757,Toronto Factory B,2026-06-06,30,1,2.4,94.9
PR-002758,Toronto Factory B,2026-06-07,29,1,1.9,97.5
PR-002759,Toronto Factory B,2026-06-08,30,1,0.6,95.0
PR-002760,Toronto Factory B,2026-06-09,25,1,1.1,93.5
PR-002761,Toronto Factory B,2026-06-13,28,1,1.2,90.5
PR-002762,Toronto Factory B,2026-06-14,27,1,0.5,91.6
PR-002763,Toronto Factory B,2026-06-15,24,1,0.7,96.7
PR-002764,Toronto Factory B,2026-06-16,20,1,0.2,90.5
PR-002765,Toronto Factory B,2026-06-17,29,1,0.2,95.2
PR-002766,Toronto Factory B,2026-06-21,26,1,0.5,93.0
PR-002767,Toronto Factory B,2026-06-22,32,1,4.1,82.8
PR-002768,Toronto Factory B,2026-06-23,27,1,0.1,90.2
PR-002769,Toronto Factory B,2026-06-24,29,1,0.7,94.4
PR-002770,Toronto Factory B,2026-06-26,18,1,2.5,91.8
PR-002771,Toronto Factory B,2026-06-27,27,1,1.1,89.4
PR-002772,Toronto Factory B,2026-06-28,27,1,0.4,99.0
PR-002773,Toronto Factory B,2026-06-30,28,1,0.1,96.4
PR-002774,Toronto Factory B,2026-07-01,28,1,0.2,95.9
PR-002775,Toronto Factory B,2026-07-02,32,1,0.7,92.5
PR-002776,Toronto Factory B,2026-07-04,29,1,0.1,94.0
PR-002777,Toronto Factory B,2026-07-05,26,1,0.4,97.0
PR-002778,Toronto Factory B,2026-07-06,31,1,0.6,96.5
PR-002779,Toronto Factory B,2026-07-07,31,1,0.1,95.2
PR-002780,Toronto Factory B,2026-07-11,27,1,0.2,99.0
PR-002781,Toronto Factory B,2026-07-12,35,1,1.0,94.1
PR-002782,Toronto Factory B,2026-07-13,34,1,1.6,90.0
PR-002783,Toronto Factory B,2026-07-14,21,1,0.1,97.1
PR-002784,Toronto Factory B,2026-07-16,30,1,1.2,89.3
PR-002785,Toronto Factory B,2026-07-17,15,1,0.9,94.8
PR-002786,Toronto Factory B,2026-07-18,29,1,0.1,96.4
PR-002787,Toronto Factory B,2026-07-21,23,1,1.4,89.0
PR-002788,Toronto Factory B,2026-07-22,27,1,0.3,90.9
PR-002789,Toronto Factory B,2026-07-23,23,1,1.0,89.8
PR-002790,Toronto Factory B,2026-07-24,28,1,0.1,99.0
PR-002791,Toronto Factory B,2026-07-25,28,1,0.2,96.7
PR-002792,Toronto Factory B,2026-07-26,29,1,0.6,98.1
PR-002793,Toronto Factory B,2026-07-27,29,1,0.7,84.2
PR-002794,Toronto Factory B,2026-07-28,22,1,1.2,91.6
PR-002795,Toronto Factory B,2026-07-29,33,1,0.1,95.8
PR-002796,Toronto Factory B,2026-07-30,26,1,0.4,95.8
PR-002797,Toronto Factory B,2026-08-01,32,1,0.1,94.6
PR-002798,Toronto Factory B,2026-08-02,32,1,0.4,93.4
PR-002799,Toronto Factory B,2026-08-03,27,1,1.0,90.9
PR-002800,Turin Factory J,2026-03-28,36,1,1.0,94.4
PR-002801,Turin Factory J,2026-03-29,32,1,0.1,97.0
PR-002802,Turin Factory J,2026-03-30,34,1,0.3,97.7
PR-002803,Turin Factory J,2026-04-01,31,1,0.1,99.0
PR-002804,Turin Factory J,2026-04-02,34,1,0.5,99.0
PR-002805,Turin Factory J,2026-04-03,23,1,0.1,96.9
PR-002806,Turin Factory J,2026-04-04,36,1,0.3,98.5
PR-002807,Turin Factory J,2026-04-05,34,1,0.1,98.9
PR-002808,Turin Factory J,2026-04-07,32,1,0.9,98.9
PR-002809,Turin Factory J,2026-04-08,29,1,0.4,95.3
PR-002810,Turin Factory J,2026-04-09,30,1,0.4,94.8
PR-002811,Turin Factory J,2026-04-11,33,1,1.3,90.5
PR-002812,Turin Factory J,2026-04-12,41,1,0.3,91.8
PR-002813,Turin Factory J,2026-04-13,40,1,0.1,92.8
PR-002814,Turin Factory J,2026-04-14,32,1,0.8,93.6
PR-002815,Turin Factory J,2026-04-15,34,1,0.1,96.4
PR-002816,Turin Factory J,2026-04-16,41,1,0.3,98.6
PR-002817,Turin Factory J,2026-04-17,37,1,0.2,99.0
PR-002818,Turin Factory J,2026-04-18,48,1,0.2,97.3
PR-002819,Turin Factory J,2026-04-19,35,1,0.2,93.5
PR-002820,Turin Factory J,2026-04-20,31,1,0.6,96.0
PR-002821,Turin Factory J,2026-04-21,34,1,0.5,95.9
PR-002822,Turin Factory J,2026-04-22,34,1,0.2,89.0
PR-002823,Turin Factory J,2026-04-24,38,1,0.3,91.6
PR-002824,Turin Factory J,2026-04-26,32,1,0.3,98.1
PR-002825,Turin Factory J,2026-04-27,23,1,0.7,97.8
PR-002826,Turin Factory J,2026-04-28,31,1,0.6,99.0
PR-002827,Turin Factory J,2026-04-29,28,1,0.1,99.0
PR-002828,Turin Factory J,2026-05-01,34,1,0.4,93.2
PR-002829,Turin Factory J,2026-05-02,30,1,0.1,98.4
PR-002830,Turin Factory J,2026-05-03,23,1,0.9,90.7
PR-002831,Turin Factory J,2026-05-04,31,1,0.6,94.4
PR-002832,Turin Factory J,2026-05-05,39,1,0.7,98.5
PR-002833,Turin Factory J,2026-05-06,26,1,0.2,97.1
PR-002834,Turin Factory J,2026-05-08,24,1,0.4,99.0
PR-002835,Turin Factory J,2026-05-09,33,1,0.1,99.0
PR-002836,Turin Factory J,2026-05-13,40,1,1.6,90.3
PR-002837,Turin Factory J,2026-05-14,36,1,0.3,97.8
PR-002838,Turin Factory J,2026-05-15,36,1,0.1,90.3
PR-002839,Turin Factory J,2026-05-16,33,1,0.1,99.0
PR-002840,Turin Factory J,2026-05-18,38,1,0.1,99.0
PR-002841,Turin Factory J,2026-05-19,41,1,1.3,90.6
PR-002842,Turin Factory J,2026-05-21,38,1,1.2,90.9
PR-002843,Turin Factory J,2026-05-23,39,1,0.4,99.0
PR-002844,Turin Factory J,2026-05-24,41,1,0.9,94.4
PR-002845,Turin Factory J,2026-05-25,32,1,0.8,97.1
PR-002846,Turin Factory J,2026-05-26,39,1,0.3,96.5
PR-002847,Turin Factory J,2026-05-27,29,1,0.2,99.0
PR-002848,Turin Factory J,2026-05-29,30,1,1.3,97.9
PR-002849,Turin Factory J,2026-05-30,28,1,0.1,97.5
PR-002850,Turin Factory J,2026-05-31,39,1,1.2,99.0
PR-002851,Turin Factory J,2026-06-01,28,1,0.1,89.4
PR-002852,Turin Factory J,2026-06-02,37,1,1.1,99.0
PR-002853,Turin Factory J,2026-06-03,38,1,0.4,93.3
PR-002854,Turin Factory J,2026-06-05,28,1,1.5,89.5
PR-002855,Turin Factory J,2026-06-06,37,1,1.4,89.3
PR-002856,Turin Factory J,2026-06-07,35,1,0.8,94.3
PR-002857,Turin Factory J,2026-06-08,35,1,1.0,95.8
PR-002858,Turin Factory J,2026-06-09,35,1,0.7,96.7
PR-002859,Turin Factory J,2026-06-10,23,1,0.2,92.1
PR-002860,Turin Factory J,2026-06-11,28,1,1.0,97.4
PR-002861,Turin Factory J,2026-06-12,41,1,0.4,96.8
PR-002862,Turin Factory J,2026-06-13,31,1,0.2,88.3
PR-002863,Turin Factory J,2026-06-16,37,1,0.4,85.8
PR-002864,Turin Factory J,2026-06-18,27,1,0.9,91.2
PR-002865,Turin Factory J,2026-06-19,41,1,0.1,97.5
PR-002866,Turin Factory J,2026-06-21,35,1,0.7,96.8
PR-002867,Turin Factory J,2026-06-24,35,1,0.1,97.7
PR-002868,Turin Factory J,2026-06-25,36,1,0.1,96.0
PR-002869,Turin Factory J,2026-06-26,30,1,0.6,92.9
PR-002870,Turin Factory J,2026-06-28,37,1,0.1,98.1
PR-002871,Turin Factory J,2026-06-29,36,1,1.0,94.0
PR-002872,Turin Factory J,2026-07-01,26,1,0.2,93.7
PR-002873,Turin Factory J,2026-07-02,33,1,0.7,94.0
PR-002874,Turin Factory J,2026-07-03,35,1,0.5,99.0
PR-002875,Turin Factory J,2026-07-04,33,1,0.4,92.8
PR-002876,Turin Factory J,2026-07-05,34,1,0.8,90.6
PR-002877,Turin Factory J,2026-07-06,38,1,0.4,86.4
PR-002878,Turin Factory J,2026-07-07,35,1,0.3,98.4
PR-002879,Turin Factory J,2026-07-08,31,1,1.0,95.0
PR-002880,Turin Factory J,2026-07-09,37,1,0.8,88.8
PR-002881,Turin Factory J,2026-07-10,34,1,0.2,95.2
PR-002882,Turin Factory J,2026-07-11,32,1,0.1,93.3
PR-002883,Turin Factory J,2026-07-12,27,1,0.1,99.0
PR-002884,Turin Factory J,2026-07-13,44,1,0.2,99.0
PR-002885,Turin Factory J,2026-07-14,40,1,0.1,92.7
PR-002886,Turin Factory J,2026-07-15,43,1,0.1,99.0
PR-002887,Turin Factory J,2026-07-16,35,1,0.1,97.3
PR-002888,Turin Factory J,2026-07-17,33,1,0.1,95.3
PR-002889,Turin Factory J,2026-07-18,41,1,0.6,91.8
PR-002890,Turin Factory J,2026-07-20,38,1,0.7,92.1
PR-002891,Turin Factory J,2026-07-21,38,1,0.4,96.9
PR-002892,Turin Factory J,2026-07-22,32,1,0.3,91.3
PR-002893,Turin Factory J,2026-07-23,28,1,0.2,93.9
PR-002894,Turin Factory J,2026-07-24,39,1,0.1,99.0
PR-002895,Turin Factory J,2026-07-25,36,1,2.5,85.0
PR-002896,Turin Factory J,2026-07-26,41,1,1.8,96.3
PR-002897,Turin Factory J,2026-07-27,34,1,1.6,82.8
PR-002898,Turin Factory J,2026-07-31,33,1,0.4,99.0
PR-002899,Turin Factory J,2026-08-01,32,1,0.8,90.7
PR-002900,Turin Factory J,2026-08-02,29,1,1.0,93.2
PR-002901,Turin Factory J,2026-08-03,40,1,0.2,93.8
PR-002902,Zurich Factory E,2026-03-27,48,1,0.2,99.0
PR-002903,Zurich Factory E,2026-03-28,44,1,0.1,99.0
PR-002904,Zurich Factory E,2026-04-01,41,1,0.2,98.9
PR-002905,Zurich Factory E,2026-04-02,36,1,0.9,97.6
PR-002906,Zurich Factory E,2026-04-03,43,1,0.6,96.9
PR-002907,Zurich Factory E,2026-04-04,43,1,0.1,96.7
PR-002908,Zurich Factory E,2026-04-05,42,1,0.1,99.0
PR-002909,Zurich Factory E,2026-04-06,49,1,0.1,90.0
PR-002910,Zurich Factory E,2026-04-07,50,1,0.4,96.1
PR-002911,Zurich Factory E,2026-04-08,48,1,0.5,98.7
PR-002912,Zurich Factory E,2026-04-10,30,1,0.2,98.1
PR-002913,Zurich Factory E,2026-04-12,21,1,0.2,99.0
PR-002914,Zurich Factory E,2026-04-13,40,1,1.3,94.5
PR-002915,Zurich Factory E,2026-04-14,40,1,0.1,99.0
PR-002916,Zurich Factory E,2026-04-15,45,1,0.6,98.0
PR-002917,Zurich Factory E,2026-04-16,44,1,0.3,97.9
PR-002918,Zurich Factory E,2026-04-19,39,1,0.7,99.0
PR-002919,Zurich Factory E,2026-04-22,36,1,0.4,88.8
PR-002920,Zurich Factory E,2026-04-24,54,2,2.0,87.6
PR-002921,Zurich Factory E,2026-04-25,57,1,2.4,83.9
PR-002922,Zurich Factory E,2026-04-26,45,1,0.2,87.8
PR-002923,Zurich Factory E,2026-04-27,31,1,0.2,99.0
PR-002924,Zurich Factory E,2026-04-28,46,1,0.4,92.2
PR-002925,Zurich Factory E,2026-04-29,50,1,0.1,99.0
PR-002926,Zurich Factory E,2026-04-30,39,1,1.3,90.2
PR-002927,Zurich Factory E,2026-05-03,56,1,0.7,97.0
PR-002928,Zurich Factory E,2026-05-04,47,1,0.7,96.7
PR-002929,Zurich Factory E,2026-05-05,50,1,0.3,99.0
PR-002930,Zurich Factory E,2026-05-06,35,1,0.4,95.5
PR-002931,Zurich Factory E,2026-05-09,37,1,1.3,90.0
PR-002932,Zurich Factory E,2026-05-11,44,1,2.8,87.2
PR-002933,Zurich Factory E,2026-05-12,45,1,0.1,94.3
PR-002934,Zurich Factory E,2026-05-13,40,1,0.4,99.0
PR-002935,Zurich Factory E,2026-05-15,43,1,1.1,87.3
PR-002936,Zurich Factory E,2026-05-16,42,1,0.9,86.2
PR-002937,Zurich Factory E,2026-05-17,35,1,0.5,92.5
PR-002938,Zurich Factory E,2026-05-18,32,1,0.1,97.2
PR-002939,Zurich Factory E,2026-05-19,44,1,0.1,98.8
PR-002940,Zurich Factory E,2026-05-20,45,1,1.0,90.0
PR-002941,Zurich Factory E,2026-05-21,37,1,0.2,94.1
PR-002942,Zurich Factory E,2026-05-22,36,1,1.9,86.3
PR-002943,Zurich Factory E,2026-05-23,43,1,1.2,88.5
PR-002944,Zurich Factory E,2026-05-25,42,1,0.4,92.2
PR-002945,Zurich Factory E,2026-05-26,46,1,0.4,87.8
PR-002946,Zurich Factory E,2026-05-27,25,1,0.1,92.5
PR-002947,Zurich Factory E,2026-05-28,38,1,1.0,95.6
PR-002948,Zurich Factory E,2026-05-29,38,1,1.2,89.5
PR-002949,Zurich Factory E,2026-05-30,41,1,0.1,99.0
PR-002950,Zurich Factory E,2026-05-31,43,1,0.1,99.0
PR-002951,Zurich Factory E,2026-06-01,44,1,0.1,99.0
PR-002952,Zurich Factory E,2026-06-02,38,1,0.5,96.3
PR-002953,Zurich Factory E,2026-06-03,34,1,0.7,97.4
PR-002954,Zurich Factory E,2026-06-04,28,1,0.1,97.8
PR-002955,Zurich Factory E,2026-06-05,34,1,0.4,98.5
PR-002956,Zurich Factory E,2026-06-06,46,1,0.5,91.8
PR-002957,Zurich Factory E,2026-06-07,37,1,0.7,95.3
PR-002958,Zurich Factory E,2026-06-08,40,1,0.1,91.6
PR-002959,Zurich Factory E,2026-06-10,38,1,0.9,96.6
PR-002960,Zurich Factory E,2026-06-11,45,1,1.2,94.9
PR-002961,Zurich Factory E,2026-06-12,33,1,0.2,99.0
PR-002962,Zurich Factory E,2026-06-13,40,1,0.1,99.0
PR-002963,Zurich Factory E,2026-06-14,34,1,0.6,94.9
PR-002964,Zurich Factory E,2026-06-15,45,1,0.9,95.2
PR-002965,Zurich Factory E,2026-06-16,45,1,0.9,91.6
PR-002966,Zurich Factory E,2026-06-19,27,1,1.8,92.6
PR-002967,Zurich Factory E,2026-06-20,34,1,0.8,98.5
PR-002968,Zurich Factory E,2026-06-21,35,1,0.1,94.4
PR-002969,Zurich Factory E,2026-06-22,39,1,0.1,95.7
PR-002970,Zurich Factory E,2026-06-23,46,1,0.2,97.0
PR-002971,Zurich Factory E,2026-06-26,40,1,0.6,93.7
PR-002972,Zurich Factory E,2026-06-27,42,1,0.4,90.8
PR-002973,Zurich Factory E,2026-06-28,44,1,0.1,99.0
PR-002974,Zurich Factory E,2026-07-01,45,1,0.2,99.0
PR-002975,Zurich Factory E,2026-07-03,39,1,0.7,99.0
PR-002976,Zurich Factory E,2026-07-04,50,1,0.2,96.6
PR-002977,Zurich Factory E,2026-07-05,39,1,0.1,95.5
PR-002978,Zurich Factory E,2026-07-06,33,1,0.1,97.9
PR-002979,Zurich Factory E,2026-07-07,33,1,0.3,97.2
PR-002980,Zurich Factory E,2026-07-08,39,1,0.7,89.2
PR-002981,Zurich Factory E,2026-07-10,48,1,0.5,96.7
PR-002982,Zurich Factory E,2026-07-11,43,1,0.6,92.7
PR-002983,Zurich Factory E,2026-07-13,32,1,1.3,86.7
PR-002984,Zurich Factory E,2026-07-14,37,1,0.7,95.5
PR-002985,Zurich Factory E,2026-07-15,57,1,0.1,97.2
PR-002986,Zurich Factory E,2026-07-16,50,1,0.1,93.8
PR-002987,Zurich Factory E,2026-07-18,42,1,0.9,96.6
PR-002988,Zurich Factory E,2026-07-20,26,1,0.2,95.1
PR-002989,Zurich Factory E,2026-07-21,42,1,1.5,89.0
PR-002990,Zurich Factory E,2026-07-22,47,1,0.8,95.2
PR-002991,Zurich Factory E,2026-07-23,44,1,0.1,99.0
PR-002992,Zurich Factory E,2026-07-24,46,1,0.5,99.0
PR-002993,Zurich Factory E,2026-07-26,46,1,0.1,96.9
PR-002994,Zurich Factory E,2026-07-27,62,2,0.4,91.3
PR-002995,Zurich Factory E,2026-07-28,37,1,0.1,86.7
PR-002996,Zurich Factory E,2026-07-29,38,1,0.8,94.9
PR-002997,Zurich Factory E,2026-07-30,40,1,0.1,90.2
PR-002998,Zurich Factory E,2026-07-31,37,1,0.2,98.3
PR-002999,Zurich Factory E,2026-08-01,34,1,0.2,95.2
PR-003000,Zurich Factory E,2026-08-02,32,1,0.1,95.6
