ProductID,ProductName,Brand,Variety,Factory,Country,SupplierName,UnitsProducedMonthly,UnitsSoldMonthly,UnitPrice,RevenueMonthly,ProductionCost,Profit,StockQuantity,QualityScore
CHC-00001,Berry Burst Ruby Chocolate Pralines,Sunset Grove Chocolate,Ruby,Bristol Factory H,United Kingdom,Global Cocoa Partners,2890,2760,4.15,11454.0,4970.8,6483.2,252,80.6
CHC-00002,Raspberry Swirl White Chocolate Coated Nuts,Choco Artisan,White,Portland Factory A,USA,Ghana Bean Collective,7286,6987,3.78,26410.86,16976.38,9434.48,360,97.4
CHC-00003,Confectionery Grade Compound Chocolate Pralines,Golden Bean Co.,Compound,Turin Factory J,Italy,Heritage Almond Growers,2245,1505,2.21,3326.05,2940.95,385.1,888,84.3
CHC-00004,Cranberry Walnut Fruit & Nut Chocolate Pralines,Auric Chocolate,Fruit & Nut,Munich Factory C,Germany,Alpine Dairy Co.,15436,10644,3.65,38850.6,37972.56,878.04,4887,93.5
CHC-00005,Roasted Almond Chocolate Wafer Bar,Auric Chocolate,Almond,Bristol Factory H,United Kingdom,Ivory Cocoa Traders,2729,2549,3.74,9533.26,4775.75,4757.51,466,77.6
CHC-00006,Stevia Sweetened Sugar-Free Chocolate Filled Bar,Highland Cacao,Sugar-Free,Zurich Factory E,Switzerland,Coastal Coconut Co.,2266,2319,5.0,11595.0,6888.64,4706.36,159,92.2
CHC-00007,Almond Crunch Chocolate Pralines,Cocoa Bloom,Almond,Melbourne Factory N,Australia,Global Cocoa Partners,7176,6772,5.1,34537.2,24254.88,10282.32,637,96.9
CHC-00008,Plant-Based Classic Vegan Dark Chocolate Drops,Rainforest Bloom,Vegan Dark,Bern Factory B,Switzerland,Coastal Coconut Co.,3642,3597,6.06,21797.82,12127.86,9669.96,337,86.1
CHC-00009,Confectionery Grade Compound Chocolate Drops,Terra Cacao,Compound,Munich Factory C,Germany,Heritage Almond Growers,3904,2697,1.57,4234.29,3357.44,876.85,1459,95.5
CHC-00010,70% Intense Dark Chocolate Gift Box,Highland Cacao,Dark,Antwerp Factory A,Belgium,Coastal Coconut Co.,2118,1555,3.29,5115.95,4024.2,1091.75,763,90.4
CHC-00011,Biscuit Milk Chocolate Bar,Noir Origins,Milk,Bordeaux Factory D,France,Nordic Milk Co.,1209,1056,2.92,3083.52,2357.55,725.97,238,100.0
CHC-00012,Whole Hazelnut Chocolate Drops,Bean & Bloom,Hazelnut,Amsterdam Factory I,Netherlands,Pacific Sugar Mills,14170,12750,5.87,74842.5,47752.9,27089.6,1510,86.8
CHC-00013,70% Intense Dark Chocolate Wafer Bar,Sunset Grove Chocolate,Dark,Lyon Factory G,France,Continental Sugar Corp,3772,2975,4.13,12286.75,7732.6,4554.15,1088,86.8
CHC-00014,Sea Salt Milk Chocolate Chips (Baking),Cacao Verde,Milk,Lyon Factory G,France,Sunrise Vanilla Farms,1946,1399,2.09,2923.91,2724.4,199.51,757,81.1
CHC-00015,85% Extra Bold Dark Chocolate Filled Bar,Golden Bean Co.,Dark,Osaka Factory M,Japan,Pacific Sugar Mills,5843,5048,5.24,26451.52,12971.46,13480.06,937,87.6
CHC-00016,Classic Milk Chocolate Coated Nuts,Maison Cacao,Milk,Amsterdam Factory I,Netherlands,Meridian Cacao Exchange,3252,3025,2.74,8288.5,4487.76,3800.74,419,93.5
CHC-00017,Coconut Sugar Vegan Dark Chocolate Squares,Pure Bloom Chocolatiers,Vegan Dark,Hershey Falls Factory X,USA,Amazon Cacao Growers,4845,3941,6.35,25025.35,15649.35,9376.0,976,83.1
CHC-00018,Praline Hazelnut Chocolate Pralines,Cacao & Co.,Hazelnut,Dubai Factory W,UAE,Sahara Nut Suppliers,17120,15179,3.3,50090.7,25680.0,24410.7,2161,97.7
CHC-00019,Biscuit Milk Chocolate Gift Box,Ivory & Cocoa,Milk,Lyon Factory G,France,Meridian Cacao Exchange,2684,2949,3.57,10527.93,4884.88,5643.05,10,84.5
CHC-00020,Lemon Zest White Chocolate Chips (Baking),Cacao & Co.,White,Bern Factory B,Switzerland,Meridian Cacao Exchange,4298,3689,4.46,16452.94,8209.18,8243.76,804,90.0
CHC-00021,Espresso Infused Dark Chocolate Wafer Bar,Whisk & Wonder,Dark,Osaka Factory M,Japan,Continental Sugar Corp,2291,2049,6.02,12334.98,6071.15,6263.83,319,97.8
CHC-00022,Classic Milk Chocolate Truffle Box,Whisk & Wonder,Milk,Bern Factory B,Switzerland,Global Cocoa Partners,4494,4659,3.55,16539.45,9437.4,7102.05,95,84.4
CHC-00023,Sea Salt Caramel Chocolate Wafer Bar,Rainforest Bloom,Caramel,Bruges Factory D,Belgium,Nordic Milk Co.,8436,7120,2.88,20505.6,15184.8,5320.8,1365,89.5
CHC-00024,Coconut White Chocolate Truffle Box,Rainforest Bloom,White,Dubai Factory W,UAE,Andes Bean Exporters,2470,1925,4.24,8162.0,5211.7,2950.3,568,86.6
CHC-00025,85% Extra Bold Dark Chocolate Wafer Bar,Cacao Verde,Dark,Guayaquil Factory Q,Ecuador,Sahara Nut Suppliers,7790,6850,3.2,21920.0,13866.2,8053.8,1060,83.1
CHC-00026,Organic Single Origin Chocolate Coated Nuts,Sunset Grove Chocolate,Organic,Jakarta Factory O,Indonesia,EcoPack Solutions,1389,1279,3.77,4821.83,2930.79,1891.04,329,92.3
CHC-00027,Diabetic Friendly Sugar-Free Chocolate Chips (Baking),Sunset Grove Chocolate,Sugar-Free,Dubai Factory W,UAE,Continental Sugar Corp,5664,5437,3.81,20714.97,11951.04,8763.93,274,73.4
CHC-00028,Raspberry Swirl White Chocolate Gift Box,Cacao Nomad,White,Bordeaux Factory D,France,Sunrise Vanilla Farms,3126,2810,2.57,7221.7,4188.84,3032.86,578,81.1
CHC-00029,Praline Hazelnut Chocolate Wafer Bar,Ember & Oak,Hazelnut,Medellin Factory R,Colombia,Nordic Milk Co.,4308,4340,5.14,22307.6,11717.76,10589.84,19,87.5
CHC-00030,Citrus Ruby Chocolate Truffle Box,Velvet Cacao,Ruby,Portland Factory A,USA,Amazon Cacao Growers,4089,3493,7.12,24870.16,15865.32,9004.84,643,90.3
CHC-00031,Almond Crunch Chocolate Filled Bar,Highland Cacao,Almond,Portland Factory A,USA,TerraFair Trade Beans,5106,4710,3.96,18651.6,10875.78,7775.82,558,82.4
CHC-00032,Espresso Infused Dark Chocolate Truffle Box,Blue Ridge Chocolatiers,Dark,Lima Factory S,Peru,Coastal Coconut Co.,2933,2510,5.34,13403.4,9209.62,4193.78,533,79.2
CHC-00033,Single Origin Dark Chocolate Coated Nuts,Whisk & Wonder,Dark,Shanghai Factory L,China,Sahara Nut Suppliers,3379,2772,4.42,12252.24,7264.85,4987.39,641,99.5
CHC-00034,Soft Caramel Core Chocolate Gift Box,Cocoa Bloom,Caramel,Bern Factory B,Switzerland,Ghana Bean Collective,2338,2174,3.93,8543.82,5938.52,2605.3,202,92.4
CHC-00035,Single Origin Dark Chocolate Truffle Box,Blue Ridge Chocolatiers,Dark,Hershey Falls Factory X,USA,Sunrise Vanilla Farms,3481,3829,5.89,22552.81,9642.37,12910.44,10,92.4
CHC-00036,Almond Crunch Chocolate Gift Box,Highland Cacao,Almond,Guayaquil Factory Q,Ecuador,TerraFair Trade Beans,3637,2720,3.1,8432.0,5855.57,2576.43,1008,89.3
CHC-00037,Value Pack Compound Chocolate Gift Box,Velvet Cacao,Compound,Lima Factory S,Peru,Coastal Coconut Co.,3738,3348,2.24,7499.52,4373.46,3126.06,435,96.3
CHC-00038,Espresso Infused Dark Chocolate Wafer Bar,Ember & Oak,Dark,Bruges Factory D,Belgium,Pacific Sugar Mills,4066,2952,5.28,15586.56,11954.04,3632.52,1219,90.6
CHC-00039,Almond Crunch Chocolate Truffle Box,Velvet Cacao,Almond,Antwerp Factory A,Belgium,Nordic Milk Co.,4291,3615,3.53,12760.95,9654.75,3106.2,870,79.2
CHC-00040,Confectionery Grade Compound Chocolate Coated Nuts,Cacao Nomad,Compound,Cologne Factory F,Germany,Amazon Cacao Growers,4058,3512,2.32,8147.84,6249.32,1898.52,809,88.3
CHC-00041,Almond Crunch Chocolate Drops,Golden Bean Co.,Almond,Bristol Factory H,United Kingdom,TerraFair Trade Beans,5433,4346,4.16,18079.36,10811.67,7267.69,1291,95.3
CHC-00042,Gianduja Style Hazelnut Chocolate Filled Bar,Ember & Oak,Hazelnut,Oaxaca Factory Z,Mexico,Sunrise Vanilla Farms,7251,6618,5.58,36928.44,25596.03,11332.41,909,76.9
CHC-00043,Soft Caramel Core Chocolate Coated Nuts,Cacao Nomad,Caramel,Bordeaux Factory D,France,Andes Bean Exporters,5946,5953,2.94,17501.82,11773.08,5728.74,41,84.2
CHC-00044,Raspberry Swirl White Chocolate Chips (Baking),Bean & Bloom,White,Bordeaux Factory D,France,Coastal Coconut Co.,1615,1350,4.17,5629.5,4425.1,1204.4,310,88.8
CHC-00045,Organic Single Origin Chocolate Truffle Box,Northstar Confectionery,Organic,Shanghai Factory L,China,Alpine Dairy Co.,11777,9250,7.02,64935.0,37921.94,27013.06,2621,88.4
CHC-00046,Plant-Based Classic Vegan Dark Chocolate Filled Bar,Ember & Oak,Vegan Dark,Lyon Factory G,France,TerraFair Trade Beans,12361,10256,4.94,50664.64,29913.62,20751.02,2349,84.0
CHC-00047,Espresso Infused Dark Chocolate Bar,Whisk & Wonder,Dark,Abidjan Factory U,Cote d'Ivoire,TerraFair Trade Beans,2804,2532,5.32,13470.24,6925.88,6544.36,442,89.7
CHC-00048,Citrus Ruby Chocolate Filled Bar,Pure Bloom Chocolatiers,Ruby,Jakarta Factory O,Indonesia,Pacific Sugar Mills,2513,1955,6.19,12101.45,7614.39,4487.06,669,90.8
CHC-00049,Cranberry Walnut Fruit & Nut Chocolate Wafer Bar,Amber Cacao Co.,Fruit & Nut,Pune Factory K,India,Nordic Milk Co.,5543,4670,4.77,22275.9,11640.3,10635.6,898,100.0
CHC-00050,Biscuit Milk Chocolate Wafer Bar,Whisk & Wonder,Milk,Sao Paulo Factory P,Brazil,Meridian Cacao Exchange,2393,2292,2.47,5661.24,2728.02,2933.22,234,82.7
CHC-00051,Tropical Mix Fruit & Nut Chocolate Pralines,Whisk & Wonder,Fruit & Nut,Bern Factory B,Switzerland,Pacific Sugar Mills,8054,7252,4.0,29008.0,18765.82,10242.18,1051,88.0
CHC-00052,85% Extra Bold Dark Chocolate Pralines,Velvet Cacao,Dark,Guayaquil Factory Q,Ecuador,Global Cocoa Partners,1504,1592,6.28,9997.76,4466.88,5530.88,119,80.8
CHC-00053,Organic Raw Cacao Chocolate Bar,Cacao & Co.,Organic,Jakarta Factory O,Indonesia,Sahara Nut Suppliers,3110,2885,6.55,18896.75,11942.4,6954.35,267,96.0
CHC-00054,Raisin & Almond Fruit & Nut Chocolate Drops,Highland Cacao,Fruit & Nut,Montreal Factory Y,Canada,Meridian Cacao Exchange,1068,1066,2.92,3112.72,1922.4,1190.32,64,90.9
CHC-00055,Classic Milk Chocolate Drops,Cocoa Bloom,Milk,Hershey Falls Factory X,USA,TerraFair Trade Beans,6802,5212,2.37,12352.44,10543.1,1809.34,1636,92.3
CHC-00056,Honeycomb Milk Chocolate Bar,Copper Kettle Chocolate,Milk,Munich Factory C,Germany,Meridian Cacao Exchange,10460,8387,3.2,26838.4,15899.2,10939.2,2106,91.5
CHC-00057,85% Extra Bold Dark Chocolate Filled Bar,Auric Chocolate,Dark,Pune Factory K,India,EcoPack Solutions,1540,1099,5.56,6110.44,4142.6,1967.84,484,100.0
CHC-00058,Value Pack Compound Chocolate Pralines,Whisk & Wonder,Compound,Hershey Falls Factory X,USA,Amazon Cacao Growers,2824,2097,1.42,2977.74,2400.4,577.34,877,85.9
CHC-00059,Value Pack Compound Chocolate Gift Box,Rainforest Bloom,Compound,Guadalajara Factory C,Mexico,Continental Sugar Corp,12155,9947,1.28,12732.16,7293.0,5439.16,2364,90.1
CHC-00060,Bakers Classic Compound Chocolate Wafer Bar,Noir Origins,Compound,Cape Town Factory V,South Africa,Sunrise Vanilla Farms,4909,4376,1.3,5688.8,3878.11,1810.69,714,92.0
CHC-00061,Espresso Infused Dark Chocolate Coated Nuts,Blue Ridge Chocolatiers,Dark,Montreal Factory Y,Canada,Global Cocoa Partners,7808,5933,3.36,19934.88,14757.12,5177.76,2070,80.7
CHC-00062,Classic Milk Chocolate Drops,Cacao Nomad,Milk,Abidjan Factory U,Cote d'Ivoire,Pacific Sugar Mills,2153,1875,4.2,7875.0,5877.69,1997.31,448,77.3
CHC-00063,Sea Salt Caramel Chocolate Squares,Silk Route Chocolate,Caramel,Turin Factory J,Italy,Nordic Milk Co.,3479,2643,4.32,11417.76,7166.74,4251.02,949,94.0
CHC-00064,Citrus Ruby Chocolate Pralines,Noir Origins,Ruby,Guadalajara Factory C,Mexico,Sahara Nut Suppliers,1397,1210,5.71,6909.1,5071.11,1837.99,400,89.0
CHC-00065,Diabetic Friendly Sugar-Free Chocolate Truffle Box,Terra Cacao,Sugar-Free,Turin Factory J,Italy,Global Cocoa Partners,1333,1010,3.51,3545.1,2172.79,1372.31,403,93.8
CHC-00066,Lemon Zest White Chocolate Pralines,Cacao Verde,White,Lima Factory S,Peru,Pacific Sugar Mills,2179,2129,2.39,5088.31,3290.29,1798.02,196,88.0
CHC-00067,Honeycomb Milk Chocolate Squares,Pure Bloom Chocolatiers,Milk,Amsterdam Factory I,Netherlands,Amazon Cacao Growers,15969,13873,3.36,46613.28,23953.5,22659.78,2273,86.7
CHC-00068,Honeycomb Milk Chocolate Drops,Ember & Oak,Milk,Osaka Factory M,Japan,Sahara Nut Suppliers,1711,1432,3.57,5112.24,3011.36,2100.88,544,86.6
CHC-00069,Sea Salt Milk Chocolate Pralines,Copper Kettle Chocolate,Milk,Montreal Factory Y,Canada,TerraFair Trade Beans,1903,1800,3.7,6660.0,4586.23,2073.77,163,89.7
CHC-00070,70% Intense Dark Chocolate Chips (Baking),Velvet Cacao,Dark,Portland Factory A,USA,Alpine Dairy Co.,6982,6041,3.0,18123.0,10822.1,7300.9,1152,85.8
CHC-00071,85% Extra Bold Dark Chocolate Filled Bar,Sunset Grove Chocolate,Dark,Turin Factory J,Italy,Sunrise Vanilla Farms,33850,27288,4.92,134256.96,88687.0,45569.96,6681,85.5
CHC-00072,Whole Hazelnut Chocolate Chips (Baking),Ivory & Cocoa,Hazelnut,Guadalajara Factory C,Mexico,Ivory Cocoa Traders,3053,2728,3.27,8920.56,6106.0,2814.56,395,97.0
CHC-00073,Classic Milk Chocolate Gift Box,Choco Artisan,Milk,Pune Factory K,India,Andes Bean Exporters,1731,1580,2.98,4708.4,3462.0,1246.4,246,95.6
CHC-00074,85% Extra Bold Dark Chocolate Bar,Choco Artisan,Dark,Accra Factory T,Ghana,TerraFair Trade Beans,7104,6224,4.35,27074.4,13781.76,13292.64,1007,88.1
CHC-00075,Salted Butter Caramel Chocolate Gift Box,Cacao & Co.,Caramel,Cologne Factory F,Germany,Continental Sugar Corp,1543,1262,4.15,5237.3,3363.74,1873.56,426,99.5
CHC-00076,Espresso Infused Dark Chocolate Truffle Box,Noir Origins,Dark,Medellin Factory R,Colombia,Alpine Dairy Co.,4222,4036,4.95,19978.2,12708.22,7269.98,415,84.8
CHC-00077,70% Intense Dark Chocolate Wafer Bar,Bean & Bloom,Dark,Jakarta Factory O,Indonesia,Nordic Milk Co.,1258,1193,5.99,7146.07,3434.34,3711.73,206,94.7
CHC-00078,Tropical Mix Fruit & Nut Chocolate Coated Nuts,Silk Route Chocolate,Fruit & Nut,Guadalajara Factory C,Mexico,Global Cocoa Partners,8377,8571,3.36,28798.56,12733.04,16065.52,10,95.8
CHC-00079,Classic Milk Chocolate Coated Nuts,Wildflower Cacao,Milk,Bordeaux Factory D,France,Sunrise Vanilla Farms,9140,8991,3.9,35064.9,20473.6,14591.3,284,86.6
CHC-00080,Honeycomb Milk Chocolate Bar,Cocoa Bloom,Milk,Sao Paulo Factory P,Brazil,Meridian Cacao Exchange,2331,2143,3.31,7093.33,4801.86,2291.47,245,99.9
CHC-00081,Almond Crunch Chocolate Wafer Bar,Golden Bean Co.,Almond,Zurich Factory E,Switzerland,Heritage Almond Growers,3065,2595,5.36,13909.2,8949.8,4959.4,655,80.6
CHC-00082,Original Ruby Chocolate Coated Nuts,Cocoa Bloom,Ruby,Melbourne Factory N,Australia,Heritage Almond Growers,5814,5097,4.06,20693.82,14360.58,6333.24,767,88.1
CHC-00083,Coconut White Chocolate Coated Nuts,Terra Cacao,White,Montreal Factory Y,Canada,Amazon Cacao Growers,1813,1978,4.04,7991.12,3499.09,4492.03,114,84.6
CHC-00084,Roasted Almond Chocolate Squares,Cocoa Bloom,Almond,Sao Paulo Factory P,Brazil,Alpine Dairy Co.,12598,11543,5.14,59331.02,39431.74,19899.28,1307,98.3
CHC-00085,Classic Milk Chocolate Bar,Cacao Verde,Milk,Sao Paulo Factory P,Brazil,Andes Bean Exporters,14145,12919,3.72,48058.68,22349.1,25709.58,1402,90.8
CHC-00086,85% Extra Bold Dark Chocolate Bar,Amber Cacao Co.,Dark,Antwerp Factory A,Belgium,Ghana Bean Collective,10160,8610,6.19,53295.9,33832.8,19463.1,1693,83.2
CHC-00087,Sea Salt Caramel Chocolate Drops,Pure Bloom Chocolatiers,Caramel,Dubai Factory W,UAE,Ivory Cocoa Traders,9052,7995,3.76,30061.2,19190.24,10870.96,1188,87.4
CHC-00088,Organic Fair-Trade Chocolate Bar,Wildflower Cacao,Organic,Shanghai Factory L,China,Amazon Cacao Growers,7063,7468,4.16,31066.88,19847.03,11219.85,10,83.4
CHC-00089,Marzipan Style Almond Chocolate Drops,Ember & Oak,Almond,Zurich Factory E,Switzerland,Nordic Milk Co.,3942,3476,3.35,11644.6,6346.62,5297.98,601,95.9
CHC-00090,Value Pack Compound Chocolate Coated Nuts,Ember & Oak,Compound,Bern Factory B,Switzerland,Meridian Cacao Exchange,4797,4508,1.86,8384.88,3693.69,4691.19,561,83.0
CHC-00091,Sea Salt Caramel Chocolate Bar,Whisk & Wonder,Caramel,Lima Factory S,Peru,Sahara Nut Suppliers,4110,3791,4.73,17931.43,8137.8,9793.63,570,83.0
CHC-00092,Praline Hazelnut Chocolate Squares,Golden Bean Co.,Hazelnut,Guadalajara Factory C,Mexico,Meridian Cacao Exchange,6047,5304,5.78,30657.12,22494.84,8162.28,816,91.0
CHC-00093,85% Extra Bold Dark Chocolate Truffle Box,Pure Bloom Chocolatiers,Dark,Montreal Factory Y,Canada,Andes Bean Exporters,1135,893,6.33,5652.69,4199.5,1453.19,295,85.0
CHC-00094,Bakers Classic Compound Chocolate Filled Bar,Northstar Confectionery,Compound,Sao Paulo Factory P,Brazil,Coastal Coconut Co.,5549,4898,1.6,7836.8,5049.59,2787.21,750,90.0
CHC-00095,70% Intense Dark Chocolate Truffle Box,Terra Cacao,Dark,Hershey Falls Factory X,USA,Meridian Cacao Exchange,1515,1508,6.05,9123.4,4711.65,4411.75,233,89.2
CHC-00096,Biscuit Milk Chocolate Squares,Whisk & Wonder,Milk,Cologne Factory F,Germany,Andes Bean Exporters,12802,10504,2.48,26049.92,18434.88,7615.04,2331,84.8
CHC-00097,Whole Hazelnut Chocolate Chips (Baking),Noir Origins,Hazelnut,Turin Factory J,Italy,Ghana Bean Collective,7867,6606,5.53,36531.18,22971.64,13559.54,1412,78.0
CHC-00098,Oat Milk Blend Vegan Dark Chocolate Pralines,Highland Cacao,Vegan Dark,Portland Factory A,USA,Andes Bean Exporters,9967,6674,6.8,45383.2,28704.96,16678.24,3488,73.6
CHC-00099,Vanilla Bean White Chocolate Wafer Bar,Bean & Bloom,White,Melbourne Factory N,Australia,Continental Sugar Corp,9535,9236,2.19,20226.84,8772.2,11454.64,352,89.1
CHC-00100,Marzipan Style Almond Chocolate Bar,TruffleWorks,Almond,Bruges Factory D,Belgium,Coastal Coconut Co.,5142,5150,3.03,15604.5,7147.38,8457.12,44,86.0
CHC-00101,Biscuit Milk Chocolate Gift Box,Cacao Verde,Milk,Bruges Factory D,Belgium,Global Cocoa Partners,3794,3219,4.33,13938.27,9750.58,4187.69,656,91.8
CHC-00102,Sea Salt Milk Chocolate Bar,Blue Ridge Chocolatiers,Milk,Bristol Factory H,United Kingdom,Amazon Cacao Growers,2716,2005,3.38,6776.9,4725.84,2051.06,890,89.4
CHC-00103,Almond Crunch Chocolate Squares,Wildflower Cacao,Almond,Cologne Factory F,Germany,Ivory Cocoa Traders,2257,2040,3.86,7874.4,3814.33,4060.07,298,87.6
CHC-00104,Single Origin Dark Chocolate Bar,Cocoa Bloom,Dark,Lyon Factory G,France,Andes Bean Exporters,7761,5335,2.87,15311.45,14978.73,332.72,2677,85.7
CHC-00105,70% Intense Dark Chocolate Chips (Baking),Ember & Oak,Dark,Cape Town Factory V,South Africa,Nordic Milk Co.,7641,6003,4.81,28874.43,22693.77,6180.66,1903,94.0
CHC-00106,Classic Sugar-Free Chocolate Coated Nuts,Sunset Grove Chocolate,Sugar-Free,Guayaquil Factory Q,Ecuador,Ghana Bean Collective,3980,3062,4.75,14544.5,8716.2,5828.3,1074,66.5
CHC-00107,85% Extra Bold Dark Chocolate Coated Nuts,Cacao & Co.,Dark,Guadalajara Factory C,Mexico,Pacific Sugar Mills,2065,1706,5.51,9400.06,5513.55,3886.51,624,76.4
CHC-00108,Single Origin Dark Chocolate Gift Box,TruffleWorks,Dark,Shanghai Factory L,China,Global Cocoa Partners,2167,2140,3.66,7832.4,5179.13,2653.27,64,91.2
CHC-00109,Gianduja Style Hazelnut Chocolate Bar,Copper Kettle Chocolate,Hazelnut,Guadalajara Factory C,Mexico,Andes Bean Exporters,2763,2705,4.47,12091.35,7487.73,4603.62,338,87.1
CHC-00110,Salted Butter Caramel Chocolate Truffle Box,Cacao Verde,Caramel,Zurich Factory E,Switzerland,Coastal Coconut Co.,1344,1421,4.7,6678.7,4018.56,2660.14,10,82.5
CHC-00111,Bakers Classic Compound Chocolate Wafer Bar,Copper Kettle Chocolate,Compound,Shanghai Factory L,China,Ivory Cocoa Traders,3798,3412,1.87,6380.44,4557.6,1822.84,625,84.5
CHC-00112,Soft Caramel Core Chocolate Pralines,Cacao Nomad,Caramel,Hershey Falls Factory X,USA,Andes Bean Exporters,7854,6980,3.38,23592.4,13430.34,10162.06,921,93.5
CHC-00113,Biscuit Milk Chocolate Gift Box,Ivory & Cocoa,Milk,Munich Factory C,Germany,Continental Sugar Corp,2297,1831,3.98,7287.38,5076.37,2211.01,572,90.9
CHC-00114,Whole Hazelnut Chocolate Drops,Golden Bean Co.,Hazelnut,Cologne Factory F,Germany,Meridian Cacao Exchange,2244,2106,3.01,6339.06,2917.2,3421.86,284,89.0
CHC-00115,Praline Hazelnut Chocolate Coated Nuts,Cacao Nomad,Hazelnut,Pune Factory K,India,Sahara Nut Suppliers,4540,4261,4.69,19984.09,10305.8,9678.29,573,76.1
CHC-00116,Almond Crunch Chocolate Bar,Maison Cacao,Almond,Turin Factory J,Italy,Meridian Cacao Exchange,4363,4358,5.44,23707.52,11823.73,11883.79,167,94.7
CHC-00117,Sea Salt Caramel Chocolate Filled Bar,Ivory & Cocoa,Caramel,Jakarta Factory O,Indonesia,Continental Sugar Corp,6647,6296,3.94,24806.24,17082.79,7723.45,377,83.2
CHC-00118,70% Intense Dark Chocolate Wafer Bar,TruffleWorks,Dark,Melbourne Factory N,Australia,Andes Bean Exporters,4347,3249,6.05,19656.45,16649.01,3007.44,1329,92.0
CHC-00119,Soft Caramel Core Chocolate Coated Nuts,Terra Cacao,Caramel,Bristol Factory H,United Kingdom,Continental Sugar Corp,731,698,3.45,2408.1,1425.45,982.65,144,91.4
CHC-00120,Oat Milk Blend Vegan Dark Chocolate Gift Box,Ivory & Cocoa,Vegan Dark,Bordeaux Factory D,France,TerraFair Trade Beans,10104,8371,6.28,52569.88,33545.28,19024.6,1949,76.4
CHC-00121,Coconut White Chocolate Chips (Baking),Northstar Confectionery,White,Bern Factory B,Switzerland,Global Cocoa Partners,5754,6199,2.91,18039.09,10529.82,7509.27,10,78.5
CHC-00122,Single Origin Dark Chocolate Truffle Box,Choco Artisan,Dark,Bruges Factory D,Belgium,Ghana Bean Collective,8810,6958,5.22,36320.76,22289.3,14031.46,2131,77.5
CHC-00123,Vanilla Bean White Chocolate Gift Box,Sunset Grove Chocolate,White,Abidjan Factory U,Cote d'Ivoire,Sahara Nut Suppliers,10893,9629,2.06,19835.74,10021.56,9814.18,1396,81.0
CHC-00124,Gianduja Style Hazelnut Chocolate Gift Box,Terra Cacao,Hazelnut,Munich Factory C,Germany,Sunrise Vanilla Farms,5525,5925,4.37,25892.25,14807.0,11085.25,10,92.4
CHC-00125,Whole Hazelnut Chocolate Gift Box,Rainforest Bloom,Hazelnut,Portland Factory A,USA,Meridian Cacao Exchange,4132,4365,4.76,20777.4,11776.2,9001.2,10,95.9
CHC-00126,Almond Crunch Chocolate Bar,Choco Artisan,Almond,Guayaquil Factory Q,Ecuador,Continental Sugar Corp,3518,3128,2.85,8914.8,6543.48,2371.32,535,89.7
CHC-00127,Marzipan Style Almond Chocolate Gift Box,Wildflower Cacao,Almond,Antwerp Factory A,Belgium,Sunrise Vanilla Farms,5956,5665,5.17,29288.05,19893.04,9395.01,312,86.6
CHC-00128,Berry Burst Ruby Chocolate Truffle Box,Maison Cacao,Ruby,Melbourne Factory N,Australia,Heritage Almond Growers,5701,5451,6.86,37393.86,18984.33,18409.53,466,82.9
CHC-00129,70% Intense Dark Chocolate Truffle Box,Northstar Confectionery,Dark,Bruges Factory D,Belgium,Pacific Sugar Mills,8104,7509,5.27,39572.43,17666.72,21905.71,732,98.3
CHC-00130,Praline Hazelnut Chocolate Gift Box,Golden Bean Co.,Hazelnut,Guadalajara Factory C,Mexico,Continental Sugar Corp,5406,4512,3.04,13716.48,6919.68,6796.8,1047,87.8
CHC-00131,Coconut White Chocolate Drops,Rainforest Bloom,White,Montreal Factory Y,Canada,Andes Bean Exporters,2493,1805,2.68,4837.4,2717.37,2120.03,973,82.2
CHC-00132,Roasted Almond Chocolate Pralines,Auric Chocolate,Almond,Osaka Factory M,Japan,Andes Bean Exporters,7268,7080,5.19,36745.2,17588.56,19156.64,346,88.1
CHC-00133,Classic Sugar-Free Chocolate Truffle Box,Choco Artisan,Sugar-Free,Oaxaca Factory Z,Mexico,EcoPack Solutions,2494,2378,5.33,12674.74,8055.62,4619.12,316,91.8
CHC-00134,Whole Hazelnut Chocolate Pralines,Cacao Nomad,Hazelnut,Lima Factory S,Peru,Continental Sugar Corp,4318,3712,3.04,11284.48,8592.82,2691.66,860,85.0
CHC-00135,70% Intense Dark Chocolate Pralines,Cacao & Co.,Dark,Bruges Factory D,Belgium,Alpine Dairy Co.,20125,17906,6.25,111912.5,53532.5,58380.0,2383,84.8
CHC-00136,Espresso Infused Dark Chocolate Truffle Box,Amber Cacao Co.,Dark,Bristol Factory H,United Kingdom,Meridian Cacao Exchange,1454,1194,2.91,3474.54,2064.68,1409.86,330,77.4
CHC-00137,Organic Raw Cacao Chocolate Bar,Ivory & Cocoa,Organic,Oaxaca Factory Z,Mexico,Sahara Nut Suppliers,8670,6906,6.47,44681.82,37107.6,7574.22,1936,91.5
CHC-00138,Tropical Mix Fruit & Nut Chocolate Bar,Silk Route Chocolate,Fruit & Nut,Antwerp Factory A,Belgium,Ivory Cocoa Traders,6018,4746,3.17,15044.82,12336.9,2707.92,1447,82.8
CHC-00139,Coconut White Chocolate Wafer Bar,Auric Chocolate,White,Dubai Factory W,UAE,Global Cocoa Partners,4921,4926,4.47,22019.22,8808.59,13210.63,63,92.2
CHC-00140,Organic Single Origin Chocolate Coated Nuts,Silk Route Chocolate,Organic,Pune Factory K,India,EcoPack Solutions,2397,1950,5.89,11485.5,9492.12,1993.38,694,88.8
CHC-00141,70% Intense Dark Chocolate Coated Nuts,Cacao & Co.,Dark,Cape Town Factory V,South Africa,Global Cocoa Partners,1039,990,4.64,4593.6,2576.72,2016.88,146,89.3
CHC-00142,Almond Crunch Chocolate Drops,Golden Bean Co.,Almond,Abidjan Factory U,Cote d'Ivoire,Alpine Dairy Co.,1342,1116,3.47,3872.52,2590.06,1282.46,393,83.4
CHC-00143,Soft Caramel Core Chocolate Coated Nuts,Bean & Bloom,Caramel,Zurich Factory E,Switzerland,Pacific Sugar Mills,6977,5882,3.62,21292.84,16326.18,4966.66,1136,91.0
CHC-00144,Roasted Almond Chocolate Pralines,Pure Bloom Chocolatiers,Almond,Accra Factory T,Ghana,Meridian Cacao Exchange,5201,4942,3.96,19570.32,10870.09,8700.23,443,80.0
CHC-00145,Single Origin Dark Chocolate Truffle Box,Whisk & Wonder,Dark,Pune Factory K,India,Meridian Cacao Exchange,5873,4634,2.78,12882.52,7928.55,4953.97,1481,89.0
CHC-00146,Stevia Sweetened Sugar-Free Chocolate Filled Bar,Cacao Verde,Sugar-Free,Cologne Factory F,Germany,Meridian Cacao Exchange,5081,5350,4.47,23914.5,11889.54,12024.96,10,98.4
CHC-00147,Espresso Infused Dark Chocolate Coated Nuts,Pure Bloom Chocolatiers,Dark,Cologne Factory F,Germany,Continental Sugar Corp,1520,1300,2.99,3887.0,2508.0,1379.0,510,100.0
CHC-00148,85% Extra Bold Dark Chocolate Wafer Bar,Whisk & Wonder,Dark,Bruges Factory D,Belgium,Amazon Cacao Growers,2480,2240,3.26,7302.4,4290.4,3012.0,433,80.6
CHC-00149,Tropical Mix Fruit & Nut Chocolate Bar,Auric Chocolate,Fruit & Nut,Abidjan Factory U,Cote d'Ivoire,TerraFair Trade Beans,1114,931,4.08,3798.48,2495.36,1303.12,359,91.4
CHC-00150,Coconut Sugar Vegan Dark Chocolate Chips (Baking),Auric Chocolate,Vegan Dark,Abidjan Factory U,Cote d'Ivoire,Andes Bean Exporters,2510,1956,4.37,8547.72,6375.4,2172.32,628,88.3
CHC-00151,Almond Crunch Chocolate Gift Box,Cocoa Bloom,Almond,Osaka Factory M,Japan,Nordic Milk Co.,2898,1851,3.44,6367.44,4028.22,2339.22,1252,85.5
CHC-00152,Single Origin Dark Chocolate Chips (Baking),Rainforest Bloom,Dark,Bruges Factory D,Belgium,Sahara Nut Suppliers,4871,4525,4.59,20769.75,10229.1,10540.65,619,93.4
CHC-00153,Honeycomb Milk Chocolate Truffle Box,Cocoa Bloom,Milk,Sao Paulo Factory P,Brazil,Sahara Nut Suppliers,5136,4836,3.17,15330.12,7293.12,8037.0,389,79.0
CHC-00154,Marzipan Style Almond Chocolate Pralines,Cacao Verde,Almond,Portland Factory A,USA,Sunrise Vanilla Farms,5137,4385,3.36,14733.6,10428.11,4305.49,932,92.0
CHC-00155,Coconut Sugar Vegan Dark Chocolate Chips (Baking),Highland Cacao,Vegan Dark,Lyon Factory G,France,Sahara Nut Suppliers,9521,7565,4.85,36690.25,21517.46,15172.79,2172,81.8
CHC-00156,Plant-Based Classic Vegan Dark Chocolate Filled Bar,Silk Route Chocolate,Vegan Dark,Toronto Factory B,Canada,Sahara Nut Suppliers,10347,9144,3.72,34015.68,19866.24,14149.44,1471,97.3
CHC-00157,Raspberry Swirl White Chocolate Wafer Bar,Copper Kettle Chocolate,White,Oaxaca Factory Z,Mexico,Global Cocoa Partners,2530,2330,2.08,4846.4,2530.0,2316.4,373,90.0
CHC-00158,Classic Sugar-Free Chocolate Filled Bar,Cacao Verde,Sugar-Free,Jakarta Factory O,Indonesia,Andes Bean Exporters,2768,2478,4.76,11795.28,7612.0,4183.28,515,100.0
CHC-00159,70% Intense Dark Chocolate Chips (Baking),Amber Cacao Co.,Dark,Bordeaux Factory D,France,Ivory Cocoa Traders,13583,11177,2.75,30736.75,23498.59,7238.16,2589,96.5
CHC-00160,Marzipan Style Almond Chocolate Filled Bar,Cacao Nomad,Almond,Guayaquil Factory Q,Ecuador,EcoPack Solutions,4277,4005,3.27,13096.35,6757.66,6338.69,292,89.4
CHC-00161,Single Origin Dark Chocolate Chips (Baking),Northstar Confectionery,Dark,Toronto Factory B,Canada,Pacific Sugar Mills,2978,2302,5.4,12430.8,8427.74,4003.06,788,79.0
CHC-00162,Biscuit Milk Chocolate Filled Bar,Cacao Verde,Milk,Antwerp Factory A,Belgium,Sahara Nut Suppliers,15107,12240,2.71,33170.4,19185.89,13984.51,2952,71.3
CHC-00163,Honeycomb Milk Chocolate Coated Nuts,TruffleWorks,Milk,Bruges Factory D,Belgium,Alpine Dairy Co.,4760,4538,3.05,13840.9,8234.8,5606.1,455,89.5
CHC-00164,Diabetic Friendly Sugar-Free Chocolate Coated Nuts,Cocoa Bloom,Sugar-Free,Pune Factory K,India,Ghana Bean Collective,6843,6379,4.88,31129.52,20939.58,10189.94,620,85.9
CHC-00165,Marzipan Style Almond Chocolate Pralines,Ember & Oak,Almond,Oaxaca Factory Z,Mexico,Meridian Cacao Exchange,3248,2866,3.36,9629.76,5813.92,3815.84,654,94.8
CHC-00166,Coconut Sugar Vegan Dark Chocolate Squares,Maison Cacao,Vegan Dark,Osaka Factory M,Japan,Coastal Coconut Co.,6578,6288,3.41,21442.08,12827.1,8614.98,319,82.1
CHC-00167,Bakers Classic Compound Chocolate Coated Nuts,Terra Cacao,Compound,Toronto Factory B,Canada,Heritage Almond Growers,10764,8310,2.12,17617.2,13347.36,4269.84,2626,88.6
CHC-00168,Original Ruby Chocolate Drops,Velvet Cacao,Ruby,Pune Factory K,India,Nordic Milk Co.,1968,1900,4.59,8721.0,5982.72,2738.28,188,83.3
CHC-00169,Diabetic Friendly Sugar-Free Chocolate Bar,Maison Cacao,Sugar-Free,Zurich Factory E,Switzerland,Meridian Cacao Exchange,6569,5564,5.18,28821.52,21677.7,7143.82,1276,90.7
CHC-00170,Sea Salt Caramel Chocolate Pralines,Amber Cacao Co.,Caramel,Bruges Factory D,Belgium,TerraFair Trade Beans,2683,2166,4.89,10591.74,8397.79,2193.95,668,90.5
CHC-00171,Honeycomb Milk Chocolate Drops,Amber Cacao Co.,Milk,Pune Factory K,India,EcoPack Solutions,1387,1106,3.05,3373.3,2760.13,613.17,497,78.0
CHC-00172,Marzipan Style Almond Chocolate Squares,Northstar Confectionery,Almond,Cologne Factory F,Germany,TerraFair Trade Beans,3125,2935,4.32,12679.2,8781.25,3897.95,248,88.1
CHC-00173,Stevia Sweetened Sugar-Free Chocolate Drops,Whisk & Wonder,Sugar-Free,Sao Paulo Factory P,Brazil,Sunrise Vanilla Farms,15565,12696,4.65,59036.4,36733.4,22303.0,2902,95.5
CHC-00174,Honeycomb Milk Chocolate Pralines,Copper Kettle Chocolate,Milk,Bristol Factory H,United Kingdom,Ivory Cocoa Traders,1519,1278,2.88,3680.64,2126.6,1554.04,360,90.7
CHC-00175,Berry Burst Ruby Chocolate Coated Nuts,Pure Bloom Chocolatiers,Ruby,Pune Factory K,India,Ivory Cocoa Traders,2544,2245,5.62,12616.9,8802.24,3814.66,394,96.7
CHC-00176,85% Extra Bold Dark Chocolate Drops,Amber Cacao Co.,Dark,Accra Factory T,Ghana,Global Cocoa Partners,8497,7440,3.82,28420.8,18778.37,9642.43,1278,82.4
CHC-00177,Berry Burst Ruby Chocolate Coated Nuts,Choco Artisan,Ruby,Toronto Factory B,Canada,Global Cocoa Partners,10410,8704,7.95,69196.8,44034.3,25162.5,1875,76.1
CHC-00178,70% Intense Dark Chocolate Squares,Blue Ridge Chocolatiers,Dark,Sao Paulo Factory P,Brazil,Sahara Nut Suppliers,6098,5518,6.49,35811.82,22562.6,13249.22,638,82.6
CHC-00179,Coconut White Chocolate Chips (Baking),Rainforest Bloom,White,Jakarta Factory O,Indonesia,Coastal Coconut Co.,2789,2357,3.56,8390.92,5159.65,3231.27,493,79.8
CHC-00180,Single Origin Dark Chocolate Coated Nuts,Highland Cacao,Dark,Bruges Factory D,Belgium,Coastal Coconut Co.,5052,3683,3.11,11454.13,6719.16,4734.97,1667,99.4
CHC-00181,Classic Milk Chocolate Coated Nuts,Maison Cacao,Milk,Medellin Factory R,Colombia,Ivory Cocoa Traders,1099,1161,3.82,4435.02,2747.5,1687.52,217,88.9
CHC-00182,Lemon Zest White Chocolate Chips (Baking),Noir Origins,White,Zurich Factory E,Switzerland,TerraFair Trade Beans,2892,2531,3.04,7694.24,4453.68,3240.56,559,94.2
CHC-00183,Almond Crunch Chocolate Squares,Sunset Grove Chocolate,Almond,Portland Factory A,USA,EcoPack Solutions,7563,6711,4.7,31541.7,15655.41,15886.29,1050,98.7
CHC-00184,Coconut White Chocolate Coated Nuts,Highland Cacao,White,Cape Town Factory V,South Africa,Heritage Almond Growers,3043,3227,3.82,12327.14,5112.24,7214.9,10,89.6
CHC-00185,Vanilla Bean White Chocolate Coated Nuts,Copper Kettle Chocolate,White,Montreal Factory Y,Canada,Heritage Almond Growers,3192,2920,4.47,13052.4,5905.2,7147.2,539,73.6
CHC-00186,Confectionery Grade Compound Chocolate Drops,Cacao & Co.,Compound,Cape Town Factory V,South Africa,Andes Bean Exporters,4645,3233,1.26,4073.58,3669.55,404.03,1701,72.3
CHC-00187,Roasted Almond Chocolate Drops,Ivory & Cocoa,Almond,Oaxaca Factory Z,Mexico,Alpine Dairy Co.,2517,2356,4.15,9777.4,6493.86,3283.54,408,92.9
CHC-00188,Honeycomb Milk Chocolate Coated Nuts,TruffleWorks,Milk,Bern Factory B,Switzerland,Continental Sugar Corp,2756,2758,3.74,10314.92,4740.32,5574.6,288,93.8
CHC-00189,Marzipan Style Almond Chocolate Gift Box,Cacao Verde,Almond,Hershey Falls Factory X,USA,Amazon Cacao Growers,4250,3392,3.72,12618.24,10370.0,2248.24,987,80.4
CHC-00190,70% Intense Dark Chocolate Gift Box,Noir Origins,Dark,Lyon Factory G,France,Sunrise Vanilla Farms,3238,3535,2.83,10004.05,5990.3,4013.75,10,91.2
CHC-00191,Classic Sugar-Free Chocolate Filled Bar,Blue Ridge Chocolatiers,Sugar-Free,Portland Factory A,USA,Ghana Bean Collective,642,504,4.22,2126.88,1592.16,534.72,332,91.9
CHC-00192,Salted Butter Caramel Chocolate Drops,Wildflower Cacao,Caramel,Abidjan Factory U,Cote d'Ivoire,Ivory Cocoa Traders,2323,1997,3.88,7748.36,5993.34,1755.02,361,88.8
CHC-00193,Lemon Zest White Chocolate Gift Box,Cacao & Co.,White,Bordeaux Factory D,France,Pacific Sugar Mills,6599,5787,4.21,24363.27,15705.62,8657.65,1051,79.0
CHC-00194,Praline Hazelnut Chocolate Filled Bar,Sunset Grove Chocolate,Hazelnut,Bruges Factory D,Belgium,Sahara Nut Suppliers,645,597,4.88,2913.36,1315.8,1597.56,343,96.1
CHC-00195,Almond Crunch Chocolate Chips (Baking),Amber Cacao Co.,Almond,Antwerp Factory A,Belgium,Ivory Cocoa Traders,4819,4484,3.73,16725.32,10890.94,5834.38,477,81.0
CHC-00196,Sea Salt Caramel Chocolate Pralines,Copper Kettle Chocolate,Caramel,Medellin Factory R,Colombia,Meridian Cacao Exchange,1614,1349,4.03,5436.47,3292.56,2143.91,496,91.4
CHC-00197,Citrus Ruby Chocolate Filled Bar,Cacao Nomad,Ruby,Zurich Factory E,Switzerland,Meridian Cacao Exchange,4189,3782,6.42,24280.44,14829.06,9451.38,541,78.0
CHC-00198,Original Ruby Chocolate Wafer Bar,Terra Cacao,Ruby,Montreal Factory Y,Canada,Alpine Dairy Co.,4002,3750,5.88,22050.0,11925.96,10124.04,472,81.8
CHC-00199,Praline Hazelnut Chocolate Wafer Bar,Cocoa Bloom,Hazelnut,Bordeaux Factory D,France,Amazon Cacao Growers,1508,1419,5.59,7932.21,5685.16,2247.05,302,93.6
CHC-00200,Biscuit Milk Chocolate Coated Nuts,Choco Artisan,Milk,Lyon Factory G,France,Ghana Bean Collective,4598,3052,3.58,10926.16,9609.82,1316.34,1628,80.8
CHC-00201,Salted Butter Caramel Chocolate Chips (Baking),Pure Bloom Chocolatiers,Caramel,Pune Factory K,India,Ivory Cocoa Traders,3146,2375,4.69,11138.75,6229.08,4909.67,995,77.1
CHC-00202,Marzipan Style Almond Chocolate Gift Box,Cacao Verde,Almond,Abidjan Factory U,Cote d'Ivoire,Meridian Cacao Exchange,2605,1574,3.26,5131.24,5731.0,-599.76,1168,87.1
CHC-00203,70% Intense Dark Chocolate Drops,Auric Chocolate,Dark,Bruges Factory D,Belgium,Heritage Almond Growers,8393,9232,2.9,26772.8,14939.54,11833.26,10,86.6
CHC-00204,Stevia Sweetened Sugar-Free Chocolate Squares,Amber Cacao Co.,Sugar-Free,Munich Factory C,Germany,Nordic Milk Co.,2960,2622,5.12,13424.64,7962.4,5462.24,546,79.9
CHC-00205,Salted Butter Caramel Chocolate Squares,Cocoa Bloom,Caramel,Lyon Factory G,France,Alpine Dairy Co.,1339,1242,2.79,3465.18,1513.07,1952.11,372,90.3
CHC-00206,Tropical Mix Fruit & Nut Chocolate Gift Box,Ivory & Cocoa,Fruit & Nut,Guadalajara Factory C,Mexico,TerraFair Trade Beans,3392,3278,3.37,11046.86,7360.64,3686.22,241,91.8
CHC-00207,Classic Sugar-Free Chocolate Truffle Box,Cacao & Co.,Sugar-Free,Bruges Factory D,Belgium,Amazon Cacao Growers,7065,7043,3.03,21340.29,9891.0,11449.29,152,89.4
CHC-00208,Value Pack Compound Chocolate Pralines,Cacao & Co.,Compound,Bristol Factory H,United Kingdom,EcoPack Solutions,19553,19876,2.13,42335.88,24441.25,17894.63,10,99.5
CHC-00209,Berry Burst Ruby Chocolate Pralines,Noir Origins,Ruby,Bern Factory B,Switzerland,Nordic Milk Co.,5093,4207,6.13,25788.91,14413.19,11375.72,954,83.9
CHC-00210,Diabetic Friendly Sugar-Free Chocolate Squares,Golden Bean Co.,Sugar-Free,Melbourne Factory N,Australia,Nordic Milk Co.,9259,9242,3.49,32254.58,14258.86,17995.72,151,96.9
CHC-00211,Single Origin Dark Chocolate Squares,Bean & Bloom,Dark,Montreal Factory Y,Canada,TerraFair Trade Beans,3752,3271,4.66,15242.86,11481.12,3761.74,531,87.0
CHC-00212,Gianduja Style Hazelnut Chocolate Gift Box,Amber Cacao Co.,Hazelnut,Bristol Factory H,United Kingdom,Nordic Milk Co.,2698,2274,3.64,8277.36,4964.32,3313.04,637,78.3
CHC-00213,Citrus Ruby Chocolate Bar,Maison Cacao,Ruby,Bristol Factory H,United Kingdom,Ghana Bean Collective,471,426,6.36,2709.36,2030.01,679.35,201,78.7
CHC-00214,Sea Salt Milk Chocolate Pralines,Choco Artisan,Milk,Bern Factory B,Switzerland,Sahara Nut Suppliers,2569,2276,4.04,9195.04,5934.39,3260.65,530,76.8
CHC-00215,Organic Raw Cacao Chocolate Pralines,Whisk & Wonder,Organic,Cape Town Factory V,South Africa,Alpine Dairy Co.,3918,3500,4.44,15540.0,10813.68,4726.32,626,74.1
CHC-00216,Raspberry Swirl White Chocolate Bar,Choco Artisan,White,Guadalajara Factory C,Mexico,Global Cocoa Partners,2893,2632,3.09,8132.88,3674.11,4458.77,396,90.0
CHC-00217,Praline Hazelnut Chocolate Truffle Box,Terra Cacao,Hazelnut,Guadalajara Factory C,Mexico,Meridian Cacao Exchange,3510,3046,4.91,14955.86,7476.3,7479.56,582,75.9
CHC-00218,70% Intense Dark Chocolate Truffle Box,Golden Bean Co.,Dark,Lima Factory S,Peru,Alpine Dairy Co.,1997,1633,3.35,5470.55,2995.5,2475.05,434,85.2
CHC-00219,Tropical Mix Fruit & Nut Chocolate Chips (Baking),Bean & Bloom,Fruit & Nut,Bern Factory B,Switzerland,Nordic Milk Co.,4441,3366,5.15,17334.9,13012.13,4322.77,1259,88.2
CHC-00220,Honeycomb Milk Chocolate Squares,Pure Bloom Chocolatiers,Milk,Hershey Falls Factory X,USA,Ivory Cocoa Traders,914,769,3.24,2491.56,1745.74,745.82,263,85.9
CHC-00221,Diabetic Friendly Sugar-Free Chocolate Pralines,Wildflower Cacao,Sugar-Free,Oaxaca Factory Z,Mexico,Sunrise Vanilla Farms,5106,4053,4.91,19900.23,15522.24,4377.99,1231,93.6
CHC-00222,Berry Burst Ruby Chocolate Wafer Bar,Blue Ridge Chocolatiers,Ruby,Guadalajara Factory C,Mexico,Alpine Dairy Co.,4830,3508,7.84,27502.72,15794.1,11708.62,1361,79.3
CHC-00223,Bakers Classic Compound Chocolate Gift Box,Blue Ridge Chocolatiers,Compound,Melbourne Factory N,Australia,Sahara Nut Suppliers,1803,1677,1.69,2834.13,1640.73,1193.4,390,81.1
CHC-00224,85% Extra Bold Dark Chocolate Wafer Bar,TruffleWorks,Dark,Osaka Factory M,Japan,Amazon Cacao Growers,2321,2382,3.13,7455.66,3806.44,3649.22,27,94.9
CHC-00225,Stevia Sweetened Sugar-Free Chocolate Coated Nuts,Maison Cacao,Sugar-Free,Cologne Factory F,Germany,EcoPack Solutions,4044,3884,5.29,20546.36,12617.28,7929.08,323,94.6
CHC-00226,Coconut White Chocolate Truffle Box,Velvet Cacao,White,Guadalajara Factory C,Mexico,EcoPack Solutions,12803,10054,2.47,24833.38,19204.5,5628.88,2773,86.9
CHC-00227,Plant-Based Classic Vegan Dark Chocolate Gift Box,Pure Bloom Chocolatiers,Vegan Dark,Bern Factory B,Switzerland,Global Cocoa Partners,3035,2597,4.09,10621.73,5007.75,5613.98,476,80.4
CHC-00228,Raspberry Swirl White Chocolate Drops,Bean & Bloom,White,Bern Factory B,Switzerland,Pacific Sugar Mills,2762,3038,4.46,13549.48,5137.32,8412.16,10,82.2
CHC-00229,Cranberry Walnut Fruit & Nut Chocolate Wafer Bar,Northstar Confectionery,Fruit & Nut,Accra Factory T,Ghana,EcoPack Solutions,1312,1282,4.91,6294.62,3463.68,2830.94,204,92.5
CHC-00230,Sea Salt Caramel Chocolate Squares,Blue Ridge Chocolatiers,Caramel,Accra Factory T,Ghana,Global Cocoa Partners,2271,1952,2.66,5192.32,3361.08,1831.24,540,99.7
CHC-00231,Sea Salt Milk Chocolate Pralines,Silk Route Chocolate,Milk,Osaka Factory M,Japan,Sahara Nut Suppliers,3586,3425,3.73,12775.25,8785.7,3989.55,397,82.9
CHC-00232,85% Extra Bold Dark Chocolate Gift Box,Rainforest Bloom,Dark,Antwerp Factory A,Belgium,Meridian Cacao Exchange,6503,5070,6.16,31231.2,22305.29,8925.91,1517,86.2
CHC-00233,Roasted Almond Chocolate Filled Bar,Terra Cacao,Almond,Oaxaca Factory Z,Mexico,Alpine Dairy Co.,4494,3344,3.98,13309.12,9347.52,3961.6,1245,80.7
CHC-00234,Coconut Sugar Vegan Dark Chocolate Drops,Wildflower Cacao,Vegan Dark,Portland Factory A,USA,Andes Bean Exporters,2446,1896,6.03,11432.88,9441.56,1991.32,588,94.8
CHC-00235,Honeycomb Milk Chocolate Squares,Ivory & Cocoa,Milk,Amsterdam Factory I,Netherlands,Amazon Cacao Growers,2288,2496,3.45,8611.2,4072.64,4538.56,10,88.0
CHC-00236,Lemon Zest White Chocolate Coated Nuts,Golden Bean Co.,White,Amsterdam Factory I,Netherlands,Global Cocoa Partners,1191,1036,3.92,4061.12,2370.09,1691.03,202,90.5
CHC-00237,Classic Milk Chocolate Squares,Pure Bloom Chocolatiers,Milk,Abidjan Factory U,Cote d'Ivoire,TerraFair Trade Beans,3825,3949,3.61,14255.89,7803.0,6452.89,10,82.8
CHC-00238,Original Ruby Chocolate Chips (Baking),Cacao & Co.,Ruby,Abidjan Factory U,Cote d'Ivoire,Pacific Sugar Mills,4209,4274,7.62,32567.88,19319.31,13248.57,30,95.8
CHC-00239,85% Extra Bold Dark Chocolate Filled Bar,Velvet Cacao,Dark,Cape Town Factory V,South Africa,EcoPack Solutions,2211,2078,3.99,8291.22,4112.46,4178.76,427,91.1
CHC-00240,Coconut Sugar Vegan Dark Chocolate Bar,Whisk & Wonder,Vegan Dark,Bern Factory B,Switzerland,TerraFair Trade Beans,2954,2617,3.94,10310.98,6498.8,3812.18,609,94.3
CHC-00241,Honeycomb Milk Chocolate Squares,Cocoa Bloom,Milk,Medellin Factory R,Colombia,Coastal Coconut Co.,2353,2272,4.15,9428.8,4870.71,4558.09,325,85.5
CHC-00242,Whole Hazelnut Chocolate Truffle Box,Copper Kettle Chocolate,Hazelnut,Toronto Factory B,Canada,Nordic Milk Co.,4175,3808,3.1,11804.8,5552.75,6252.05,441,83.1
CHC-00243,Coconut Sugar Vegan Dark Chocolate Coated Nuts,Whisk & Wonder,Vegan Dark,Jakarta Factory O,Indonesia,Continental Sugar Corp,3569,2614,4.06,10612.84,8173.01,2439.83,1041,90.0
CHC-00244,Organic Raw Cacao Chocolate Gift Box,TruffleWorks,Organic,Antwerp Factory A,Belgium,Sahara Nut Suppliers,3761,3708,5.02,18614.16,8010.93,10603.23,274,89.4
CHC-00245,Sea Salt Milk Chocolate Wafer Bar,Pure Bloom Chocolatiers,Milk,Amsterdam Factory I,Netherlands,Alpine Dairy Co.,7700,6998,4.08,28551.84,14322.0,14229.84,768,95.9
CHC-00246,Plant-Based Classic Vegan Dark Chocolate Truffle Box,Cacao Verde,Vegan Dark,Bordeaux Factory D,France,Meridian Cacao Exchange,4560,4495,5.52,24812.4,15549.6,9262.8,149,95.7
CHC-00247,Oat Milk Blend Vegan Dark Chocolate Bar,Terra Cacao,Vegan Dark,Jakarta Factory O,Indonesia,Heritage Almond Growers,1341,1118,6.24,6976.32,5283.54,1692.78,347,78.7
CHC-00248,Confectionery Grade Compound Chocolate Gift Box,Noir Origins,Compound,Guayaquil Factory Q,Ecuador,Coastal Coconut Co.,6053,4650,2.31,10741.5,7263.6,3477.9,1458,74.6
CHC-00249,Tropical Mix Fruit & Nut Chocolate Drops,Rainforest Bloom,Fruit & Nut,Sao Paulo Factory P,Brazil,Meridian Cacao Exchange,1018,862,5.42,4672.04,2880.94,1791.1,440,95.9
CHC-00250,Sea Salt Caramel Chocolate Coated Nuts,Golden Bean Co.,Caramel,Abidjan Factory U,Cote d'Ivoire,Continental Sugar Corp,7073,5864,3.76,22048.64,12872.86,9175.78,1249,84.7
CHC-00251,Raisin & Almond Fruit & Nut Chocolate Bar,Copper Kettle Chocolate,Fruit & Nut,Melbourne Factory N,Australia,Ghana Bean Collective,4012,4128,4.42,18245.76,8144.36,10101.4,168,84.5
CHC-00252,70% Intense Dark Chocolate Drops,Cocoa Bloom,Dark,Bordeaux Factory D,France,Continental Sugar Corp,2955,2115,4.98,10532.7,7180.65,3352.05,917,92.3
CHC-00253,Praline Hazelnut Chocolate Pralines,Copper Kettle Chocolate,Hazelnut,Melbourne Factory N,Australia,Alpine Dairy Co.,5154,4959,5.94,29456.46,15771.24,13685.22,368,88.5
CHC-00254,Espresso Infused Dark Chocolate Chips (Baking),Wildflower Cacao,Dark,Lima Factory S,Peru,Meridian Cacao Exchange,3098,2759,4.92,13574.28,8240.68,5333.6,508,87.9
CHC-00255,Sea Salt Caramel Chocolate Gift Box,Amber Cacao Co.,Caramel,Amsterdam Factory I,Netherlands,Heritage Almond Growers,2694,2349,4.01,9419.49,4391.22,5028.27,579,90.7
CHC-00256,Classic Milk Chocolate Gift Box,Cacao Verde,Milk,Pune Factory K,India,Nordic Milk Co.,2374,1911,2.49,4758.39,3513.52,1244.87,520,85.3
CHC-00257,Confectionery Grade Compound Chocolate Coated Nuts,Cacao Verde,Compound,Guadalajara Factory C,Mexico,Ghana Bean Collective,1665,1511,1.41,2130.51,1332.0,798.51,334,86.7
CHC-00258,Sea Salt Milk Chocolate Wafer Bar,Choco Artisan,Milk,Medellin Factory R,Colombia,Andes Bean Exporters,1383,1360,4.07,5535.2,2254.29,3280.91,87,84.5
CHC-00259,85% Extra Bold Dark Chocolate Filled Bar,Cacao & Co.,Dark,Portland Factory A,USA,Alpine Dairy Co.,1806,1571,4.07,6393.97,4316.34,2077.63,350,89.7
CHC-00260,Honeycomb Milk Chocolate Drops,Maison Cacao,Milk,Montreal Factory Y,Canada,Ivory Cocoa Traders,2376,2305,3.69,8505.45,3920.4,4585.05,121,83.8
CHC-00261,Coconut Sugar Vegan Dark Chocolate Coated Nuts,Maison Cacao,Vegan Dark,Zurich Factory E,Switzerland,Heritage Almond Growers,5740,4117,5.45,22437.65,17277.4,5160.25,1774,97.8
CHC-00262,Biscuit Milk Chocolate Drops,Noir Origins,Milk,Oaxaca Factory Z,Mexico,Continental Sugar Corp,2065,1636,4.47,7312.92,5348.35,1964.57,462,90.7
CHC-00263,Roasted Almond Chocolate Coated Nuts,Whisk & Wonder,Almond,Amsterdam Factory I,Netherlands,Coastal Coconut Co.,4876,4548,3.83,17418.84,10239.6,7179.24,557,87.1
CHC-00264,Classic Milk Chocolate Truffle Box,Pure Bloom Chocolatiers,Milk,Oaxaca Factory Z,Mexico,Amazon Cacao Growers,2190,1852,2.63,4870.76,2825.1,2045.66,494,94.5
CHC-00265,Vanilla Bean White Chocolate Squares,Cacao & Co.,White,Jakarta Factory O,Indonesia,Sahara Nut Suppliers,15648,10343,4.31,44578.33,40684.8,3893.53,5571,90.0
CHC-00266,Confectionery Grade Compound Chocolate Wafer Bar,Cocoa Bloom,Compound,Oaxaca Factory Z,Mexico,Pacific Sugar Mills,2119,2168,2.33,5051.44,2648.75,2402.69,250,93.5
CHC-00267,Biscuit Milk Chocolate Coated Nuts,Choco Artisan,Milk,Shanghai Factory L,China,Alpine Dairy Co.,4716,3519,4.44,15624.36,12261.6,3362.76,1404,91.8
CHC-00268,Whole Hazelnut Chocolate Coated Nuts,Choco Artisan,Hazelnut,Lyon Factory G,France,Andes Bean Exporters,3236,3186,3.22,10258.92,6601.44,3657.48,121,78.8
CHC-00269,Organic Fair-Trade Chocolate Drops,Ember & Oak,Organic,Munich Factory C,Germany,EcoPack Solutions,5031,4092,5.63,23037.96,15445.17,7592.79,1077,95.9
CHC-00270,Roasted Almond Chocolate Bar,Copper Kettle Chocolate,Almond,Pune Factory K,India,Alpine Dairy Co.,2760,2266,3.07,6956.62,5464.8,1491.82,659,94.7
CHC-00271,Stevia Sweetened Sugar-Free Chocolate Pralines,Terra Cacao,Sugar-Free,Munich Factory C,Germany,Meridian Cacao Exchange,4951,4051,4.24,17176.24,8961.31,8214.93,1148,85.3
CHC-00272,Cranberry Walnut Fruit & Nut Chocolate Pralines,Ember & Oak,Fruit & Nut,Lima Factory S,Peru,Coastal Coconut Co.,9942,8011,3.96,31723.56,26147.46,5576.1,1991,100.0
CHC-00273,Salted Butter Caramel Chocolate Bar,Cacao Nomad,Caramel,Antwerp Factory A,Belgium,Nordic Milk Co.,2315,2130,4.89,10415.7,7014.45,3401.25,214,79.1
CHC-00274,Classic Sugar-Free Chocolate Wafer Bar,Bean & Bloom,Sugar-Free,Jakarta Factory O,Indonesia,Sahara Nut Suppliers,1842,1561,3.29,5135.69,3923.46,1212.23,445,95.1
CHC-00275,Stevia Sweetened Sugar-Free Chocolate Squares,Terra Cacao,Sugar-Free,Guayaquil Factory Q,Ecuador,Ivory Cocoa Traders,4079,3738,4.65,17381.7,8606.69,8775.01,460,86.0
CHC-00276,Oat Milk Blend Vegan Dark Chocolate Coated Nuts,Copper Kettle Chocolate,Vegan Dark,Toronto Factory B,Canada,Andes Bean Exporters,3142,2826,3.42,9664.92,4335.96,5328.96,413,87.5
CHC-00277,Espresso Infused Dark Chocolate Truffle Box,Northstar Confectionery,Dark,Medellin Factory R,Colombia,EcoPack Solutions,2963,2959,5.44,16096.96,6992.68,9104.28,186,94.1
CHC-00278,70% Intense Dark Chocolate Filled Bar,Golden Bean Co.,Dark,Turin Factory J,Italy,Global Cocoa Partners,3906,4155,6.28,26093.4,12186.72,13906.68,10,95.1
CHC-00279,Lemon Zest White Chocolate Coated Nuts,Auric Chocolate,White,Amsterdam Factory I,Netherlands,Coastal Coconut Co.,3312,2656,4.07,10809.92,7551.36,3258.56,932,93.7
CHC-00280,Tropical Mix Fruit & Nut Chocolate Chips (Baking),Highland Cacao,Fruit & Nut,Amsterdam Factory I,Netherlands,Global Cocoa Partners,9889,6726,3.9,26231.4,23733.6,2497.8,3338,78.5
CHC-00281,Plant-Based Classic Vegan Dark Chocolate Drops,Velvet Cacao,Vegan Dark,Dubai Factory W,UAE,Continental Sugar Corp,2777,2721,5.59,15210.39,10052.74,5157.65,322,95.5
CHC-00282,Organic Fair-Trade Chocolate Bar,Ember & Oak,Organic,Hershey Falls Factory X,USA,Coastal Coconut Co.,9617,8479,5.41,45871.39,32793.97,13077.42,1415,83.5
CHC-00283,70% Intense Dark Chocolate Coated Nuts,Auric Chocolate,Dark,Bern Factory B,Switzerland,Global Cocoa Partners,4550,3982,2.89,11507.98,7780.5,3727.48,806,86.9
CHC-00284,Sea Salt Milk Chocolate Truffle Box,Auric Chocolate,Milk,Osaka Factory M,Japan,Meridian Cacao Exchange,6607,6066,2.87,17409.42,10439.06,6970.36,588,89.3
CHC-00285,Soft Caramel Core Chocolate Truffle Box,Amber Cacao Co.,Caramel,Zurich Factory E,Switzerland,Global Cocoa Partners,5866,5131,2.81,14418.11,6687.24,7730.87,819,78.5
CHC-00286,Vanilla Bean White Chocolate Truffle Box,Cocoa Bloom,White,Antwerp Factory A,Belgium,Ivory Cocoa Traders,4916,4211,2.05,8632.55,4522.72,4109.83,904,95.8
CHC-00287,Classic Sugar-Free Chocolate Filled Bar,Cacao Verde,Sugar-Free,Cape Town Factory V,South Africa,EcoPack Solutions,3672,2786,5.34,14877.24,13035.6,1841.64,916,86.6
CHC-00288,Original Ruby Chocolate Coated Nuts,Blue Ridge Chocolatiers,Ruby,Oaxaca Factory Z,Mexico,Nordic Milk Co.,7283,6051,7.15,43264.65,24616.54,18648.11,1294,80.4
CHC-00289,Citrus Ruby Chocolate Truffle Box,Choco Artisan,Ruby,Toronto Factory B,Canada,EcoPack Solutions,3643,2888,7.88,22757.44,14572.0,8185.44,953,83.6
CHC-00290,70% Intense Dark Chocolate Drops,Blue Ridge Chocolatiers,Dark,Guadalajara Factory C,Mexico,Sunrise Vanilla Farms,2521,1736,3.86,6700.96,4033.6,2667.36,821,79.2
CHC-00291,Salted Butter Caramel Chocolate Truffle Box,Velvet Cacao,Caramel,Cologne Factory F,Germany,Alpine Dairy Co.,2574,2416,2.77,6692.32,3294.72,3397.6,263,79.9
CHC-00292,85% Extra Bold Dark Chocolate Squares,Pure Bloom Chocolatiers,Dark,Guadalajara Factory C,Mexico,Andes Bean Exporters,3988,3687,3.73,13752.51,8175.4,5577.11,483,90.5
CHC-00293,Coconut White Chocolate Squares,Whisk & Wonder,White,Munich Factory C,Germany,Ghana Bean Collective,3504,3006,2.6,7815.6,5150.88,2664.72,780,91.5
CHC-00294,Salted Butter Caramel Chocolate Wafer Bar,Cacao & Co.,Caramel,Lyon Factory G,France,Nordic Milk Co.,4653,4727,2.76,13046.52,8514.99,4531.53,10,97.0
CHC-00295,70% Intense Dark Chocolate Bar,Sunset Grove Chocolate,Dark,Pune Factory K,India,Andes Bean Exporters,10738,9584,3.07,29422.88,16214.38,13208.5,1453,100.0
CHC-00296,Single Origin Dark Chocolate Filled Bar,Cocoa Bloom,Dark,Lyon Factory G,France,Sunrise Vanilla Farms,8201,6791,4.63,31442.33,17386.12,14056.21,1471,93.9
CHC-00297,Classic Milk Chocolate Truffle Box,Terra Cacao,Milk,Antwerp Factory A,Belgium,Ivory Cocoa Traders,9986,7713,3.31,25530.03,18973.4,6556.63,2302,71.3
CHC-00298,Cranberry Walnut Fruit & Nut Chocolate Filled Bar,Ivory & Cocoa,Fruit & Nut,Jakarta Factory O,Indonesia,Coastal Coconut Co.,3401,2944,3.59,10568.96,6631.95,3937.01,542,93.0
CHC-00299,Confectionery Grade Compound Chocolate Wafer Bar,Sunset Grove Chocolate,Compound,Hershey Falls Factory X,USA,Sahara Nut Suppliers,1437,1359,2.24,3044.16,1508.85,1535.31,175,90.1
CHC-00300,Whole Hazelnut Chocolate Gift Box,Cocoa Bloom,Hazelnut,Pune Factory K,India,Sahara Nut Suppliers,6884,6958,5.45,37921.1,20445.48,17475.62,133,92.7
CHC-00301,Single Origin Dark Chocolate Truffle Box,TruffleWorks,Dark,Melbourne Factory N,Australia,TerraFair Trade Beans,4479,4143,3.97,16447.71,9540.27,6907.44,507,94.3
CHC-00302,Almond Crunch Chocolate Wafer Bar,Blue Ridge Chocolatiers,Almond,Jakarta Factory O,Indonesia,Alpine Dairy Co.,7416,6887,3.64,25068.68,18020.88,7047.8,822,89.5
CHC-00303,Classic Milk Chocolate Gift Box,Silk Route Chocolate,Milk,Pune Factory K,India,Sahara Nut Suppliers,3611,3633,3.46,12570.18,6174.81,6395.37,53,94.7
CHC-00304,Espresso Infused Dark Chocolate Bar,Ivory & Cocoa,Dark,Oaxaca Factory Z,Mexico,Ghana Bean Collective,2197,1706,6.24,10645.44,6349.33,4296.11,600,93.2
CHC-00305,Confectionery Grade Compound Chocolate Coated Nuts,TruffleWorks,Compound,Amsterdam Factory I,Netherlands,Sahara Nut Suppliers,2206,1887,2.29,4321.23,3375.18,946.05,492,100.0
CHC-00306,Organic Single Origin Chocolate Filled Bar,Amber Cacao Co.,Organic,Munich Factory C,Germany,Ivory Cocoa Traders,1969,1551,4.73,7336.23,4686.22,2650.01,574,83.7
CHC-00307,Bakers Classic Compound Chocolate Wafer Bar,Sunset Grove Chocolate,Compound,Bruges Factory D,Belgium,Ghana Bean Collective,8709,5840,1.26,7358.4,5051.22,2307.18,3108,81.4
CHC-00308,Espresso Infused Dark Chocolate Drops,Blue Ridge Chocolatiers,Dark,Pune Factory K,India,Heritage Almond Growers,3609,2855,3.07,8764.85,6027.03,2737.82,1013,86.8
CHC-00309,Organic Fair-Trade Chocolate Filled Bar,Terra Cacao,Organic,Amsterdam Factory I,Netherlands,TerraFair Trade Beans,2092,1655,5.41,8953.55,4978.96,3974.59,513,100.0
CHC-00310,Coconut White Chocolate Pralines,Sunset Grove Chocolate,White,Dubai Factory W,UAE,Global Cocoa Partners,1754,1571,3.79,5954.09,3595.7,2358.39,284,74.1
CHC-00311,Classic Sugar-Free Chocolate Filled Bar,Ivory & Cocoa,Sugar-Free,Osaka Factory M,Japan,Ghana Bean Collective,6095,5124,3.36,17216.64,8776.8,8439.84,1135,86.7
CHC-00312,Honeycomb Milk Chocolate Wafer Bar,Cacao Nomad,Milk,Melbourne Factory N,Australia,Sunrise Vanilla Farms,5961,6027,3.1,18683.7,9954.87,8728.83,45,80.3
CHC-00313,Organic Single Origin Chocolate Coated Nuts,Amber Cacao Co.,Organic,Munich Factory C,Germany,Alpine Dairy Co.,2484,2103,4.12,8664.36,6532.92,2131.44,632,87.5
CHC-00314,Marzipan Style Almond Chocolate Gift Box,Auric Chocolate,Almond,Oaxaca Factory Z,Mexico,Meridian Cacao Exchange,3659,3754,4.72,17718.88,9769.53,7949.35,83,90.9
CHC-00315,70% Intense Dark Chocolate Coated Nuts,Northstar Confectionery,Dark,Abidjan Factory U,Cote d'Ivoire,Ivory Cocoa Traders,4594,4123,2.98,12286.54,6064.08,6222.46,586,81.6
CHC-00316,Organic Raw Cacao Chocolate Pralines,Cacao Verde,Organic,Lima Factory S,Peru,Andes Bean Exporters,5381,5457,5.32,29031.24,14367.27,14663.97,77,96.7
CHC-00317,70% Intense Dark Chocolate Bar,Cacao Nomad,Dark,Sao Paulo Factory P,Brazil,Pacific Sugar Mills,2445,2227,4.91,10934.57,5965.8,4968.77,259,100.0
CHC-00318,Espresso Infused Dark Chocolate Wafer Bar,Cacao Verde,Dark,Cape Town Factory V,South Africa,EcoPack Solutions,5195,5305,5.56,29495.8,18390.3,11105.5,75,85.0
CHC-00319,Sea Salt Milk Chocolate Truffle Box,Maison Cacao,Milk,Shanghai Factory L,China,Sunrise Vanilla Farms,3487,2669,2.43,6485.67,3452.13,3033.54,924,94.3
CHC-00320,Classic Sugar-Free Chocolate Wafer Bar,Velvet Cacao,Sugar-Free,Antwerp Factory A,Belgium,Nordic Milk Co.,1964,1398,3.93,5494.14,3986.92,1507.22,757,81.8
CHC-00321,Stevia Sweetened Sugar-Free Chocolate Chips (Baking),Pure Bloom Chocolatiers,Sugar-Free,Pune Factory K,India,TerraFair Trade Beans,1880,1447,3.91,5657.77,4888.0,769.77,577,80.7
CHC-00322,Espresso Infused Dark Chocolate Gift Box,Sunset Grove Chocolate,Dark,Lyon Factory G,France,Ghana Bean Collective,3124,2384,4.06,9679.04,5810.64,3868.4,991,93.5
CHC-00323,Sea Salt Caramel Chocolate Filled Bar,Copper Kettle Chocolate,Caramel,Lima Factory S,Peru,Ivory Cocoa Traders,2890,2779,3.34,9281.86,6358.0,2923.86,230,93.4
CHC-00324,85% Extra Bold Dark Chocolate Pralines,Rainforest Bloom,Dark,Abidjan Factory U,Cote d'Ivoire,TerraFair Trade Beans,811,687,6.49,4458.63,2522.21,1936.42,239,80.5
CHC-00325,85% Extra Bold Dark Chocolate Filled Bar,Blue Ridge Chocolatiers,Dark,Guadalajara Factory C,Mexico,Pacific Sugar Mills,3077,3135,4.55,14264.25,9138.69,5125.56,117,92.5
CHC-00326,Roasted Almond Chocolate Chips (Baking),Ivory & Cocoa,Almond,Accra Factory T,Ghana,Continental Sugar Corp,3949,4277,3.81,16295.37,8450.86,7844.51,10,98.1
CHC-00327,Gianduja Style Hazelnut Chocolate Bar,Highland Cacao,Hazelnut,Medellin Factory R,Colombia,Sahara Nut Suppliers,6560,5563,5.04,28037.52,21385.6,6651.92,1069,84.2
CHC-00328,Vanilla Bean White Chocolate Chips (Baking),Northstar Confectionery,White,Bruges Factory D,Belgium,EcoPack Solutions,3442,2929,3.61,10573.69,6884.0,3689.69,723,77.2
CHC-00329,Honeycomb Milk Chocolate Filled Bar,Auric Chocolate,Milk,Turin Factory J,Italy,Continental Sugar Corp,3664,3095,3.19,9873.05,4836.48,5036.57,633,90.2
CHC-00330,Coconut White Chocolate Coated Nuts,Maison Cacao,White,Cape Town Factory V,South Africa,Sahara Nut Suppliers,5287,5238,3.61,18909.18,10309.65,8599.53,168,95.4
CHC-00331,70% Intense Dark Chocolate Drops,Amber Cacao Co.,Dark,Bruges Factory D,Belgium,Meridian Cacao Exchange,2515,2597,6.49,16854.53,9431.25,7423.28,62,88.1
CHC-00332,Whole Hazelnut Chocolate Bar,Copper Kettle Chocolate,Hazelnut,Accra Factory T,Ghana,Coastal Coconut Co.,1611,1376,3.7,5091.2,2899.8,2191.4,446,92.3
CHC-00333,Salted Butter Caramel Chocolate Wafer Bar,Bean & Bloom,Caramel,Bordeaux Factory D,France,Alpine Dairy Co.,6016,5961,4.82,28732.02,13957.12,14774.9,157,84.4
CHC-00334,Organic Fair-Trade Chocolate Drops,Ember & Oak,Organic,Zurich Factory E,Switzerland,Ghana Bean Collective,3018,2146,3.7,7940.2,6156.72,1783.48,1105,90.0
CHC-00335,Soft Caramel Core Chocolate Drops,Amber Cacao Co.,Caramel,Zurich Factory E,Switzerland,EcoPack Solutions,4416,3036,4.37,13267.32,10377.6,2889.72,1420,86.3
CHC-00336,Salted Butter Caramel Chocolate Chips (Baking),Ember & Oak,Caramel,Turin Factory J,Italy,Alpine Dairy Co.,3469,3327,4.02,13374.54,9470.37,3904.17,439,89.4
CHC-00337,85% Extra Bold Dark Chocolate Filled Bar,Choco Artisan,Dark,Dubai Factory W,UAE,Global Cocoa Partners,7073,5994,6.03,36143.82,25321.34,10822.48,1246,93.1
CHC-00338,Marzipan Style Almond Chocolate Bar,Silk Route Chocolate,Almond,Medellin Factory R,Colombia,EcoPack Solutions,4029,3812,3.39,12922.68,5560.02,7362.66,305,87.7
CHC-00339,Biscuit Milk Chocolate Bar,Cacao Nomad,Milk,Shanghai Factory L,China,Continental Sugar Corp,3218,3023,4.17,12605.91,8720.78,3885.13,477,87.2
CHC-00340,Bakers Classic Compound Chocolate Chips (Baking),Silk Route Chocolate,Compound,Turin Factory J,Italy,Continental Sugar Corp,12219,10712,1.69,18103.28,11730.24,6373.04,1581,77.4
CHC-00341,Organic Single Origin Chocolate Squares,Northstar Confectionery,Organic,Lima Factory S,Peru,EcoPack Solutions,3088,3093,4.94,15279.42,7812.64,7466.78,157,74.9
CHC-00342,Classic Milk Chocolate Drops,Sunset Grove Chocolate,Milk,Jakarta Factory O,Indonesia,TerraFair Trade Beans,13004,10730,3.29,35301.7,22366.88,12934.82,2374,84.1
CHC-00343,Tropical Mix Fruit & Nut Chocolate Wafer Bar,Whisk & Wonder,Fruit & Nut,Sao Paulo Factory P,Brazil,Continental Sugar Corp,3703,2950,3.42,10089.0,8109.57,1979.43,935,87.8
CHC-00344,Espresso Infused Dark Chocolate Squares,Cacao & Co.,Dark,Bristol Factory H,United Kingdom,Global Cocoa Partners,1921,1805,5.58,10071.9,4629.61,5442.29,151,85.3
CHC-00345,Honeycomb Milk Chocolate Squares,Sunset Grove Chocolate,Milk,Antwerp Factory A,Belgium,Coastal Coconut Co.,2058,1590,2.8,4452.0,3128.16,1323.84,489,88.1
CHC-00346,Raisin & Almond Fruit & Nut Chocolate Drops,Silk Route Chocolate,Fruit & Nut,Osaka Factory M,Japan,Continental Sugar Corp,5213,4777,4.13,19729.01,12667.59,7061.42,497,85.8
CHC-00347,Stevia Sweetened Sugar-Free Chocolate Gift Box,Cacao Nomad,Sugar-Free,Osaka Factory M,Japan,Pacific Sugar Mills,1222,1142,5.81,6635.02,4142.58,2492.44,306,84.9
CHC-00348,Almond Crunch Chocolate Chips (Baking),Sunset Grove Chocolate,Almond,Toronto Factory B,Canada,Amazon Cacao Growers,2867,2628,3.18,8357.04,4931.24,3425.8,321,83.6
CHC-00349,70% Intense Dark Chocolate Truffle Box,Wildflower Cacao,Dark,Zurich Factory E,Switzerland,Continental Sugar Corp,2854,2656,3.15,8366.4,4252.46,4113.94,479,87.2
CHC-00350,Tropical Mix Fruit & Nut Chocolate Drops,Golden Bean Co.,Fruit & Nut,Bordeaux Factory D,France,Heritage Almond Growers,1070,1027,4.83,4960.41,3509.6,1450.81,208,92.9
CHC-00351,Diabetic Friendly Sugar-Free Chocolate Chips (Baking),Cacao Verde,Sugar-Free,Jakarta Factory O,Indonesia,Heritage Almond Growers,9776,8716,4.6,40093.6,29034.72,11058.88,1265,85.9
CHC-00352,Tropical Mix Fruit & Nut Chocolate Filled Bar,Cacao Verde,Fruit & Nut,Jakarta Factory O,Indonesia,Meridian Cacao Exchange,7358,5625,3.87,21768.75,12140.7,9628.05,1809,76.5
CHC-00353,Marzipan Style Almond Chocolate Chips (Baking),Blue Ridge Chocolatiers,Almond,Medellin Factory R,Colombia,Sahara Nut Suppliers,4582,3879,4.99,19356.21,10034.58,9321.63,792,81.9
CHC-00354,Plant-Based Classic Vegan Dark Chocolate Pralines,Ember & Oak,Vegan Dark,Bern Factory B,Switzerland,Meridian Cacao Exchange,9739,9721,5.3,51521.3,29801.34,21719.96,271,81.7
CHC-00355,Raspberry Swirl White Chocolate Pralines,Copper Kettle Chocolate,White,Amsterdam Factory I,Netherlands,Ivory Cocoa Traders,6330,5771,2.61,15062.31,7912.5,7149.81,678,88.7
CHC-00356,Honeycomb Milk Chocolate Coated Nuts,Choco Artisan,Milk,Jakarta Factory O,Indonesia,Amazon Cacao Growers,5932,4940,3.77,18623.8,13880.88,4742.92,1187,94.8
CHC-00357,Lemon Zest White Chocolate Drops,Sunset Grove Chocolate,White,Dubai Factory W,UAE,Nordic Milk Co.,7477,6587,3.51,23120.37,15701.7,7418.67,1179,68.8
CHC-00358,Organic Raw Cacao Chocolate Chips (Baking),Sunset Grove Chocolate,Organic,Shanghai Factory L,China,Heritage Almond Growers,4565,4539,3.8,17248.2,11503.8,5744.4,315,82.6
CHC-00359,Plant-Based Classic Vegan Dark Chocolate Bar,Velvet Cacao,Vegan Dark,Amsterdam Factory I,Netherlands,Ivory Cocoa Traders,4949,4579,4.06,18590.74,13411.79,5178.95,644,83.0
CHC-00360,Classic Milk Chocolate Filled Bar,Whisk & Wonder,Milk,Portland Factory A,USA,Global Cocoa Partners,6392,5392,4.21,22700.32,18217.2,4483.12,1297,100.0
CHC-00361,Honeycomb Milk Chocolate Truffle Box,Terra Cacao,Milk,Melbourne Factory N,Australia,TerraFair Trade Beans,2743,2609,4.25,11088.25,6281.47,4806.78,310,82.9
CHC-00362,Whole Hazelnut Chocolate Pralines,TruffleWorks,Hazelnut,Munich Factory C,Germany,TerraFair Trade Beans,9285,6224,5.45,33920.8,20705.55,13215.25,3333,91.5
CHC-00363,Espresso Infused Dark Chocolate Filled Bar,Cocoa Bloom,Dark,Pune Factory K,India,Pacific Sugar Mills,737,603,3.28,1977.84,1370.82,607.02,265,98.5
CHC-00364,Organic Raw Cacao Chocolate Filled Bar,Copper Kettle Chocolate,Organic,Medellin Factory R,Colombia,Coastal Coconut Co.,7145,5624,7.19,40436.56,23364.15,17072.41,1770,84.5
CHC-00365,Whole Hazelnut Chocolate Wafer Bar,Cacao Verde,Hazelnut,Munich Factory C,Germany,Nordic Milk Co.,13436,11997,5.36,64303.92,34933.6,29370.32,1523,86.7
CHC-00366,Almond Crunch Chocolate Wafer Bar,Wildflower Cacao,Almond,Shanghai Factory L,China,Continental Sugar Corp,3441,2946,4.2,12373.2,8430.45,3942.75,530,87.5
CHC-00367,Raspberry Swirl White Chocolate Squares,Sunset Grove Chocolate,White,Sao Paulo Factory P,Brazil,Pacific Sugar Mills,2532,2402,4.38,10520.76,4709.52,5811.24,281,89.3
CHC-00368,Praline Hazelnut Chocolate Squares,Noir Origins,Hazelnut,Bordeaux Factory D,France,Meridian Cacao Exchange,1814,1632,3.26,5320.32,3047.52,2272.8,349,82.2
CHC-00369,Sea Salt Milk Chocolate Filled Bar,Terra Cacao,Milk,Hershey Falls Factory X,USA,Continental Sugar Corp,4394,3985,4.37,17414.45,8612.24,8802.21,525,88.8
CHC-00370,85% Extra Bold Dark Chocolate Squares,Cocoa Bloom,Dark,Jakarta Factory O,Indonesia,Coastal Coconut Co.,2542,2378,4.27,10154.06,4982.32,5171.74,206,84.1
CHC-00371,Soft Caramel Core Chocolate Pralines,Ivory & Cocoa,Caramel,Pune Factory K,India,Ivory Cocoa Traders,3823,2805,4.76,13351.8,8181.22,5170.58,1236,82.8
CHC-00372,Tropical Mix Fruit & Nut Chocolate Truffle Box,Cocoa Bloom,Fruit & Nut,Jakarta Factory O,Indonesia,Ghana Bean Collective,7495,7212,2.99,21563.88,12291.8,9272.08,513,98.2
CHC-00373,Almond Crunch Chocolate Squares,Blue Ridge Chocolatiers,Almond,Guadalajara Factory C,Mexico,Coastal Coconut Co.,3009,2680,4.77,12783.6,8455.29,4328.31,557,77.4
CHC-00374,Biscuit Milk Chocolate Bar,Cacao & Co.,Milk,Toronto Factory B,Canada,Continental Sugar Corp,10146,8756,2.44,21364.64,14914.62,6450.02,1435,94.6
CHC-00375,Soft Caramel Core Chocolate Chips (Baking),Wildflower Cacao,Caramel,Hershey Falls Factory X,USA,Global Cocoa Partners,4420,4749,3.02,14341.98,7425.6,6916.38,10,86.5
CHC-00376,Vanilla Bean White Chocolate Filled Bar,Silk Route Chocolate,White,Lima Factory S,Peru,Alpine Dairy Co.,5250,4821,2.68,12920.28,9345.0,3575.28,622,87.4
CHC-00377,Espresso Infused Dark Chocolate Squares,Copper Kettle Chocolate,Dark,Antwerp Factory A,Belgium,Coastal Coconut Co.,4998,4388,2.75,12067.0,7147.14,4919.86,735,83.3
CHC-00378,Biscuit Milk Chocolate Bar,Cacao & Co.,Milk,Sao Paulo Factory P,Brazil,Nordic Milk Co.,29476,25675,4.16,106808.0,79290.44,27517.56,4051,88.8
CHC-00379,Biscuit Milk Chocolate Gift Box,Cocoa Bloom,Milk,Melbourne Factory N,Australia,EcoPack Solutions,10563,9957,4.49,44706.93,22710.45,21996.48,669,92.0
CHC-00380,Sea Salt Milk Chocolate Wafer Bar,Cacao Verde,Milk,Guayaquil Factory Q,Ecuador,Ghana Bean Collective,5555,5734,2.79,15997.86,7721.45,8276.41,10,80.4
CHC-00381,Whole Hazelnut Chocolate Filled Bar,Amber Cacao Co.,Hazelnut,Melbourne Factory N,Australia,Ivory Cocoa Traders,3632,3769,5.59,21068.71,12820.96,8247.75,10,91.8
CHC-00382,Lemon Zest White Chocolate Coated Nuts,Cocoa Bloom,White,Guayaquil Factory Q,Ecuador,Nordic Milk Co.,5947,5481,4.09,22417.29,11834.53,10582.76,633,73.2
CHC-00383,85% Extra Bold Dark Chocolate Pralines,Maison Cacao,Dark,Sao Paulo Factory P,Brazil,Heritage Almond Growers,6293,5355,5.1,27310.5,19885.88,7424.62,1123,81.8
CHC-00384,Bakers Classic Compound Chocolate Gift Box,Terra Cacao,Compound,Osaka Factory M,Japan,Coastal Coconut Co.,2415,1814,1.44,2612.16,2004.45,607.71,876,78.5
CHC-00385,Berry Burst Ruby Chocolate Gift Box,Terra Cacao,Ruby,Osaka Factory M,Japan,Alpine Dairy Co.,2903,3168,5.27,16695.36,8041.31,8654.05,10,85.8
CHC-00386,Original Ruby Chocolate Truffle Box,Blue Ridge Chocolatiers,Ruby,Bruges Factory D,Belgium,Ivory Cocoa Traders,5634,5935,6.23,36975.05,17859.78,19115.27,10,92.1
CHC-00387,Original Ruby Chocolate Bar,Rainforest Bloom,Ruby,Antwerp Factory A,Belgium,Nordic Milk Co.,5917,4828,5.0,24140.0,13904.95,10235.05,1245,82.5
CHC-00388,Praline Hazelnut Chocolate Chips (Baking),Blue Ridge Chocolatiers,Hazelnut,Jakarta Factory O,Indonesia,Alpine Dairy Co.,2301,1965,5.93,11652.45,8214.57,3437.88,605,89.6
CHC-00389,Whole Hazelnut Chocolate Drops,Cacao Nomad,Hazelnut,Osaka Factory M,Japan,Global Cocoa Partners,4035,4099,5.81,23815.19,10934.85,12880.34,146,86.5
CHC-00390,Plant-Based Classic Vegan Dark Chocolate Squares,Ivory & Cocoa,Vegan Dark,Shanghai Factory L,China,Ivory Cocoa Traders,2328,2248,6.2,13937.6,6890.88,7046.72,324,96.6
CHC-00391,Lemon Zest White Chocolate Coated Nuts,Northstar Confectionery,White,Lima Factory S,Peru,TerraFair Trade Beans,3027,2719,4.2,11419.8,7204.26,4215.54,493,74.9
CHC-00392,Confectionery Grade Compound Chocolate Coated Nuts,Cacao Verde,Compound,Montreal Factory Y,Canada,Global Cocoa Partners,2585,2670,2.1,5607.0,3257.1,2349.9,172,75.5
CHC-00393,Raisin & Almond Fruit & Nut Chocolate Gift Box,Ivory & Cocoa,Fruit & Nut,Lyon Factory G,France,Coastal Coconut Co.,8791,7150,3.22,23023.0,13801.87,9221.13,1692,85.7
CHC-00394,Classic Milk Chocolate Bar,Choco Artisan,Milk,Amsterdam Factory I,Netherlands,Amazon Cacao Growers,2515,1994,4.35,8673.9,4929.4,3744.5,607,73.9
CHC-00395,Espresso Infused Dark Chocolate Gift Box,Pure Bloom Chocolatiers,Dark,Bruges Factory D,Belgium,Amazon Cacao Growers,6161,5674,5.99,33987.26,18483.0,15504.26,558,88.4
CHC-00396,Raspberry Swirl White Chocolate Wafer Bar,Bean & Bloom,White,Amsterdam Factory I,Netherlands,Heritage Almond Growers,8188,8189,3.3,27023.7,17194.8,9828.9,56,88.8
CHC-00397,Original Ruby Chocolate Chips (Baking),Wildflower Cacao,Ruby,Portland Factory A,USA,Ghana Bean Collective,3191,2552,7.28,18578.56,12476.81,6101.75,713,81.1
CHC-00398,Gianduja Style Hazelnut Chocolate Bar,Terra Cacao,Hazelnut,Amsterdam Factory I,Netherlands,Global Cocoa Partners,10547,7891,5.4,42611.4,37441.85,5169.55,2787,81.8
CHC-00399,Coconut Sugar Vegan Dark Chocolate Filled Bar,Auric Chocolate,Vegan Dark,Bruges Factory D,Belgium,Heritage Almond Growers,7079,6530,4.08,26642.4,13591.68,13050.72,728,89.2
CHC-00400,Bakers Classic Compound Chocolate Pralines,Noir Origins,Compound,Cape Town Factory V,South Africa,Meridian Cacao Exchange,2762,2426,2.5,6065.0,2927.72,3137.28,620,90.3
CHC-00401,Original Ruby Chocolate Coated Nuts,Bean & Bloom,Ruby,Guayaquil Factory Q,Ecuador,Meridian Cacao Exchange,6184,5202,7.79,40523.58,29312.16,11211.42,1048,85.8
CHC-00402,Tropical Mix Fruit & Nut Chocolate Coated Nuts,Whisk & Wonder,Fruit & Nut,Toronto Factory B,Canada,Sahara Nut Suppliers,5367,4812,4.0,19248.0,13900.53,5347.47,648,91.6
CHC-00403,Sea Salt Caramel Chocolate Chips (Baking),Cocoa Bloom,Caramel,Bordeaux Factory D,France,Amazon Cacao Growers,2925,2556,4.74,12115.44,6610.5,5504.94,598,82.8
CHC-00404,Vanilla Bean White Chocolate Squares,Blue Ridge Chocolatiers,White,Zurich Factory E,Switzerland,Sunrise Vanilla Farms,3040,2864,3.75,10740.0,5928.0,4812.0,382,89.2
CHC-00405,Organic Raw Cacao Chocolate Squares,Cacao & Co.,Organic,Amsterdam Factory I,Netherlands,Continental Sugar Corp,1660,1585,4.97,7877.45,4399.0,3478.45,261,95.2
CHC-00406,Single Origin Dark Chocolate Drops,Blue Ridge Chocolatiers,Dark,Dubai Factory W,UAE,EcoPack Solutions,6462,6071,3.87,23494.77,10274.58,13220.19,542,94.5
CHC-00407,Organic Raw Cacao Chocolate Truffle Box,Amber Cacao Co.,Organic,Bordeaux Factory D,France,Alpine Dairy Co.,2600,2434,3.6,8762.4,5512.0,3250.4,216,80.7
CHC-00408,Salted Butter Caramel Chocolate Truffle Box,Amber Cacao Co.,Caramel,Oaxaca Factory Z,Mexico,TerraFair Trade Beans,8790,7642,3.39,25906.38,13448.7,12457.68,1313,81.8
CHC-00409,Soft Caramel Core Chocolate Bar,Cacao Verde,Caramel,Accra Factory T,Ghana,Amazon Cacao Growers,7191,6453,2.74,17681.22,11361.78,6319.44,976,81.9
CHC-00410,Tropical Mix Fruit & Nut Chocolate Coated Nuts,Terra Cacao,Fruit & Nut,Melbourne Factory N,Australia,Nordic Milk Co.,4514,3533,3.79,13390.07,7673.8,5716.27,1017,88.9
CHC-00411,Bakers Classic Compound Chocolate Filled Bar,Cacao & Co.,Compound,Osaka Factory M,Japan,Amazon Cacao Growers,10459,8821,1.54,13584.34,10668.18,2916.16,1715,90.6
CHC-00412,Single Origin Dark Chocolate Bar,Maison Cacao,Dark,Toronto Factory B,Canada,Heritage Almond Growers,5387,4041,3.51,14183.91,7595.67,6588.24,1465,79.0
CHC-00413,Gianduja Style Hazelnut Chocolate Chips (Baking),Pure Bloom Chocolatiers,Hazelnut,Abidjan Factory U,Cote d'Ivoire,Sahara Nut Suppliers,2848,2384,4.88,11633.92,7945.92,3688.0,688,79.1
CHC-00414,Organic Single Origin Chocolate Pralines,Silk Route Chocolate,Organic,Accra Factory T,Ghana,Global Cocoa Partners,2441,2016,5.14,10362.24,6517.47,3844.77,551,88.8
CHC-00415,Tropical Mix Fruit & Nut Chocolate Filled Bar,Ivory & Cocoa,Fruit & Nut,Cologne Factory F,Germany,Ivory Cocoa Traders,1674,1365,5.12,6988.8,5273.1,1715.7,402,71.1
CHC-00416,Classic Milk Chocolate Filled Bar,Silk Route Chocolate,Milk,Melbourne Factory N,Australia,Ivory Cocoa Traders,6499,6377,4.39,27995.03,12218.12,15776.91,315,93.9
CHC-00417,Raspberry Swirl White Chocolate Drops,Terra Cacao,White,Jakarta Factory O,Indonesia,Meridian Cacao Exchange,4260,3570,2.57,9174.9,4984.2,4190.7,895,87.1
CHC-00418,Biscuit Milk Chocolate Coated Nuts,Noir Origins,Milk,Portland Factory A,USA,Amazon Cacao Growers,2552,2001,2.56,5122.56,3751.44,1371.12,615,81.6
CHC-00419,Sea Salt Caramel Chocolate Truffle Box,Bean & Bloom,Caramel,Portland Factory A,USA,Continental Sugar Corp,8383,7621,3.7,28197.7,12574.5,15623.2,867,94.3
CHC-00420,Roasted Almond Chocolate Drops,Maison Cacao,Almond,Osaka Factory M,Japan,Amazon Cacao Growers,13522,13250,3.14,41605.0,17578.6,24026.4,555,87.3
CHC-00421,Raisin & Almond Fruit & Nut Chocolate Bar,Golden Bean Co.,Fruit & Nut,Bordeaux Factory D,France,Coastal Coconut Co.,3690,3075,5.43,16697.25,9557.1,7140.15,858,82.8
CHC-00422,Biscuit Milk Chocolate Squares,Highland Cacao,Milk,Bordeaux Factory D,France,Pacific Sugar Mills,4024,2564,2.07,5307.48,4184.96,1122.52,1723,100.0
CHC-00423,Marzipan Style Almond Chocolate Bar,Highland Cacao,Almond,Bruges Factory D,Belgium,TerraFair Trade Beans,12498,11459,4.92,56378.28,35869.26,20509.02,1247,87.4
CHC-00424,85% Extra Bold Dark Chocolate Drops,Blue Ridge Chocolatiers,Dark,Antwerp Factory A,Belgium,TerraFair Trade Beans,3544,2668,4.35,11605.8,6627.28,4978.52,930,88.1
CHC-00425,Almond Crunch Chocolate Chips (Baking),Pure Bloom Chocolatiers,Almond,Montreal Factory Y,Canada,Ghana Bean Collective,4827,4274,3.89,16625.86,7771.47,8854.39,809,89.9
CHC-00426,Plant-Based Classic Vegan Dark Chocolate Chips (Baking),Noir Origins,Vegan Dark,Bordeaux Factory D,France,TerraFair Trade Beans,8004,7836,3.4,26642.4,16728.36,9914.04,407,86.8
CHC-00427,Biscuit Milk Chocolate Coated Nuts,Whisk & Wonder,Milk,Sao Paulo Factory P,Brazil,Global Cocoa Partners,4095,3060,3.82,11689.2,7084.35,4604.85,1169,91.4
CHC-00428,Whole Hazelnut Chocolate Wafer Bar,Cacao Nomad,Hazelnut,Bern Factory B,Switzerland,Heritage Almond Growers,7157,5855,5.77,33783.35,26123.05,7660.3,1396,84.2
CHC-00429,Coconut Sugar Vegan Dark Chocolate Squares,Blue Ridge Chocolatiers,Vegan Dark,Bern Factory B,Switzerland,Heritage Almond Growers,4950,4428,4.11,18199.08,9801.0,8398.08,656,93.7
CHC-00430,Coconut White Chocolate Wafer Bar,Noir Origins,White,Bordeaux Factory D,France,Ghana Bean Collective,3992,3794,2.13,8081.22,4431.12,3650.1,413,88.9
CHC-00431,Salted Butter Caramel Chocolate Coated Nuts,Terra Cacao,Caramel,Antwerp Factory A,Belgium,Meridian Cacao Exchange,6997,7163,4.43,31732.09,20921.03,10811.06,65,88.6
CHC-00432,Espresso Infused Dark Chocolate Truffle Box,Pure Bloom Chocolatiers,Dark,Turin Factory J,Italy,Sunrise Vanilla Farms,10614,11675,5.29,61760.75,23881.5,37879.25,10,94.7
CHC-00433,Citrus Ruby Chocolate Pralines,Whisk & Wonder,Ruby,Cologne Factory F,Germany,Andes Bean Exporters,3257,2473,4.69,11598.37,6318.58,5279.79,832,79.6
CHC-00434,Organic Raw Cacao Chocolate Coated Nuts,Ember & Oak,Organic,Munich Factory C,Germany,Continental Sugar Corp,2763,2864,4.29,12286.56,5387.85,6898.71,191,87.7
CHC-00435,Honeycomb Milk Chocolate Truffle Box,Cacao Nomad,Milk,Bordeaux Factory D,France,Global Cocoa Partners,3973,4278,3.93,16812.54,8303.57,8508.97,10,92.3
CHC-00436,Citrus Ruby Chocolate Chips (Baking),Highland Cacao,Ruby,Medellin Factory R,Colombia,Pacific Sugar Mills,2079,1795,5.39,9675.05,6486.48,3188.57,378,94.4
CHC-00437,Biscuit Milk Chocolate Truffle Box,Golden Bean Co.,Milk,Portland Factory A,USA,Ghana Bean Collective,3217,2595,2.7,7006.5,5211.54,1794.96,776,86.1
CHC-00438,Bakers Classic Compound Chocolate Truffle Box,Cacao Verde,Compound,Bern Factory B,Switzerland,Global Cocoa Partners,3314,2858,1.29,3686.82,2187.24,1499.58,705,83.4
CHC-00439,Soft Caramel Core Chocolate Coated Nuts,Amber Cacao Co.,Caramel,Shanghai Factory L,China,Heritage Almond Growers,3181,3499,4.25,14870.75,5503.13,9367.62,10,93.8
CHC-00440,Cranberry Walnut Fruit & Nut Chocolate Truffle Box,Cacao & Co.,Fruit & Nut,Cologne Factory F,Germany,Pacific Sugar Mills,1899,1698,4.92,8354.16,4576.59,3777.57,248,75.3
CHC-00441,Lemon Zest White Chocolate Coated Nuts,Auric Chocolate,White,Accra Factory T,Ghana,Alpine Dairy Co.,687,504,3.61,1819.44,1669.41,150.03,391,95.2
CHC-00442,Soft Caramel Core Chocolate Bar,TruffleWorks,Caramel,Zurich Factory E,Switzerland,Meridian Cacao Exchange,2099,1810,3.61,6534.1,4848.69,1685.41,482,75.4
CHC-00443,Tropical Mix Fruit & Nut Chocolate Gift Box,Highland Cacao,Fruit & Nut,Portland Factory A,USA,Sahara Nut Suppliers,2371,1735,4.48,7772.8,7065.58,707.22,760,80.6
CHC-00444,Organic Single Origin Chocolate Pralines,Auric Chocolate,Organic,Bristol Factory H,United Kingdom,Coastal Coconut Co.,2072,2018,4.26,8596.68,5055.68,3541.0,174,94.3
CHC-00445,Single Origin Dark Chocolate Bar,Silk Route Chocolate,Dark,Bristol Factory H,United Kingdom,Amazon Cacao Growers,2293,1826,3.48,6354.48,4631.86,1722.62,737,87.3
CHC-00446,Tropical Mix Fruit & Nut Chocolate Gift Box,Pure Bloom Chocolatiers,Fruit & Nut,Accra Factory T,Ghana,EcoPack Solutions,9485,8328,3.48,28981.44,15934.8,13046.64,1387,81.4
CHC-00447,Espresso Infused Dark Chocolate Gift Box,Silk Route Chocolate,Dark,Melbourne Factory N,Australia,Sahara Nut Suppliers,4965,4055,5.31,21532.05,17178.9,4353.15,1121,96.2
CHC-00448,Classic Milk Chocolate Pralines,Copper Kettle Chocolate,Milk,Abidjan Factory U,Cote d'Ivoire,TerraFair Trade Beans,29788,28933,2.79,80723.07,46469.28,34253.79,891,89.9
CHC-00449,Raisin & Almond Fruit & Nut Chocolate Coated Nuts,Rainforest Bloom,Fruit & Nut,Toronto Factory B,Canada,Andes Bean Exporters,9336,7818,5.05,39480.9,22313.04,17167.86,1677,83.8
CHC-00450,Classic Milk Chocolate Gift Box,Wildflower Cacao,Milk,Jakarta Factory O,Indonesia,Continental Sugar Corp,12234,11099,2.3,25527.7,15047.82,10479.88,1275,91.8
CHC-00451,85% Extra Bold Dark Chocolate Gift Box,Silk Route Chocolate,Dark,Lyon Factory G,France,Ivory Cocoa Traders,3294,2938,2.53,7433.14,4743.36,2689.78,510,90.3
CHC-00452,Sea Salt Milk Chocolate Bar,Maison Cacao,Milk,Abidjan Factory U,Cote d'Ivoire,Andes Bean Exporters,3427,3453,3.1,10704.3,5586.01,5118.29,98,86.2
CHC-00453,Gianduja Style Hazelnut Chocolate Squares,Northstar Confectionery,Hazelnut,Portland Factory A,USA,Alpine Dairy Co.,5285,5300,5.73,30369.0,13423.9,16945.1,131,93.0
CHC-00454,Biscuit Milk Chocolate Pralines,TruffleWorks,Milk,Bern Factory B,Switzerland,Coastal Coconut Co.,21314,22182,2.2,48800.4,30052.74,18747.66,10,91.2
CHC-00455,Coconut White Chocolate Filled Bar,Sunset Grove Chocolate,White,Portland Factory A,USA,EcoPack Solutions,21190,21611,2.26,48840.86,28394.6,20446.26,10,78.2
CHC-00456,85% Extra Bold Dark Chocolate Bar,Ivory & Cocoa,Dark,Oaxaca Factory Z,Mexico,Amazon Cacao Growers,15331,15204,5.37,81645.48,46606.24,35039.24,227,89.4
CHC-00457,Almond Crunch Chocolate Bar,Sunset Grove Chocolate,Almond,Oaxaca Factory Z,Mexico,Continental Sugar Corp,4434,4092,5.01,20500.92,14942.58,5558.34,631,89.9
CHC-00458,Raspberry Swirl White Chocolate Filled Bar,Rainforest Bloom,White,Montreal Factory Y,Canada,EcoPack Solutions,5234,4465,2.72,12144.8,9630.56,2514.24,910,91.2
CHC-00459,Diabetic Friendly Sugar-Free Chocolate Gift Box,Cacao & Co.,Sugar-Free,Guadalajara Factory C,Mexico,Ghana Bean Collective,4438,3522,4.13,14545.86,12382.02,2163.84,1213,81.6
CHC-00460,70% Intense Dark Chocolate Filled Bar,Cacao Verde,Dark,Portland Factory A,USA,Sunrise Vanilla Farms,11756,9771,6.2,60580.2,29977.8,30602.4,2268,94.6
CHC-00461,Gianduja Style Hazelnut Chocolate Drops,Pure Bloom Chocolatiers,Hazelnut,Munich Factory C,Germany,Coastal Coconut Co.,1022,875,3.12,2730.0,2125.76,604.24,393,77.4
CHC-00462,Biscuit Milk Chocolate Filled Bar,Noir Origins,Milk,Guadalajara Factory C,Mexico,Nordic Milk Co.,4604,4643,4.36,20243.48,9806.52,10436.96,201,84.4
CHC-00463,Praline Hazelnut Chocolate Coated Nuts,Noir Origins,Hazelnut,Sao Paulo Factory P,Brazil,Coastal Coconut Co.,8476,7212,3.93,28343.16,19410.04,8933.12,1442,85.7
CHC-00464,Raspberry Swirl White Chocolate Squares,Maison Cacao,White,Cologne Factory F,Germany,Nordic Milk Co.,4289,3856,3.61,13920.16,10508.05,3412.11,615,88.2
CHC-00465,Diabetic Friendly Sugar-Free Chocolate Wafer Bar,Highland Cacao,Sugar-Free,Lima Factory S,Peru,Ghana Bean Collective,4612,4410,5.12,22579.2,15265.72,7313.48,251,86.5
CHC-00466,Espresso Infused Dark Chocolate Squares,TruffleWorks,Dark,Hershey Falls Factory X,USA,Global Cocoa Partners,5714,4936,2.51,12389.36,6456.82,5932.54,996,89.1
CHC-00467,Tropical Mix Fruit & Nut Chocolate Truffle Box,Whisk & Wonder,Fruit & Nut,Hershey Falls Factory X,USA,Coastal Coconut Co.,926,847,4.31,3650.57,2129.8,1520.77,357,91.4
CHC-00468,Organic Fair-Trade Chocolate Bar,Wildflower Cacao,Organic,Munich Factory C,Germany,TerraFair Trade Beans,1112,963,6.26,6028.38,2969.04,3059.34,409,100.0
CHC-00469,Roasted Almond Chocolate Filled Bar,Copper Kettle Chocolate,Almond,Guadalajara Factory C,Mexico,Andes Bean Exporters,5348,3955,2.83,11192.65,6150.2,5042.45,1677,85.2
CHC-00470,Confectionery Grade Compound Chocolate Coated Nuts,Bean & Bloom,Compound,Bruges Factory D,Belgium,Ivory Cocoa Traders,7756,6709,1.95,13082.55,9850.12,3232.43,1346,92.5
CHC-00471,Single Origin Dark Chocolate Bar,Ember & Oak,Dark,Abidjan Factory U,Cote d'Ivoire,Ghana Bean Collective,5049,4922,3.07,15110.54,8078.4,7032.14,377,86.3
CHC-00472,Biscuit Milk Chocolate Squares,Velvet Cacao,Milk,Toronto Factory B,Canada,Alpine Dairy Co.,1773,1397,2.31,3227.07,2056.68,1170.39,623,87.6
CHC-00473,Biscuit Milk Chocolate Squares,Northstar Confectionery,Milk,Guayaquil Factory Q,Ecuador,Coastal Coconut Co.,4287,3947,4.32,17051.04,12046.47,5004.57,408,82.5
CHC-00474,Plant-Based Classic Vegan Dark Chocolate Bar,Sunset Grove Chocolate,Vegan Dark,Bruges Factory D,Belgium,Ivory Cocoa Traders,2321,1817,4.78,8685.26,5964.97,2720.29,600,84.7
CHC-00475,Coconut White Chocolate Filled Bar,Whisk & Wonder,White,Toronto Factory B,Canada,Sahara Nut Suppliers,8288,6981,2.79,19476.99,15581.44,3895.55,1427,97.0
CHC-00476,Bakers Classic Compound Chocolate Wafer Bar,Ivory & Cocoa,Compound,Guadalajara Factory C,Mexico,Amazon Cacao Growers,3964,4360,1.51,6583.6,2616.24,3967.36,10,87.4
CHC-00477,Whole Hazelnut Chocolate Gift Box,Maison Cacao,Hazelnut,Bruges Factory D,Belgium,Ghana Bean Collective,3757,2276,3.54,8057.04,7363.72,693.32,1780,90.0
CHC-00478,Value Pack Compound Chocolate Squares,Rainforest Bloom,Compound,Bruges Factory D,Belgium,Nordic Milk Co.,2812,2683,1.27,3407.41,1771.56,1635.85,186,79.5
CHC-00479,Salted Butter Caramel Chocolate Coated Nuts,Noir Origins,Caramel,Osaka Factory M,Japan,Pacific Sugar Mills,3154,2468,4.26,10513.68,5393.34,5120.34,924,91.6
CHC-00480,Salted Butter Caramel Chocolate Wafer Bar,Auric Chocolate,Caramel,Dubai Factory W,UAE,EcoPack Solutions,3734,3654,2.59,9463.86,6049.08,3414.78,123,91.4
CHC-00481,Honeycomb Milk Chocolate Pralines,Copper Kettle Chocolate,Milk,Cape Town Factory V,South Africa,Heritage Almond Growers,9585,8444,2.68,22629.92,13419.0,9210.92,1171,90.5
CHC-00482,Single Origin Dark Chocolate Filled Bar,Bean & Bloom,Dark,Oaxaca Factory Z,Mexico,Pacific Sugar Mills,2175,2116,4.41,9331.56,5133.0,4198.56,138,95.5
CHC-00483,Biscuit Milk Chocolate Truffle Box,Sunset Grove Chocolate,Milk,Oaxaca Factory Z,Mexico,Continental Sugar Corp,3143,2519,2.72,6851.68,5531.68,1320.0,831,88.2
CHC-00484,Honeycomb Milk Chocolate Drops,Pure Bloom Chocolatiers,Milk,Shanghai Factory L,China,Meridian Cacao Exchange,3674,3602,2.63,9473.26,4041.4,5431.86,93,83.9
CHC-00485,Almond Crunch Chocolate Pralines,Wildflower Cacao,Almond,Lyon Factory G,France,Andes Bean Exporters,6348,5419,3.08,16690.52,11235.96,5454.56,1189,91.3
CHC-00486,85% Extra Bold Dark Chocolate Drops,Ember & Oak,Dark,Turin Factory J,Italy,Sahara Nut Suppliers,714,671,6.29,4220.59,2827.44,1393.15,85,91.0
CHC-00487,Tropical Mix Fruit & Nut Chocolate Truffle Box,Copper Kettle Chocolate,Fruit & Nut,Toronto Factory B,Canada,Sunrise Vanilla Farms,2024,1859,3.6,6692.4,4007.52,2684.88,252,100.0
CHC-00488,Stevia Sweetened Sugar-Free Chocolate Gift Box,Whisk & Wonder,Sugar-Free,Shanghai Factory L,China,Meridian Cacao Exchange,3974,3493,3.24,11317.32,8583.84,2733.48,733,85.3
CHC-00489,85% Extra Bold Dark Chocolate Bar,Choco Artisan,Dark,Bruges Factory D,Belgium,Sahara Nut Suppliers,2275,1507,4.12,6208.84,3981.25,2227.59,857,89.0
CHC-00490,Soft Caramel Core Chocolate Pralines,Choco Artisan,Caramel,Bruges Factory D,Belgium,Global Cocoa Partners,3303,3031,3.65,11063.15,7299.63,3763.52,317,97.5
CHC-00491,85% Extra Bold Dark Chocolate Pralines,Copper Kettle Chocolate,Dark,Abidjan Factory U,Cote d'Ivoire,Sahara Nut Suppliers,2575,2482,5.52,13700.64,9115.5,4585.14,312,87.4
CHC-00492,Biscuit Milk Chocolate Coated Nuts,Ivory & Cocoa,Milk,Zurich Factory E,Switzerland,Amazon Cacao Growers,7141,5488,3.38,18549.44,10782.91,7766.53,1841,100.0
CHC-00493,Soft Caramel Core Chocolate Bar,Ivory & Cocoa,Caramel,Bristol Factory H,United Kingdom,Sahara Nut Suppliers,2062,1657,4.24,7025.68,4020.9,3004.78,515,100.0
CHC-00494,Coconut White Chocolate Chips (Baking),Wildflower Cacao,White,Hershey Falls Factory X,USA,Andes Bean Exporters,2701,2864,2.66,7618.24,3889.44,3728.8,122,88.9
CHC-00495,Coconut Sugar Vegan Dark Chocolate Pralines,Cacao Nomad,Vegan Dark,Melbourne Factory N,Australia,Ivory Cocoa Traders,2660,2471,6.44,15913.24,8990.8,6922.44,372,93.1
CHC-00496,Almond Crunch Chocolate Wafer Bar,Cocoa Bloom,Almond,Toronto Factory B,Canada,Andes Bean Exporters,5071,3774,4.55,17171.7,13336.73,3834.97,1569,94.8
CHC-00497,Single Origin Dark Chocolate Squares,Cocoa Bloom,Dark,Zurich Factory E,Switzerland,Coastal Coconut Co.,4574,4337,5.93,25718.41,16786.58,8931.83,386,84.0
CHC-00498,Original Ruby Chocolate Chips (Baking),Terra Cacao,Ruby,Jakarta Factory O,Indonesia,Continental Sugar Corp,9173,8559,6.37,54520.83,30913.01,23607.82,762,82.5
CHC-00499,Honeycomb Milk Chocolate Chips (Baking),Rainforest Bloom,Milk,Zurich Factory E,Switzerland,Sahara Nut Suppliers,5582,5361,2.44,13080.84,5805.28,7275.56,384,96.7
CHC-00500,Oat Milk Blend Vegan Dark Chocolate Filled Bar,Wildflower Cacao,Vegan Dark,Bern Factory B,Switzerland,Coastal Coconut Co.,2470,2078,5.51,11449.78,6397.3,5052.48,494,94.9
CHC-00501,70% Intense Dark Chocolate Bar,Northstar Confectionery,Dark,Bordeaux Factory D,France,EcoPack Solutions,2861,2593,4.08,10579.44,5235.63,5343.81,412,85.6
CHC-00502,Single Origin Dark Chocolate Gift Box,Wildflower Cacao,Dark,Guadalajara Factory C,Mexico,Pacific Sugar Mills,2746,2865,3.18,9110.7,5107.56,4003.14,128,83.9
CHC-00503,Honeycomb Milk Chocolate Drops,Maison Cacao,Milk,Abidjan Factory U,Cote d'Ivoire,Amazon Cacao Growers,7692,6405,3.74,23954.7,17383.92,6570.78,1357,80.0
CHC-00504,Soft Caramel Core Chocolate Wafer Bar,Bean & Bloom,Caramel,Munich Factory C,Germany,EcoPack Solutions,4369,3492,3.26,11383.92,7602.06,3781.86,925,78.1
CHC-00505,Sea Salt Caramel Chocolate Gift Box,Ivory & Cocoa,Caramel,Antwerp Factory A,Belgium,Amazon Cacao Growers,5754,5242,4.25,22278.5,15535.8,6742.7,680,94.3
CHC-00506,Gianduja Style Hazelnut Chocolate Filled Bar,Bean & Bloom,Hazelnut,Shanghai Factory L,China,Ghana Bean Collective,7399,7017,4.07,28559.19,15315.93,13243.26,595,90.7
CHC-00507,Single Origin Dark Chocolate Chips (Baking),Whisk & Wonder,Dark,Accra Factory T,Ghana,Andes Bean Exporters,4023,3600,4.03,14508.0,9293.13,5214.87,566,87.2
CHC-00508,Gianduja Style Hazelnut Chocolate Drops,Terra Cacao,Hazelnut,Bern Factory B,Switzerland,Heritage Almond Growers,2690,2755,5.67,15620.85,10275.8,5345.05,126,78.4
CHC-00509,85% Extra Bold Dark Chocolate Chips (Baking),Noir Origins,Dark,Amsterdam Factory I,Netherlands,Heritage Almond Growers,5512,5113,6.15,31444.95,19843.2,11601.75,498,82.2
CHC-00510,Oat Milk Blend Vegan Dark Chocolate Gift Box,Terra Cacao,Vegan Dark,Dubai Factory W,UAE,Andes Bean Exporters,4332,4436,6.38,28301.68,14772.12,13529.56,10,89.2
CHC-00511,Soft Caramel Core Chocolate Coated Nuts,Wildflower Cacao,Caramel,Guayaquil Factory Q,Ecuador,Heritage Almond Growers,4733,4001,3.92,15683.92,11879.83,3804.09,791,79.4
CHC-00512,Sea Salt Milk Chocolate Squares,Auric Chocolate,Milk,Osaka Factory M,Japan,Ghana Bean Collective,1970,1677,3.45,5785.65,3014.1,2771.55,343,88.5
CHC-00513,Sea Salt Milk Chocolate Bar,Highland Cacao,Milk,Abidjan Factory U,Cote d'Ivoire,Sahara Nut Suppliers,4111,3409,3.44,11726.96,8304.22,3422.74,764,84.0
CHC-00514,Classic Milk Chocolate Filled Bar,Copper Kettle Chocolate,Milk,Jakarta Factory O,Indonesia,Alpine Dairy Co.,5635,3711,4.01,14881.11,14312.9,568.21,2130,70.5
CHC-00515,Coconut White Chocolate Wafer Bar,Terra Cacao,White,Melbourne Factory N,Australia,Global Cocoa Partners,1242,1117,3.83,4278.11,2819.34,1458.77,271,91.5
CHC-00516,Biscuit Milk Chocolate Coated Nuts,Rainforest Bloom,Milk,Lima Factory S,Peru,Continental Sugar Corp,3916,3261,3.95,12880.95,7244.6,5636.35,694,82.8
CHC-00517,Biscuit Milk Chocolate Drops,Sunset Grove Chocolate,Milk,Turin Factory J,Italy,Andes Bean Exporters,17264,15032,2.8,42089.6,20716.8,21372.8,2481,73.3
CHC-00518,Single Origin Dark Chocolate Squares,Noir Origins,Dark,Jakarta Factory O,Indonesia,EcoPack Solutions,6587,5084,4.74,24098.16,17126.2,6971.96,1662,85.9
CHC-00519,Cranberry Walnut Fruit & Nut Chocolate Pralines,Ember & Oak,Fruit & Nut,Lima Factory S,Peru,Continental Sugar Corp,4451,4168,4.58,19089.44,9302.59,9786.85,579,77.5
CHC-00520,Bakers Classic Compound Chocolate Pralines,Cacao Nomad,Compound,Melbourne Factory N,Australia,Amazon Cacao Growers,10109,7942,2.47,19616.74,15365.68,4251.06,2301,93.7
CHC-00521,Confectionery Grade Compound Chocolate Pralines,Amber Cacao Co.,Compound,Toronto Factory B,Canada,EcoPack Solutions,4941,4508,1.61,7257.88,3705.75,3552.13,544,84.8
CHC-00522,Biscuit Milk Chocolate Chips (Baking),Ember & Oak,Milk,Melbourne Factory N,Australia,Sahara Nut Suppliers,2274,2139,3.4,7272.6,4388.82,2883.78,280,86.8
CHC-00523,Coconut White Chocolate Filled Bar,TruffleWorks,White,Accra Factory T,Ghana,Coastal Coconut Co.,4916,3999,2.06,8237.94,6685.76,1552.18,1040,94.9
CHC-00524,Sea Salt Milk Chocolate Truffle Box,Whisk & Wonder,Milk,Osaka Factory M,Japan,Amazon Cacao Growers,3640,3327,3.09,10280.43,6879.6,3400.83,416,75.6
CHC-00525,Biscuit Milk Chocolate Wafer Bar,Northstar Confectionery,Milk,Zurich Factory E,Switzerland,Sunrise Vanilla Farms,5203,5477,4.2,23003.4,11654.72,11348.68,22,88.6
CHC-00526,Roasted Almond Chocolate Truffle Box,Golden Bean Co.,Almond,Shanghai Factory L,China,Meridian Cacao Exchange,3293,2813,3.21,9029.73,6421.35,2608.38,514,94.4
CHC-00527,Honeycomb Milk Chocolate Bar,Pure Bloom Chocolatiers,Milk,Turin Factory J,Italy,Global Cocoa Partners,1416,1430,2.98,4261.4,2308.08,1953.32,240,91.4
CHC-00528,Single Origin Dark Chocolate Chips (Baking),Silk Route Chocolate,Dark,Sao Paulo Factory P,Brazil,Continental Sugar Corp,4457,3843,5.41,20790.63,16134.34,4656.29,686,80.8
CHC-00529,Oat Milk Blend Vegan Dark Chocolate Squares,Auric Chocolate,Vegan Dark,Bordeaux Factory D,France,Global Cocoa Partners,8262,9088,5.36,48711.68,25694.82,23016.86,10,90.4
CHC-00530,Cranberry Walnut Fruit & Nut Chocolate Chips (Baking),Maison Cacao,Fruit & Nut,Antwerp Factory A,Belgium,Sahara Nut Suppliers,5636,4937,2.96,14613.52,7721.32,6892.2,880,99.7
CHC-00531,Bakers Classic Compound Chocolate Bar,Sunset Grove Chocolate,Compound,Zurich Factory E,Switzerland,Andes Bean Exporters,16614,14048,1.49,20931.52,10466.82,10464.7,2611,81.4
CHC-00532,Bakers Classic Compound Chocolate Coated Nuts,Blue Ridge Chocolatiers,Compound,Lima Factory S,Peru,Ghana Bean Collective,2918,3148,1.93,6075.64,2655.38,3420.26,22,83.9
CHC-00533,Gianduja Style Hazelnut Chocolate Pralines,Golden Bean Co.,Hazelnut,Hershey Falls Factory X,USA,Alpine Dairy Co.,3364,2080,4.6,9568.0,7468.08,2099.92,1554,92.3
CHC-00534,Honeycomb Milk Chocolate Bar,Highland Cacao,Milk,Bruges Factory D,Belgium,Nordic Milk Co.,1774,1821,2.99,5444.79,2341.68,3103.11,10,87.8
CHC-00535,Marzipan Style Almond Chocolate Squares,Amber Cacao Co.,Almond,Cologne Factory F,Germany,Ghana Bean Collective,3246,3001,4.27,12814.27,8991.42,3822.85,333,86.4
CHC-00536,Soft Caramel Core Chocolate Truffle Box,Noir Origins,Caramel,Guayaquil Factory Q,Ecuador,Ivory Cocoa Traders,2258,1977,3.57,7057.89,4493.42,2564.47,308,99.8
CHC-00537,Sea Salt Milk Chocolate Drops,Amber Cacao Co.,Milk,Toronto Factory B,Canada,Amazon Cacao Growers,3972,3445,3.35,11540.75,6871.56,4669.19,803,83.1
CHC-00538,Sea Salt Milk Chocolate Truffle Box,Cacao & Co.,Milk,Cologne Factory F,Germany,Alpine Dairy Co.,4986,4161,4.26,17725.86,13861.08,3864.78,1042,94.0
CHC-00539,Salted Butter Caramel Chocolate Filled Bar,Auric Chocolate,Caramel,Bordeaux Factory D,France,EcoPack Solutions,16290,13785,3.18,43836.3,22317.3,21519.0,2774,79.1
CHC-00540,Raisin & Almond Fruit & Nut Chocolate Chips (Baking),Choco Artisan,Fruit & Nut,Bruges Factory D,Belgium,EcoPack Solutions,4573,3941,5.14,20256.74,12026.99,8229.75,732,67.8
CHC-00541,Oat Milk Blend Vegan Dark Chocolate Bar,Blue Ridge Chocolatiers,Vegan Dark,Antwerp Factory A,Belgium,Alpine Dairy Co.,13724,11051,6.79,75036.29,48720.2,26316.09,2771,87.5
CHC-00542,Tropical Mix Fruit & Nut Chocolate Bar,Ivory & Cocoa,Fruit & Nut,Abidjan Factory U,Cote d'Ivoire,TerraFair Trade Beans,2585,2334,4.06,9476.04,4446.2,5029.84,531,93.0
CHC-00543,85% Extra Bold Dark Chocolate Drops,Cacao & Co.,Dark,Cape Town Factory V,South Africa,Pacific Sugar Mills,1743,1848,4.17,7706.16,4340.07,3366.09,10,84.7
CHC-00544,Confectionery Grade Compound Chocolate Truffle Box,Ivory & Cocoa,Compound,Pune Factory K,India,Andes Bean Exporters,2724,2441,2.3,5614.3,3132.6,2481.7,443,99.5
CHC-00545,Sea Salt Caramel Chocolate Bar,Pure Bloom Chocolatiers,Caramel,Bruges Factory D,Belgium,TerraFair Trade Beans,2276,1934,2.69,5202.46,3163.64,2038.82,377,88.2
CHC-00546,Raisin & Almond Fruit & Nut Chocolate Chips (Baking),Auric Chocolate,Fruit & Nut,Lyon Factory G,France,Ivory Cocoa Traders,3367,3078,5.23,16097.94,8249.15,7848.79,540,92.1
CHC-00547,Original Ruby Chocolate Chips (Baking),Cacao Verde,Ruby,Sao Paulo Factory P,Brazil,Meridian Cacao Exchange,2226,2354,7.03,16548.62,7701.96,8846.66,10,90.0
CHC-00548,Sea Salt Milk Chocolate Coated Nuts,Highland Cacao,Milk,Dubai Factory W,UAE,Ivory Cocoa Traders,2819,2422,3.79,9179.38,4425.83,4753.55,650,80.7
CHC-00549,Sea Salt Caramel Chocolate Gift Box,Ivory & Cocoa,Caramel,Amsterdam Factory I,Netherlands,TerraFair Trade Beans,7024,7151,4.75,33967.25,20861.28,13105.97,54,96.6
CHC-00550,70% Intense Dark Chocolate Coated Nuts,Velvet Cacao,Dark,Guayaquil Factory Q,Ecuador,Ivory Cocoa Traders,3380,2876,5.1,14667.6,11187.8,3479.8,554,97.8
CHC-00551,Stevia Sweetened Sugar-Free Chocolate Pralines,Silk Route Chocolate,Sugar-Free,Cape Town Factory V,South Africa,TerraFair Trade Beans,15506,16055,4.31,69197.05,40625.72,28571.33,10,97.5
CHC-00552,Whole Hazelnut Chocolate Truffle Box,Velvet Cacao,Hazelnut,Abidjan Factory U,Cote d'Ivoire,Pacific Sugar Mills,11393,10343,5.09,52645.87,25406.39,27239.48,1296,96.5
CHC-00553,Sea Salt Milk Chocolate Pralines,Rainforest Bloom,Milk,Lyon Factory G,France,Andes Bean Exporters,9997,9135,3.8,34713.0,16295.11,18417.89,1146,97.1
CHC-00554,Salted Butter Caramel Chocolate Coated Nuts,Whisk & Wonder,Caramel,Bristol Factory H,United Kingdom,Andes Bean Exporters,4426,3338,4.0,13352.0,7391.42,5960.58,1272,94.3
CHC-00555,Single Origin Dark Chocolate Pralines,Cacao & Co.,Dark,Dubai Factory W,UAE,Ivory Cocoa Traders,7876,6488,6.4,41523.2,29377.48,12145.72,1529,96.9
CHC-00556,Roasted Almond Chocolate Drops,Blue Ridge Chocolatiers,Almond,Munich Factory C,Germany,TerraFair Trade Beans,2896,2761,2.95,8144.95,5125.92,3019.03,195,90.3
CHC-00557,Honeycomb Milk Chocolate Truffle Box,Choco Artisan,Milk,Bruges Factory D,Belgium,Amazon Cacao Growers,9518,10470,3.22,33713.4,14181.82,19531.58,10,83.1
CHC-00558,70% Intense Dark Chocolate Pralines,Choco Artisan,Dark,Bordeaux Factory D,France,Sahara Nut Suppliers,11317,11476,4.0,45904.0,25010.57,20893.43,31,91.5
CHC-00559,Organic Fair-Trade Chocolate Wafer Bar,Northstar Confectionery,Organic,Abidjan Factory U,Cote d'Ivoire,Meridian Cacao Exchange,9899,9253,4.82,44599.46,22173.76,22425.7,730,94.7
CHC-00560,Organic Fair-Trade Chocolate Gift Box,Sunset Grove Chocolate,Organic,Montreal Factory Y,Canada,Amazon Cacao Growers,2454,2242,3.67,8228.14,4785.3,3442.84,466,82.9
CHC-00561,70% Intense Dark Chocolate Drops,Velvet Cacao,Dark,Bruges Factory D,Belgium,Coastal Coconut Co.,2351,2161,3.09,6677.49,3267.89,3409.6,260,87.8
CHC-00562,70% Intense Dark Chocolate Squares,Maison Cacao,Dark,Abidjan Factory U,Cote d'Ivoire,Nordic Milk Co.,6837,7284,5.58,40644.72,18665.01,21979.71,10,96.0
CHC-00563,Sea Salt Milk Chocolate Drops,Wildflower Cacao,Milk,Hershey Falls Factory X,USA,Ivory Cocoa Traders,1918,1767,2.87,5071.29,2589.3,2481.99,341,85.5
CHC-00564,Sea Salt Milk Chocolate Coated Nuts,Cocoa Bloom,Milk,Cologne Factory F,Germany,Andes Bean Exporters,3155,2397,2.49,5968.53,4133.05,1835.48,1037,100.0
CHC-00565,Roasted Almond Chocolate Pralines,Amber Cacao Co.,Almond,Oaxaca Factory Z,Mexico,Global Cocoa Partners,2036,1800,4.5,8100.0,5884.04,2215.96,458,92.5
CHC-00566,Honeycomb Milk Chocolate Squares,Terra Cacao,Milk,Hershey Falls Factory X,USA,Meridian Cacao Exchange,4076,3931,2.11,8294.41,4157.52,4136.89,207,97.3
CHC-00567,Roasted Almond Chocolate Squares,Rainforest Bloom,Almond,Cologne Factory F,Germany,Amazon Cacao Growers,4834,4661,4.67,21766.87,9281.28,12485.59,281,94.5
CHC-00568,Classic Milk Chocolate Filled Bar,Velvet Cacao,Milk,Bordeaux Factory D,France,Continental Sugar Corp,2785,2762,4.16,11489.92,6739.7,4750.22,137,96.1
CHC-00569,Coconut White Chocolate Chips (Baking),TruffleWorks,White,Montreal Factory Y,Canada,Continental Sugar Corp,5552,5892,3.59,21152.28,12436.48,8715.8,10,89.7
CHC-00570,Marzipan Style Almond Chocolate Wafer Bar,Amber Cacao Co.,Almond,Oaxaca Factory Z,Mexico,Meridian Cacao Exchange,4707,4834,3.46,16725.64,10402.47,6323.17,50,83.3
CHC-00571,Oat Milk Blend Vegan Dark Chocolate Coated Nuts,Auric Chocolate,Vegan Dark,Pune Factory K,India,Ivory Cocoa Traders,3018,2721,6.41,17441.61,8963.46,8478.15,560,79.0
CHC-00572,Organic Single Origin Chocolate Wafer Bar,Whisk & Wonder,Organic,Antwerp Factory A,Belgium,Heritage Almond Growers,2268,2053,5.8,11907.4,7824.6,4082.8,506,77.6
CHC-00573,70% Intense Dark Chocolate Drops,Sunset Grove Chocolate,Dark,Shanghai Factory L,China,Coastal Coconut Co.,3863,3594,5.06,18185.64,9116.68,9068.96,418,82.4
CHC-00574,Coconut White Chocolate Drops,Cocoa Bloom,White,Jakarta Factory O,Indonesia,Alpine Dairy Co.,3184,3147,3.77,11864.19,6336.16,5528.03,100,75.0
CHC-00575,Berry Burst Ruby Chocolate Wafer Bar,Auric Chocolate,Ruby,Portland Factory A,USA,Pacific Sugar Mills,504,385,4.44,1709.4,1199.52,509.88,313,86.0
CHC-00576,Single Origin Dark Chocolate Truffle Box,Ivory & Cocoa,Dark,Hershey Falls Factory X,USA,Sunrise Vanilla Farms,2505,1831,2.82,5163.42,3782.55,1380.87,801,81.1
CHC-00577,Tropical Mix Fruit & Nut Chocolate Bar,Cacao Verde,Fruit & Nut,Cologne Factory F,Germany,TerraFair Trade Beans,1068,1023,3.57,3652.11,2477.76,1174.35,244,83.4
CHC-00578,Diabetic Friendly Sugar-Free Chocolate Gift Box,Cacao & Co.,Sugar-Free,Hershey Falls Factory X,USA,EcoPack Solutions,4031,3590,4.64,16657.6,9956.57,6701.03,728,82.3
CHC-00579,70% Intense Dark Chocolate Pralines,Cacao Nomad,Dark,Lyon Factory G,France,EcoPack Solutions,5668,6213,3.32,20627.16,8728.72,11898.44,10,93.3
CHC-00580,70% Intense Dark Chocolate Bar,Bean & Bloom,Dark,Accra Factory T,Ghana,Nordic Milk Co.,1217,1061,5.27,5591.47,2823.44,2768.03,428,83.5
CHC-00581,Honeycomb Milk Chocolate Filled Bar,Auric Chocolate,Milk,Zurich Factory E,Switzerland,TerraFair Trade Beans,5973,4245,3.72,15791.4,13797.63,1993.77,1951,82.4
CHC-00582,Stevia Sweetened Sugar-Free Chocolate Truffle Box,Copper Kettle Chocolate,Sugar-Free,Lyon Factory G,France,Alpine Dairy Co.,8922,8179,3.46,28299.34,19806.84,8492.5,797,99.3
CHC-00583,Original Ruby Chocolate Chips (Baking),Ivory & Cocoa,Ruby,Amsterdam Factory I,Netherlands,TerraFair Trade Beans,4586,3419,7.23,24719.37,14675.2,10044.17,1202,85.7
CHC-00584,Marzipan Style Almond Chocolate Gift Box,Cocoa Bloom,Almond,Cologne Factory F,Germany,Coastal Coconut Co.,2091,1727,3.43,5923.61,4098.36,1825.25,537,98.0
CHC-00585,Value Pack Compound Chocolate Squares,TruffleWorks,Compound,Cape Town Factory V,South Africa,Amazon Cacao Growers,3082,2719,1.34,3643.46,2249.86,1393.6,553,85.1
CHC-00586,Bakers Classic Compound Chocolate Pralines,Terra Cacao,Compound,Sao Paulo Factory P,Brazil,Alpine Dairy Co.,3071,2497,1.66,4145.02,3255.26,889.76,715,86.7
CHC-00587,Marzipan Style Almond Chocolate Gift Box,Sunset Grove Chocolate,Almond,Cologne Factory F,Germany,EcoPack Solutions,2203,1843,2.87,5289.41,3656.98,1632.43,485,89.7
CHC-00588,Sea Salt Milk Chocolate Truffle Box,Choco Artisan,Milk,Cape Town Factory V,South Africa,Ivory Cocoa Traders,6864,6658,2.68,17843.44,10845.12,6998.32,431,78.3
CHC-00589,Praline Hazelnut Chocolate Coated Nuts,Rainforest Bloom,Hazelnut,Zurich Factory E,Switzerland,EcoPack Solutions,3719,2419,3.72,8998.68,5913.21,3085.47,1517,98.7
CHC-00590,Soft Caramel Core Chocolate Coated Nuts,Velvet Cacao,Caramel,Guadalajara Factory C,Mexico,Alpine Dairy Co.,2541,2358,3.08,7262.64,3303.3,3959.34,393,100.0
CHC-00591,Bakers Classic Compound Chocolate Pralines,Cacao Verde,Compound,Medellin Factory R,Colombia,EcoPack Solutions,9697,8469,1.62,13719.78,9987.91,3731.87,1444,85.0
CHC-00592,Honeycomb Milk Chocolate Drops,Sunset Grove Chocolate,Milk,Bern Factory B,Switzerland,Ivory Cocoa Traders,1413,1032,2.97,3065.04,2331.45,733.59,582,95.8
CHC-00593,Soft Caramel Core Chocolate Wafer Bar,Cacao Verde,Caramel,Melbourne Factory N,Australia,Sunrise Vanilla Farms,8180,6582,2.99,19680.18,15623.8,4056.38,1636,89.8
CHC-00594,Organic Raw Cacao Chocolate Filled Bar,Ivory & Cocoa,Organic,Guayaquil Factory Q,Ecuador,Alpine Dairy Co.,2571,2228,6.69,14905.32,10541.1,4364.22,480,84.8
CHC-00595,Single Origin Dark Chocolate Gift Box,Whisk & Wonder,Dark,Cologne Factory F,Germany,Alpine Dairy Co.,3250,2995,6.28,18808.6,13617.5,5191.1,436,99.4
CHC-00596,Sea Salt Caramel Chocolate Filled Bar,Ember & Oak,Caramel,Dubai Factory W,UAE,Meridian Cacao Exchange,9139,7055,2.54,17919.7,12977.38,4942.32,2222,80.9
CHC-00597,Soft Caramel Core Chocolate Pralines,Copper Kettle Chocolate,Caramel,Bruges Factory D,Belgium,Pacific Sugar Mills,9928,9343,2.66,24852.38,12906.4,11945.98,663,87.7
CHC-00598,Confectionery Grade Compound Chocolate Bar,Cacao Verde,Compound,Guayaquil Factory Q,Ecuador,Ivory Cocoa Traders,11420,9845,1.72,16933.4,11648.4,5285.0,1618,94.9
CHC-00599,Confectionery Grade Compound Chocolate Coated Nuts,Choco Artisan,Compound,Montreal Factory Y,Canada,Sahara Nut Suppliers,3604,2885,1.66,4789.1,4036.48,752.62,941,86.4
CHC-00600,Diabetic Friendly Sugar-Free Chocolate Pralines,Sunset Grove Chocolate,Sugar-Free,Cape Town Factory V,South Africa,Pacific Sugar Mills,2103,1854,5.21,9659.34,6750.63,2908.71,450,91.2
CHC-00601,Coconut White Chocolate Wafer Bar,Bean & Bloom,White,Munich Factory C,Germany,Ivory Cocoa Traders,12006,8953,2.87,25695.11,22331.16,3363.95,3113,79.0
CHC-00602,Confectionery Grade Compound Chocolate Truffle Box,Pure Bloom Chocolatiers,Compound,Bristol Factory H,United Kingdom,TerraFair Trade Beans,5987,5339,2.49,13294.11,6286.35,7007.76,692,86.6
CHC-00603,70% Intense Dark Chocolate Gift Box,Noir Origins,Dark,Oaxaca Factory Z,Mexico,Alpine Dairy Co.,4739,4631,4.05,18755.55,10425.8,8329.75,327,88.8
CHC-00604,Roasted Almond Chocolate Chips (Baking),Auric Chocolate,Almond,Bern Factory B,Switzerland,Ivory Cocoa Traders,11230,11170,3.55,39653.5,22796.9,16856.6,292,79.2
CHC-00605,Raisin & Almond Fruit & Nut Chocolate Coated Nuts,Wildflower Cacao,Fruit & Nut,Oaxaca Factory Z,Mexico,Alpine Dairy Co.,7858,6769,4.36,29512.84,16423.22,13089.62,1360,82.2
CHC-00606,Lemon Zest White Chocolate Drops,Whisk & Wonder,White,Shanghai Factory L,China,TerraFair Trade Beans,2122,1967,3.1,6097.7,3798.38,2299.32,279,83.5
CHC-00607,Raisin & Almond Fruit & Nut Chocolate Squares,Cacao Nomad,Fruit & Nut,Portland Factory A,USA,Heritage Almond Growers,2267,1677,3.57,5986.89,4216.62,1770.27,825,86.1
CHC-00608,Tropical Mix Fruit & Nut Chocolate Drops,Golden Bean Co.,Fruit & Nut,Melbourne Factory N,Australia,Andes Bean Exporters,1178,1006,3.32,3339.92,2626.94,712.98,280,89.4
CHC-00609,Marzipan Style Almond Chocolate Filled Bar,Silk Route Chocolate,Almond,Bordeaux Factory D,France,Heritage Almond Growers,5127,4724,5.22,24659.28,14663.22,9996.06,583,85.7
CHC-00610,Single Origin Dark Chocolate Wafer Bar,Velvet Cacao,Dark,Toronto Factory B,Canada,Coastal Coconut Co.,3341,3413,6.27,21399.51,12762.62,8636.89,179,76.5
CHC-00611,Biscuit Milk Chocolate Wafer Bar,Bean & Bloom,Milk,Amsterdam Factory I,Netherlands,Alpine Dairy Co.,3010,2479,3.15,7808.85,5628.7,2180.15,737,88.3
CHC-00612,85% Extra Bold Dark Chocolate Bar,Whisk & Wonder,Dark,Bern Factory B,Switzerland,Ivory Cocoa Traders,2612,2649,5.5,14569.5,9403.2,5166.3,65,97.1
CHC-00613,Marzipan Style Almond Chocolate Wafer Bar,Auric Chocolate,Almond,Portland Factory A,USA,Heritage Almond Growers,6747,4547,4.96,22553.12,21522.93,1030.19,2425,88.1
CHC-00614,Single Origin Dark Chocolate Coated Nuts,TruffleWorks,Dark,Portland Factory A,USA,Ivory Cocoa Traders,12918,12617,5.09,64220.53,27127.8,37092.73,493,85.3
CHC-00615,70% Intense Dark Chocolate Drops,Wildflower Cacao,Dark,Accra Factory T,Ghana,Ghana Bean Collective,11476,8712,3.67,31973.04,20312.52,11660.52,2881,87.9
CHC-00616,Tropical Mix Fruit & Nut Chocolate Pralines,Ember & Oak,Fruit & Nut,Bern Factory B,Switzerland,Nordic Milk Co.,1287,986,4.74,4673.64,4066.92,606.72,340,92.2
CHC-00617,Organic Raw Cacao Chocolate Truffle Box,TruffleWorks,Organic,Jakarta Factory O,Indonesia,Andes Bean Exporters,5981,4519,7.22,32627.18,25000.58,7626.6,1586,78.4
CHC-00618,Whole Hazelnut Chocolate Filled Bar,Blue Ridge Chocolatiers,Hazelnut,Bordeaux Factory D,France,Meridian Cacao Exchange,12234,12258,5.0,61290.0,31441.38,29848.62,164,99.1
CHC-00619,Espresso Infused Dark Chocolate Coated Nuts,Noir Origins,Dark,Hershey Falls Factory X,USA,EcoPack Solutions,4036,3973,4.45,17679.85,9524.96,8154.89,315,85.9
CHC-00620,Bakers Classic Compound Chocolate Chips (Baking),Velvet Cacao,Compound,Toronto Factory B,Canada,Ivory Cocoa Traders,3409,3305,1.59,5254.95,2454.48,2800.47,300,100.0
CHC-00621,Classic Milk Chocolate Gift Box,Pure Bloom Chocolatiers,Milk,Guayaquil Factory Q,Ecuador,Alpine Dairy Co.,4924,4379,2.96,12961.84,6844.36,6117.48,743,83.2
CHC-00622,Value Pack Compound Chocolate Gift Box,Auric Chocolate,Compound,Abidjan Factory U,Cote d'Ivoire,Sunrise Vanilla Farms,2832,1905,1.99,3790.95,3455.04,335.91,1003,81.1
CHC-00623,Organic Fair-Trade Chocolate Squares,Highland Cacao,Organic,Bristol Factory H,United Kingdom,Sunrise Vanilla Farms,8176,7135,3.65,26042.75,19050.08,6992.67,1306,89.4
CHC-00624,Vanilla Bean White Chocolate Truffle Box,Amber Cacao Co.,White,Melbourne Factory N,Australia,Pacific Sugar Mills,5295,4561,2.89,13181.29,7148.25,6033.04,1010,94.9
CHC-00625,Single Origin Dark Chocolate Gift Box,Auric Chocolate,Dark,Abidjan Factory U,Cote d'Ivoire,Amazon Cacao Growers,12092,12583,3.49,43914.67,27690.68,16223.99,10,91.5
CHC-00626,Coconut White Chocolate Wafer Bar,Highland Cacao,White,Jakarta Factory O,Indonesia,Continental Sugar Corp,16928,16808,3.8,63870.4,40965.76,22904.64,170,89.5
CHC-00627,70% Intense Dark Chocolate Drops,Copper Kettle Chocolate,Dark,Antwerp Factory A,Belgium,EcoPack Solutions,3099,2800,2.61,7308.0,4493.55,2814.45,533,90.2
CHC-00628,Gianduja Style Hazelnut Chocolate Squares,Choco Artisan,Hazelnut,Guadalajara Factory C,Mexico,Sahara Nut Suppliers,10172,9756,4.62,45072.72,26142.04,18930.68,456,89.6
CHC-00629,Berry Burst Ruby Chocolate Wafer Bar,Bean & Bloom,Ruby,Hershey Falls Factory X,USA,Meridian Cacao Exchange,3215,2766,5.94,16430.04,9902.2,6527.84,579,95.8
CHC-00630,Espresso Infused Dark Chocolate Gift Box,Bean & Bloom,Dark,Guayaquil Factory Q,Ecuador,Alpine Dairy Co.,8140,8162,5.64,46033.68,26617.8,19415.88,146,87.7
CHC-00631,Stevia Sweetened Sugar-Free Chocolate Drops,Northstar Confectionery,Sugar-Free,Antwerp Factory A,Belgium,Nordic Milk Co.,887,710,3.0,2130.0,1277.28,852.72,406,92.9
CHC-00632,Honeycomb Milk Chocolate Bar,Cacao Verde,Milk,Oaxaca Factory Z,Mexico,Ghana Bean Collective,14416,13111,4.02,52706.22,33445.12,19261.1,1476,84.2
CHC-00633,Soft Caramel Core Chocolate Filled Bar,TruffleWorks,Caramel,Guayaquil Factory Q,Ecuador,Global Cocoa Partners,1824,1207,4.6,5552.2,5198.4,353.8,762,87.0
CHC-00634,Cranberry Walnut Fruit & Nut Chocolate Coated Nuts,Rainforest Bloom,Fruit & Nut,Hershey Falls Factory X,USA,Coastal Coconut Co.,4328,4761,4.02,19139.22,10214.08,8925.14,10,82.9
CHC-00635,Espresso Infused Dark Chocolate Drops,Pure Bloom Chocolatiers,Dark,Montreal Factory Y,Canada,Andes Bean Exporters,2748,2022,4.29,8674.38,5331.12,3343.26,905,86.2
CHC-00636,Single Origin Dark Chocolate Bar,Ember & Oak,Dark,Hershey Falls Factory X,USA,Sahara Nut Suppliers,5331,3960,4.93,19522.8,11568.27,7954.53,1483,84.5
CHC-00637,Raspberry Swirl White Chocolate Bar,Cacao Verde,White,Sao Paulo Factory P,Brazil,Ghana Bean Collective,17200,18920,4.21,79653.2,42828.0,36825.2,10,77.7
CHC-00638,Raisin & Almond Fruit & Nut Chocolate Truffle Box,Cacao & Co.,Fruit & Nut,Hershey Falls Factory X,USA,Heritage Almond Growers,2329,2025,3.63,7350.75,5030.64,2320.11,443,95.0
CHC-00639,Original Ruby Chocolate Pralines,Choco Artisan,Ruby,Montreal Factory Y,Canada,Sunrise Vanilla Farms,2343,2307,5.79,13357.53,6724.41,6633.12,89,90.8
CHC-00640,Salted Butter Caramel Chocolate Drops,Golden Bean Co.,Caramel,Melbourne Factory N,Australia,Heritage Almond Growers,5261,5392,2.58,13911.36,8785.87,5125.49,10,92.0
CHC-00641,Whole Hazelnut Chocolate Wafer Bar,Cacao & Co.,Hazelnut,Medellin Factory R,Colombia,Meridian Cacao Exchange,2977,2804,5.07,14216.28,9020.31,5195.97,255,100.0
CHC-00642,Sea Salt Milk Chocolate Squares,TruffleWorks,Milk,Sao Paulo Factory P,Brazil,Continental Sugar Corp,7681,7282,2.41,17549.62,11137.45,6412.17,422,73.9
CHC-00643,Confectionery Grade Compound Chocolate Pralines,Northstar Confectionery,Compound,Dubai Factory W,UAE,Heritage Almond Growers,11799,11314,2.33,26361.62,11916.99,14444.63,680,91.0
CHC-00644,Almond Crunch Chocolate Truffle Box,Velvet Cacao,Almond,Accra Factory T,Ghana,EcoPack Solutions,6376,5379,5.29,28454.91,13899.68,14555.23,1263,89.1
CHC-00645,85% Extra Bold Dark Chocolate Filled Bar,Golden Bean Co.,Dark,Jakarta Factory O,Indonesia,Amazon Cacao Growers,4661,3944,5.19,20469.36,12584.7,7884.66,853,95.9
CHC-00646,Biscuit Milk Chocolate Gift Box,Highland Cacao,Milk,Hershey Falls Factory X,USA,EcoPack Solutions,3902,3760,2.13,8008.8,5267.7,2741.1,240,84.1
CHC-00647,Soft Caramel Core Chocolate Drops,Maison Cacao,Caramel,Lima Factory S,Peru,Coastal Coconut Co.,3291,2407,3.16,7606.12,4377.03,3229.09,1064,84.8
CHC-00648,Biscuit Milk Chocolate Pralines,Highland Cacao,Milk,Munich Factory C,Germany,Ivory Cocoa Traders,5429,4635,3.72,17242.2,10966.58,6275.62,1074,80.6
CHC-00649,Raisin & Almond Fruit & Nut Chocolate Bar,Highland Cacao,Fruit & Nut,Cologne Factory F,Germany,Meridian Cacao Exchange,2484,2061,3.51,7234.11,3701.16,3532.95,673,93.0
CHC-00650,Gianduja Style Hazelnut Chocolate Chips (Baking),Pure Bloom Chocolatiers,Hazelnut,Melbourne Factory N,Australia,Ghana Bean Collective,14641,12024,4.68,56272.32,36895.32,19377.0,2861,100.0
CHC-00651,Whole Hazelnut Chocolate Squares,Cacao & Co.,Hazelnut,Amsterdam Factory I,Netherlands,Continental Sugar Corp,2583,1926,3.95,7607.7,5217.66,2390.04,821,82.9
CHC-00652,Espresso Infused Dark Chocolate Squares,Choco Artisan,Dark,Dubai Factory W,UAE,Continental Sugar Corp,10845,11380,2.97,33798.6,15616.8,18181.8,10,89.2
CHC-00653,85% Extra Bold Dark Chocolate Coated Nuts,Golden Bean Co.,Dark,Oaxaca Factory Z,Mexico,EcoPack Solutions,15804,15096,3.83,57817.68,35084.88,22732.8,792,89.9
CHC-00654,Espresso Infused Dark Chocolate Filled Bar,Golden Bean Co.,Dark,Bordeaux Factory D,France,Pacific Sugar Mills,4359,3650,5.62,20513.0,13948.8,6564.2,831,83.6
CHC-00655,Almond Crunch Chocolate Coated Nuts,Golden Bean Co.,Almond,Turin Factory J,Italy,Andes Bean Exporters,3553,2613,5.35,13979.55,12790.8,1188.75,1137,74.5
CHC-00656,Confectionery Grade Compound Chocolate Pralines,Golden Bean Co.,Compound,Guadalajara Factory C,Mexico,Pacific Sugar Mills,3674,3458,1.61,5567.38,3563.78,2003.6,267,94.4
CHC-00657,Coconut White Chocolate Filled Bar,Auric Chocolate,White,Amsterdam Factory I,Netherlands,Ivory Cocoa Traders,2665,2424,4.46,10811.04,7062.25,3748.79,511,76.4
CHC-00658,Whole Hazelnut Chocolate Wafer Bar,Cacao & Co.,Hazelnut,Bristol Factory H,United Kingdom,Andes Bean Exporters,1367,1253,5.01,6277.53,3048.41,3229.12,266,95.7
CHC-00659,Raisin & Almond Fruit & Nut Chocolate Bar,Ivory & Cocoa,Fruit & Nut,Bristol Factory H,United Kingdom,Andes Bean Exporters,2024,1731,3.42,5920.02,4290.88,1629.14,483,78.9
CHC-00660,Honeycomb Milk Chocolate Filled Bar,Blue Ridge Chocolatiers,Milk,Shanghai Factory L,China,Coastal Coconut Co.,2463,2441,4.09,9983.69,4975.26,5008.43,120,94.8
CHC-00661,Sea Salt Caramel Chocolate Truffle Box,TruffleWorks,Caramel,Pune Factory K,India,Continental Sugar Corp,8094,7547,3.72,28074.84,13759.8,14315.04,795,97.1
CHC-00662,Espresso Infused Dark Chocolate Drops,Copper Kettle Chocolate,Dark,Abidjan Factory U,Cote d'Ivoire,Ghana Bean Collective,7046,4793,2.88,13803.84,12260.04,1543.8,2484,84.6
CHC-00663,85% Extra Bold Dark Chocolate Wafer Bar,Auric Chocolate,Dark,Abidjan Factory U,Cote d'Ivoire,Global Cocoa Partners,3257,2481,2.51,6227.31,5243.77,983.54,811,80.0
CHC-00664,Value Pack Compound Chocolate Chips (Baking),Whisk & Wonder,Compound,Antwerp Factory A,Belgium,Pacific Sugar Mills,6042,3839,1.25,4798.75,3262.68,1536.07,2233,86.9
CHC-00665,Single Origin Dark Chocolate Bar,Golden Bean Co.,Dark,Montreal Factory Y,Canada,Heritage Almond Growers,3048,2516,3.37,8478.92,5943.6,2535.32,558,87.9
CHC-00666,Soft Caramel Core Chocolate Chips (Baking),Whisk & Wonder,Caramel,Abidjan Factory U,Cote d'Ivoire,Pacific Sugar Mills,4666,4705,4.38,20607.9,9611.96,10995.94,79,79.8
CHC-00667,Espresso Infused Dark Chocolate Gift Box,Maison Cacao,Dark,Accra Factory T,Ghana,Pacific Sugar Mills,3009,3118,3.55,11068.9,6138.36,4930.54,10,85.9
CHC-00668,85% Extra Bold Dark Chocolate Chips (Baking),Whisk & Wonder,Dark,Abidjan Factory U,Cote d'Ivoire,Coastal Coconut Co.,3181,3181,3.83,12183.23,7125.44,5057.79,226,94.2
CHC-00669,Plant-Based Classic Vegan Dark Chocolate Bar,Ember & Oak,Vegan Dark,Accra Factory T,Ghana,Sahara Nut Suppliers,6900,7533,5.98,45047.34,16905.0,28142.34,10,92.2
CHC-00670,85% Extra Bold Dark Chocolate Coated Nuts,Terra Cacao,Dark,Accra Factory T,Ghana,Meridian Cacao Exchange,1997,1453,2.71,3937.63,2256.61,1681.02,730,96.2
CHC-00671,Honeycomb Milk Chocolate Squares,Terra Cacao,Milk,Bern Factory B,Switzerland,Meridian Cacao Exchange,5937,5635,3.16,17806.6,7955.58,9851.02,468,77.6
CHC-00672,Biscuit Milk Chocolate Squares,Bean & Bloom,Milk,Hershey Falls Factory X,USA,Ghana Bean Collective,2408,2064,2.19,4520.16,2793.28,1726.88,517,81.9
CHC-00673,Sea Salt Caramel Chocolate Filled Bar,Highland Cacao,Caramel,Bristol Factory H,United Kingdom,EcoPack Solutions,13638,11310,3.61,40829.1,27957.9,12871.2,2552,87.2
CHC-00674,Espresso Infused Dark Chocolate Filled Bar,Bean & Bloom,Dark,Medellin Factory R,Colombia,Andes Bean Exporters,3595,2531,3.7,9364.7,7657.35,1707.35,1350,86.9
CHC-00675,Raspberry Swirl White Chocolate Truffle Box,Golden Bean Co.,White,Medellin Factory R,Colombia,Heritage Almond Growers,684,680,2.18,1482.4,615.6,866.8,243,93.9
CHC-00676,Cranberry Walnut Fruit & Nut Chocolate Wafer Bar,Bean & Bloom,Fruit & Nut,Guayaquil Factory Q,Ecuador,Ivory Cocoa Traders,5191,4754,4.95,23532.3,17337.94,6194.36,473,79.1
CHC-00677,Tropical Mix Fruit & Nut Chocolate Drops,Cacao Verde,Fruit & Nut,Antwerp Factory A,Belgium,Alpine Dairy Co.,4011,3638,4.78,17389.64,11351.13,6038.51,422,98.8
CHC-00678,Espresso Infused Dark Chocolate Squares,Choco Artisan,Dark,Bern Factory B,Switzerland,Nordic Milk Co.,10447,9950,4.02,39999.0,26013.03,13985.97,600,95.6
CHC-00679,Berry Burst Ruby Chocolate Wafer Bar,Highland Cacao,Ruby,Melbourne Factory N,Australia,Alpine Dairy Co.,4304,3028,7.31,22134.68,17775.52,4359.16,1494,93.1
CHC-00680,Soft Caramel Core Chocolate Chips (Baking),Bean & Bloom,Caramel,Melbourne Factory N,Australia,EcoPack Solutions,2587,2085,3.6,7506.0,4553.12,2952.88,709,85.7
CHC-00681,Coconut White Chocolate Squares,Choco Artisan,White,Portland Factory A,USA,Nordic Milk Co.,8421,7179,2.33,16727.07,10020.99,6706.08,1357,77.0
CHC-00682,Soft Caramel Core Chocolate Drops,Blue Ridge Chocolatiers,Caramel,Osaka Factory M,Japan,Nordic Milk Co.,4551,3643,4.6,16757.8,8874.45,7883.35,1183,78.1
CHC-00683,Praline Hazelnut Chocolate Filled Bar,Ember & Oak,Hazelnut,Lyon Factory G,France,Pacific Sugar Mills,7518,7878,3.03,23870.34,14810.46,9059.88,10,94.3
CHC-00684,Cranberry Walnut Fruit & Nut Chocolate Filled Bar,Cacao Verde,Fruit & Nut,Sao Paulo Factory P,Brazil,Nordic Milk Co.,2282,2095,4.05,8484.75,5317.06,3167.69,444,86.7
CHC-00685,Lemon Zest White Chocolate Squares,Velvet Cacao,White,Portland Factory A,USA,Nordic Milk Co.,14811,15566,2.23,34712.18,20439.18,14273.0,10,100.0
CHC-00686,Praline Hazelnut Chocolate Squares,Amber Cacao Co.,Hazelnut,Amsterdam Factory I,Netherlands,Meridian Cacao Exchange,4203,4324,3.62,15652.88,10087.2,5565.68,75,89.9
CHC-00687,Diabetic Friendly Sugar-Free Chocolate Chips (Baking),Blue Ridge Chocolatiers,Sugar-Free,Turin Factory J,Italy,EcoPack Solutions,816,635,5.54,3517.9,2937.6,580.3,236,78.4
CHC-00688,Raspberry Swirl White Chocolate Bar,Ivory & Cocoa,White,Lima Factory S,Peru,Sunrise Vanilla Farms,6971,4891,2.23,10906.93,7319.55,3587.38,2104,96.1
CHC-00689,Almond Crunch Chocolate Coated Nuts,Northstar Confectionery,Almond,Jakarta Factory O,Indonesia,Ghana Bean Collective,3017,2462,4.74,11669.88,7240.8,4429.08,656,86.2
CHC-00690,Single Origin Dark Chocolate Truffle Box,Terra Cacao,Dark,Hershey Falls Factory X,USA,Andes Bean Exporters,5906,5002,5.87,29361.74,20789.12,8572.62,1131,88.5
CHC-00691,Berry Burst Ruby Chocolate Chips (Baking),Rainforest Bloom,Ruby,Dubai Factory W,UAE,Global Cocoa Partners,4413,3113,6.72,20919.36,12488.79,8430.57,1332,92.6
CHC-00692,Vanilla Bean White Chocolate Squares,Blue Ridge Chocolatiers,White,Melbourne Factory N,Australia,EcoPack Solutions,2104,1627,2.23,3628.21,2209.2,1419.01,637,77.9
CHC-00693,Espresso Infused Dark Chocolate Filled Bar,Northstar Confectionery,Dark,Bristol Factory H,United Kingdom,Amazon Cacao Growers,1292,1084,5.66,6135.44,2997.44,3138.0,275,79.7
CHC-00694,Tropical Mix Fruit & Nut Chocolate Drops,Choco Artisan,Fruit & Nut,Medellin Factory R,Colombia,Sahara Nut Suppliers,3406,2493,4.9,12215.7,8753.42,3462.28,967,97.8
CHC-00695,Diabetic Friendly Sugar-Free Chocolate Drops,Bean & Bloom,Sugar-Free,Bruges Factory D,Belgium,Heritage Almond Growers,4540,3627,5.74,20818.98,13892.4,6926.58,1106,77.9
CHC-00696,85% Extra Bold Dark Chocolate Coated Nuts,Cacao Verde,Dark,Oaxaca Factory Z,Mexico,Nordic Milk Co.,3073,2541,4.24,10773.84,7559.58,3214.26,600,79.6
CHC-00697,Salted Butter Caramel Chocolate Filled Bar,Silk Route Chocolate,Caramel,Toronto Factory B,Canada,Coastal Coconut Co.,6237,5980,3.74,22365.2,14407.47,7957.73,488,78.7
CHC-00698,Marzipan Style Almond Chocolate Coated Nuts,Velvet Cacao,Almond,Guadalajara Factory C,Mexico,Heritage Almond Growers,7233,6476,4.66,30178.16,22856.28,7321.88,958,79.0
CHC-00699,Sea Salt Caramel Chocolate Wafer Bar,Wildflower Cacao,Caramel,Jakarta Factory O,Indonesia,Coastal Coconut Co.,8777,8370,3.08,25779.6,14482.05,11297.55,620,84.7
CHC-00700,Classic Sugar-Free Chocolate Wafer Bar,Silk Route Chocolate,Sugar-Free,Guadalajara Factory C,Mexico,Pacific Sugar Mills,5198,5085,3.31,16831.35,8108.88,8722.47,338,84.1
CHC-00701,Original Ruby Chocolate Drops,Choco Artisan,Ruby,Cologne Factory F,Germany,Global Cocoa Partners,1966,1802,4.74,8541.48,5091.94,3449.54,380,80.1
CHC-00702,Gianduja Style Hazelnut Chocolate Drops,Terra Cacao,Hazelnut,Lyon Factory G,France,Sunrise Vanilla Farms,2870,2479,4.68,11601.72,9011.8,2589.92,650,83.6
CHC-00703,Classic Milk Chocolate Gift Box,Highland Cacao,Milk,Bern Factory B,Switzerland,TerraFair Trade Beans,4860,4157,2.23,9270.11,6561.0,2709.11,793,89.9
CHC-00704,Original Ruby Chocolate Chips (Baking),Pure Bloom Chocolatiers,Ruby,Toronto Factory B,Canada,Meridian Cacao Exchange,10034,10333,4.75,49081.75,27091.8,21989.95,10,72.7
CHC-00705,Whole Hazelnut Chocolate Drops,Silk Route Chocolate,Hazelnut,Bruges Factory D,Belgium,Continental Sugar Corp,5481,4980,4.29,21364.2,9975.42,11388.78,541,84.6
CHC-00706,Classic Milk Chocolate Coated Nuts,Silk Route Chocolate,Milk,Munich Factory C,Germany,Heritage Almond Growers,3396,2637,4.1,10811.7,8931.48,1880.22,839,86.2
CHC-00707,Classic Milk Chocolate Bar,Bean & Bloom,Milk,Toronto Factory B,Canada,Continental Sugar Corp,4815,3978,3.73,14837.94,9100.35,5737.59,985,75.2
CHC-00708,Value Pack Compound Chocolate Wafer Bar,TruffleWorks,Compound,Sao Paulo Factory P,Brazil,Continental Sugar Corp,3795,2965,1.8,5337.0,2884.2,2452.8,1040,95.8
CHC-00709,Single Origin Dark Chocolate Filled Bar,Cocoa Bloom,Dark,Shanghai Factory L,China,Meridian Cacao Exchange,2272,2007,2.86,5740.02,2953.6,2786.42,484,88.7
CHC-00710,Praline Hazelnut Chocolate Chips (Baking),Amber Cacao Co.,Hazelnut,Guayaquil Factory Q,Ecuador,TerraFair Trade Beans,8954,8101,3.66,29649.66,14057.78,15591.88,1039,86.4
CHC-00711,Original Ruby Chocolate Truffle Box,Cacao Verde,Ruby,Lima Factory S,Peru,Coastal Coconut Co.,7055,5784,7.53,43553.52,30336.5,13217.02,1302,91.3
CHC-00712,Roasted Almond Chocolate Chips (Baking),Sunset Grove Chocolate,Almond,Oaxaca Factory Z,Mexico,Alpine Dairy Co.,2992,2339,5.21,12186.19,10382.24,1803.95,748,89.8
CHC-00713,Marzipan Style Almond Chocolate Squares,Ember & Oak,Almond,Lima Factory S,Peru,Global Cocoa Partners,7091,5619,3.43,19273.17,10991.05,8282.12,1642,85.6
CHC-00714,Espresso Infused Dark Chocolate Squares,Blue Ridge Chocolatiers,Dark,Cape Town Factory V,South Africa,Pacific Sugar Mills,1975,1568,3.12,4892.16,2705.75,2186.41,484,85.6
CHC-00715,70% Intense Dark Chocolate Pralines,Cocoa Bloom,Dark,Hershey Falls Factory X,USA,Global Cocoa Partners,2535,2094,5.92,12396.48,7655.7,4740.78,628,79.2
CHC-00716,Organic Fair-Trade Chocolate Bar,Amber Cacao Co.,Organic,Antwerp Factory A,Belgium,Pacific Sugar Mills,10382,7697,6.24,48029.28,34883.52,13145.76,2766,90.3
CHC-00717,Whole Hazelnut Chocolate Truffle Box,Bean & Bloom,Hazelnut,Turin Factory J,Italy,Ghana Bean Collective,2894,2676,3.14,8402.64,3820.08,4582.56,462,88.8
CHC-00718,Marzipan Style Almond Chocolate Wafer Bar,Cacao Nomad,Almond,Guadalajara Factory C,Mexico,Continental Sugar Corp,1592,1540,4.74,7299.6,4521.28,2778.32,111,80.3
CHC-00719,Coconut White Chocolate Truffle Box,Amber Cacao Co.,White,Pune Factory K,India,Ivory Cocoa Traders,4168,3658,3.5,12803.0,8210.96,4592.04,644,91.9
CHC-00720,70% Intense Dark Chocolate Pralines,Rainforest Bloom,Dark,Zurich Factory E,Switzerland,Amazon Cacao Growers,1921,1856,6.38,11841.28,5148.28,6693.0,237,98.0
CHC-00721,Sea Salt Caramel Chocolate Filled Bar,Cacao & Co.,Caramel,Lyon Factory G,France,Continental Sugar Corp,13271,12724,2.67,33973.08,22427.99,11545.09,693,78.7
CHC-00722,Single Origin Dark Chocolate Gift Box,Blue Ridge Chocolatiers,Dark,Turin Factory J,Italy,Ivory Cocoa Traders,9043,9098,3.04,27657.92,11484.61,16173.31,126,100.0
CHC-00723,Salted Butter Caramel Chocolate Bar,Rainforest Bloom,Caramel,Bruges Factory D,Belgium,Global Cocoa Partners,12486,10861,3.3,35841.3,21975.36,13865.94,1702,96.1
CHC-00724,Citrus Ruby Chocolate Coated Nuts,Cacao Verde,Ruby,Osaka Factory M,Japan,Heritage Almond Growers,6286,5764,5.83,33604.12,19109.44,14494.68,724,94.8
CHC-00725,Organic Raw Cacao Chocolate Wafer Bar,Bean & Bloom,Organic,Guadalajara Factory C,Mexico,Ivory Cocoa Traders,2441,1720,7.27,12504.4,9617.54,2886.86,898,86.7
CHC-00726,Sea Salt Caramel Chocolate Pralines,Ember & Oak,Caramel,Lyon Factory G,France,Continental Sugar Corp,2100,1838,3.13,5752.94,3822.0,1930.94,436,99.7
CHC-00727,Classic Sugar-Free Chocolate Coated Nuts,Noir Origins,Sugar-Free,Cologne Factory F,Germany,Global Cocoa Partners,3802,3682,3.1,11414.2,7527.96,3886.24,320,85.9
CHC-00728,Organic Raw Cacao Chocolate Filled Bar,Ember & Oak,Organic,Amsterdam Factory I,Netherlands,TerraFair Trade Beans,1936,1528,6.13,9366.64,8034.4,1332.24,530,92.1
CHC-00729,Roasted Almond Chocolate Gift Box,Highland Cacao,Almond,Pune Factory K,India,Andes Bean Exporters,3475,2937,4.28,12570.36,9278.25,3292.11,582,84.0
CHC-00730,Organic Fair-Trade Chocolate Truffle Box,Pure Bloom Chocolatiers,Organic,Toronto Factory B,Canada,Heritage Almond Growers,1845,1448,3.79,5487.92,3523.95,1963.97,494,78.9
CHC-00731,Praline Hazelnut Chocolate Drops,Cacao Nomad,Hazelnut,Guadalajara Factory C,Mexico,Alpine Dairy Co.,2843,2902,4.94,14335.88,8870.16,5465.72,93,92.2
CHC-00732,70% Intense Dark Chocolate Pralines,Highland Cacao,Dark,Cape Town Factory V,South Africa,Pacific Sugar Mills,16599,12595,4.04,50883.8,35853.84,15029.96,4296,97.4
CHC-00733,Stevia Sweetened Sugar-Free Chocolate Drops,Terra Cacao,Sugar-Free,Medellin Factory R,Colombia,Ghana Bean Collective,5131,4997,5.6,27983.2,13648.46,14334.74,420,78.7
CHC-00734,Sea Salt Caramel Chocolate Bar,Cocoa Bloom,Caramel,Montreal Factory Y,Canada,EcoPack Solutions,3823,4151,3.11,12909.61,5925.65,6983.96,10,87.5
CHC-00735,Raspberry Swirl White Chocolate Squares,Ember & Oak,White,Abidjan Factory U,Cote d'Ivoire,Heritage Almond Growers,4599,3800,2.97,11286.0,7404.39,3881.61,1081,83.1
CHC-00736,Roasted Almond Chocolate Bar,Cacao Verde,Almond,Toronto Factory B,Canada,Sunrise Vanilla Farms,1884,1528,5.05,7716.4,4125.96,3590.44,618,81.1
CHC-00737,Sea Salt Caramel Chocolate Coated Nuts,Ember & Oak,Caramel,Munich Factory C,Germany,Alpine Dairy Co.,7067,6883,2.65,18239.95,8692.41,9547.54,285,85.1
CHC-00738,Espresso Infused Dark Chocolate Wafer Bar,Highland Cacao,Dark,Guadalajara Factory C,Mexico,Ghana Bean Collective,4277,4217,3.49,14717.33,8340.15,6377.18,277,94.8
CHC-00739,85% Extra Bold Dark Chocolate Coated Nuts,Cacao Nomad,Dark,Pune Factory K,India,Sahara Nut Suppliers,4990,4304,5.26,22639.04,15019.9,7619.14,725,97.9
CHC-00740,Value Pack Compound Chocolate Chips (Baking),Sunset Grove Chocolate,Compound,Munich Factory C,Germany,Meridian Cacao Exchange,7967,7712,1.44,11105.28,5417.56,5687.72,352,91.1
CHC-00741,Coconut White Chocolate Gift Box,Amber Cacao Co.,White,Medellin Factory R,Colombia,Andes Bean Exporters,8415,8023,4.06,32573.38,19017.9,13555.48,480,88.6
CHC-00742,Whole Hazelnut Chocolate Chips (Baking),Ivory & Cocoa,Hazelnut,Hershey Falls Factory X,USA,Coastal Coconut Co.,7578,7598,4.98,37838.04,16595.82,21242.22,17,92.9
CHC-00743,Citrus Ruby Chocolate Filled Bar,Whisk & Wonder,Ruby,Abidjan Factory U,Cote d'Ivoire,Heritage Almond Growers,7420,5801,5.92,34341.92,18030.6,16311.32,1815,81.6
CHC-00744,Organic Raw Cacao Chocolate Coated Nuts,Northstar Confectionery,Organic,Abidjan Factory U,Cote d'Ivoire,Ghana Bean Collective,3532,2660,7.35,19551.0,12114.76,7436.24,908,89.3
CHC-00745,Stevia Sweetened Sugar-Free Chocolate Bar,Choco Artisan,Sugar-Free,Osaka Factory M,Japan,Alpine Dairy Co.,5818,5429,3.04,16504.16,9541.52,6962.64,416,84.3
CHC-00746,Gianduja Style Hazelnut Chocolate Bar,Whisk & Wonder,Hazelnut,Portland Factory A,USA,Coastal Coconut Co.,5940,5740,4.48,25715.2,12889.8,12825.4,329,89.6
CHC-00747,Cranberry Walnut Fruit & Nut Chocolate Drops,Blue Ridge Chocolatiers,Fruit & Nut,Abidjan Factory U,Cote d'Ivoire,Coastal Coconut Co.,797,547,5.36,2931.92,2414.91,517.01,328,76.0
CHC-00748,Raspberry Swirl White Chocolate Pralines,Auric Chocolate,White,Accra Factory T,Ghana,Sahara Nut Suppliers,6177,5512,3.07,16921.84,12477.54,4444.3,941,91.3
CHC-00749,Whole Hazelnut Chocolate Wafer Bar,Copper Kettle Chocolate,Hazelnut,Cape Town Factory V,South Africa,Ghana Bean Collective,6286,6612,4.39,29026.68,16720.76,12305.92,10,86.0
CHC-00750,Coconut White Chocolate Truffle Box,Copper Kettle Chocolate,White,Bern Factory B,Switzerland,Heritage Almond Growers,4587,4666,2.5,11665.0,6697.02,4967.98,173,89.4
CHC-00751,Organic Raw Cacao Chocolate Truffle Box,Silk Route Chocolate,Organic,Oaxaca Factory Z,Mexico,Amazon Cacao Growers,17355,15889,6.06,96287.34,49808.85,46478.49,1554,89.6
CHC-00752,Almond Crunch Chocolate Pralines,Noir Origins,Almond,Zurich Factory E,Switzerland,Coastal Coconut Co.,2190,2113,3.14,6634.82,3000.3,3634.52,279,97.6
CHC-00753,Soft Caramel Core Chocolate Pralines,Copper Kettle Chocolate,Caramel,Melbourne Factory N,Australia,Ghana Bean Collective,10807,11888,3.2,38041.6,13941.03,24100.57,10,85.8
CHC-00754,Stevia Sweetened Sugar-Free Chocolate Truffle Box,Terra Cacao,Sugar-Free,Accra Factory T,Ghana,TerraFair Trade Beans,1740,1662,5.42,9008.04,6385.8,2622.24,332,77.0
CHC-00755,Original Ruby Chocolate Squares,Pure Bloom Chocolatiers,Ruby,Melbourne Factory N,Australia,Pacific Sugar Mills,4285,3363,4.87,16377.81,10712.5,5665.31,1157,95.2
CHC-00756,Roasted Almond Chocolate Pralines,Highland Cacao,Almond,Jakarta Factory O,Indonesia,Pacific Sugar Mills,7703,7911,3.4,26897.4,11554.5,15342.9,10,93.9
CHC-00757,Raisin & Almond Fruit & Nut Chocolate Drops,Rainforest Bloom,Fruit & Nut,Abidjan Factory U,Cote d'Ivoire,Ghana Bean Collective,13621,12383,2.99,37025.17,18796.98,18228.19,1451,84.2
CHC-00758,Sea Salt Milk Chocolate Drops,Cacao Verde,Milk,Hershey Falls Factory X,USA,Ghana Bean Collective,3013,2196,4.32,9486.72,7261.33,2225.39,1049,95.3
CHC-00759,Cranberry Walnut Fruit & Nut Chocolate Wafer Bar,Terra Cacao,Fruit & Nut,Hershey Falls Factory X,USA,EcoPack Solutions,6133,5023,4.16,20895.68,15761.81,5133.87,1350,95.4
CHC-00760,Raspberry Swirl White Chocolate Bar,Northstar Confectionery,White,Lima Factory S,Peru,Sunrise Vanilla Farms,1275,1028,2.9,2981.2,1810.5,1170.7,314,79.7
CHC-00761,70% Intense Dark Chocolate Coated Nuts,Auric Chocolate,Dark,Dubai Factory W,UAE,Meridian Cacao Exchange,1323,1195,2.58,3083.1,2249.1,834.0,260,81.5
CHC-00762,Lemon Zest White Chocolate Squares,Amber Cacao Co.,White,Lyon Factory G,France,Coastal Coconut Co.,5552,4969,2.68,13316.92,7994.88,5322.04,770,79.3
CHC-00763,Sea Salt Milk Chocolate Coated Nuts,Wildflower Cacao,Milk,Lima Factory S,Peru,Continental Sugar Corp,3619,2801,3.79,10615.79,9300.83,1314.96,939,99.1
CHC-00764,Plant-Based Classic Vegan Dark Chocolate Pralines,Sunset Grove Chocolate,Vegan Dark,Lyon Factory G,France,TerraFair Trade Beans,3387,2941,5.86,17234.26,12870.6,4363.66,623,75.3
CHC-00765,Confectionery Grade Compound Chocolate Coated Nuts,Amber Cacao Co.,Compound,Medellin Factory R,Colombia,Coastal Coconut Co.,2565,2236,1.57,3510.52,1949.4,1561.12,419,81.0
CHC-00766,Whole Hazelnut Chocolate Wafer Bar,Ivory & Cocoa,Hazelnut,Turin Factory J,Italy,Nordic Milk Co.,4481,3458,4.25,14696.5,8334.66,6361.84,1259,90.5
CHC-00767,70% Intense Dark Chocolate Bar,Noir Origins,Dark,Lima Factory S,Peru,Sunrise Vanilla Farms,3504,3761,6.24,23468.64,13560.48,9908.16,10,95.9
CHC-00768,Single Origin Dark Chocolate Truffle Box,Rainforest Bloom,Dark,Toronto Factory B,Canada,Andes Bean Exporters,4533,4599,6.0,27594.0,16364.13,11229.87,24,95.8
CHC-00769,Roasted Almond Chocolate Pralines,Ivory & Cocoa,Almond,Osaka Factory M,Japan,TerraFair Trade Beans,6362,5563,3.57,19859.91,10560.92,9298.99,915,90.6
CHC-00770,Stevia Sweetened Sugar-Free Chocolate Squares,TruffleWorks,Sugar-Free,Cologne Factory F,Germany,Ivory Cocoa Traders,1185,982,3.41,3348.62,2701.8,646.82,317,92.5
CHC-00771,Organic Single Origin Chocolate Bar,Rainforest Bloom,Organic,Shanghai Factory L,China,Continental Sugar Corp,13874,10287,6.36,65425.32,43564.36,21860.96,3771,95.6
CHC-00772,Coconut Sugar Vegan Dark Chocolate Filled Bar,Auric Chocolate,Vegan Dark,Abidjan Factory U,Cote d'Ivoire,TerraFair Trade Beans,3244,3334,5.98,19937.32,10056.4,9880.92,10,91.2
CHC-00773,70% Intense Dark Chocolate Squares,Noir Origins,Dark,Cape Town Factory V,South Africa,EcoPack Solutions,4657,4753,4.73,22481.69,10338.54,12143.15,78,86.4
CHC-00774,Original Ruby Chocolate Coated Nuts,Rainforest Bloom,Ruby,Amsterdam Factory I,Netherlands,Alpine Dairy Co.,5265,3376,4.09,13807.84,9529.65,4278.19,2137,89.7
CHC-00775,Sea Salt Caramel Chocolate Chips (Baking),Amber Cacao Co.,Caramel,Sao Paulo Factory P,Brazil,Alpine Dairy Co.,2755,2568,4.29,11016.72,6253.85,4762.87,397,92.1
CHC-00776,70% Intense Dark Chocolate Chips (Baking),Highland Cacao,Dark,Lima Factory S,Peru,Ghana Bean Collective,4665,3680,3.57,13137.6,10169.7,2967.9,1160,92.4
CHC-00777,Sea Salt Milk Chocolate Coated Nuts,Maison Cacao,Milk,Hershey Falls Factory X,USA,Coastal Coconut Co.,871,661,3.16,2088.76,1837.81,250.95,349,89.5
CHC-00778,Praline Hazelnut Chocolate Drops,Blue Ridge Chocolatiers,Hazelnut,Abidjan Factory U,Cote d'Ivoire,Andes Bean Exporters,5754,5424,4.49,24353.76,14557.62,9796.14,380,82.1
CHC-00779,Plant-Based Classic Vegan Dark Chocolate Drops,Whisk & Wonder,Vegan Dark,Lyon Factory G,France,Amazon Cacao Growers,8814,7870,4.99,39271.3,20007.78,19263.52,1030,88.6
CHC-00780,Cranberry Walnut Fruit & Nut Chocolate Chips (Baking),Blue Ridge Chocolatiers,Fruit & Nut,Cologne Factory F,Germany,EcoPack Solutions,5470,5324,5.18,27578.32,12416.9,15161.42,429,92.5
CHC-00781,Value Pack Compound Chocolate Bar,Pure Bloom Chocolatiers,Compound,Hershey Falls Factory X,USA,Continental Sugar Corp,20880,19050,2.42,46101.0,26100.0,20001.0,1961,80.4
CHC-00782,Vanilla Bean White Chocolate Gift Box,Cacao Nomad,White,Melbourne Factory N,Australia,Sunrise Vanilla Farms,6293,5603,4.2,23532.6,15291.99,8240.61,855,82.9
CHC-00783,Organic Single Origin Chocolate Coated Nuts,Auric Chocolate,Organic,Pune Factory K,India,Pacific Sugar Mills,2557,2654,7.38,19586.52,10611.55,8974.97,202,91.0
CHC-00784,Roasted Almond Chocolate Gift Box,Whisk & Wonder,Almond,Pune Factory K,India,TerraFair Trade Beans,8580,6652,3.29,21885.08,11497.2,10387.88,2093,92.6
CHC-00785,Classic Sugar-Free Chocolate Truffle Box,Ivory & Cocoa,Sugar-Free,Jakarta Factory O,Indonesia,Andes Bean Exporters,2601,2282,4.63,10565.66,6190.38,4375.28,397,86.4
CHC-00786,Cranberry Walnut Fruit & Nut Chocolate Drops,Rainforest Bloom,Fruit & Nut,Dubai Factory W,UAE,Amazon Cacao Growers,4605,4148,5.24,21735.52,10269.15,11466.37,610,86.4
CHC-00787,Coconut White Chocolate Pralines,Wildflower Cacao,White,Montreal Factory Y,Canada,Global Cocoa Partners,3411,3011,3.62,10899.82,7947.63,2952.19,442,88.6
CHC-00788,Organic Raw Cacao Chocolate Squares,Ember & Oak,Organic,Sao Paulo Factory P,Brazil,EcoPack Solutions,1015,894,6.91,6177.54,2821.7,3355.84,288,84.9
CHC-00789,85% Extra Bold Dark Chocolate Drops,Whisk & Wonder,Dark,Lyon Factory G,France,Sahara Nut Suppliers,7168,5095,4.57,23284.15,20858.88,2425.27,2184,84.7
CHC-00790,Roasted Almond Chocolate Drops,Pure Bloom Chocolatiers,Almond,Dubai Factory W,UAE,Ghana Bean Collective,6820,5750,3.27,18802.5,14731.2,4071.3,1165,75.5
CHC-00791,Single Origin Dark Chocolate Bar,Wildflower Cacao,Dark,Bristol Factory H,United Kingdom,Continental Sugar Corp,1762,1307,4.66,6090.62,3312.56,2778.06,717,86.4
CHC-00792,Lemon Zest White Chocolate Wafer Bar,Copper Kettle Chocolate,White,Accra Factory T,Ghana,Amazon Cacao Growers,3783,3074,2.4,7377.6,5863.65,1513.95,797,99.4
CHC-00793,Coconut White Chocolate Drops,Velvet Cacao,White,Medellin Factory R,Colombia,Global Cocoa Partners,2652,2827,4.44,12551.88,6709.56,5842.32,68,83.2
CHC-00794,Soft Caramel Core Chocolate Gift Box,Whisk & Wonder,Caramel,Antwerp Factory A,Belgium,Pacific Sugar Mills,2085,2126,4.06,8631.56,5692.05,2939.51,160,83.9
CHC-00795,Organic Single Origin Chocolate Coated Nuts,TruffleWorks,Organic,Guadalajara Factory C,Mexico,TerraFair Trade Beans,2489,1930,6.4,12352.0,8860.84,3491.16,724,91.3
CHC-00796,Classic Milk Chocolate Squares,Whisk & Wonder,Milk,Accra Factory T,Ghana,Pacific Sugar Mills,6795,6110,3.62,22118.2,11007.9,11110.3,889,93.3
CHC-00797,70% Intense Dark Chocolate Coated Nuts,Wildflower Cacao,Dark,Bordeaux Factory D,France,Amazon Cacao Growers,9542,7980,3.97,31680.6,22328.28,9352.32,1802,100.0
CHC-00798,Marzipan Style Almond Chocolate Truffle Box,Velvet Cacao,Almond,Turin Factory J,Italy,EcoPack Solutions,6345,5902,4.12,24316.24,11294.1,13022.14,531,84.8
CHC-00799,Vanilla Bean White Chocolate Coated Nuts,TruffleWorks,White,Hershey Falls Factory X,USA,Global Cocoa Partners,5661,4637,3.48,16136.76,13190.13,2946.63,1069,91.5
CHC-00800,Confectionery Grade Compound Chocolate Bar,Maison Cacao,Compound,Dubai Factory W,UAE,TerraFair Trade Beans,4184,3769,2.31,8706.39,5564.72,3141.67,586,80.7
CHC-00801,Biscuit Milk Chocolate Bar,Cacao Verde,Milk,Bruges Factory D,Belgium,Ivory Cocoa Traders,4799,5279,2.03,10716.37,4894.98,5821.39,10,82.1
CHC-00802,Single Origin Dark Chocolate Gift Box,Cacao Nomad,Dark,Dubai Factory W,UAE,Nordic Milk Co.,20128,18804,5.1,95900.4,41866.24,54034.16,1612,83.2
CHC-00803,Oat Milk Blend Vegan Dark Chocolate Coated Nuts,Cacao Nomad,Vegan Dark,Pune Factory K,India,Ivory Cocoa Traders,4096,3381,6.46,21841.26,13434.88,8406.38,923,87.4
CHC-00804,Single Origin Dark Chocolate Wafer Bar,Copper Kettle Chocolate,Dark,Osaka Factory M,Japan,Alpine Dairy Co.,4164,4496,5.22,23469.12,9993.6,13475.52,10,91.4
CHC-00805,Single Origin Dark Chocolate Chips (Baking),Maison Cacao,Dark,Bordeaux Factory D,France,Coastal Coconut Co.,5946,6237,5.09,31746.33,13437.96,18308.37,10,89.8
CHC-00806,Single Origin Dark Chocolate Chips (Baking),Pure Bloom Chocolatiers,Dark,Antwerp Factory A,Belgium,Nordic Milk Co.,1696,1288,3.13,4031.44,2425.28,1606.16,538,82.1
CHC-00807,85% Extra Bold Dark Chocolate Truffle Box,Terra Cacao,Dark,Sao Paulo Factory P,Brazil,Pacific Sugar Mills,9494,7585,6.48,49150.8,29716.22,19434.58,2093,88.1
CHC-00808,Raspberry Swirl White Chocolate Filled Bar,Wildflower Cacao,White,Guayaquil Factory Q,Ecuador,EcoPack Solutions,5073,4937,2.7,13329.9,8218.26,5111.64,318,80.0
CHC-00809,Classic Sugar-Free Chocolate Chips (Baking),Ember & Oak,Sugar-Free,Osaka Factory M,Japan,EcoPack Solutions,4577,3722,3.99,14850.78,7460.51,7390.27,1027,83.9
CHC-00810,Praline Hazelnut Chocolate Gift Box,Noir Origins,Hazelnut,Dubai Factory W,UAE,TerraFair Trade Beans,3564,3237,4.74,15343.38,7733.88,7609.5,448,79.8
CHC-00811,Berry Burst Ruby Chocolate Coated Nuts,Silk Route Chocolate,Ruby,Jakarta Factory O,Indonesia,Nordic Milk Co.,3449,3000,7.11,21330.0,12623.34,8706.66,714,86.2
CHC-00812,85% Extra Bold Dark Chocolate Pralines,Whisk & Wonder,Dark,Zurich Factory E,Switzerland,Continental Sugar Corp,2054,1584,4.85,7682.4,5833.36,1849.04,697,90.4
CHC-00813,Lemon Zest White Chocolate Filled Bar,Ivory & Cocoa,White,Munich Factory C,Germany,TerraFair Trade Beans,9086,8268,2.42,20008.56,9812.88,10195.68,1086,100.0
CHC-00814,Honeycomb Milk Chocolate Truffle Box,Maison Cacao,Milk,Bruges Factory D,Belgium,Nordic Milk Co.,2318,1795,3.21,5761.95,4010.14,1751.81,747,83.0
CHC-00815,Honeycomb Milk Chocolate Chips (Baking),Velvet Cacao,Milk,Antwerp Factory A,Belgium,EcoPack Solutions,4194,4090,3.1,12679.0,6416.82,6262.18,228,91.9
CHC-00816,Salted Butter Caramel Chocolate Coated Nuts,Cocoa Bloom,Caramel,Lima Factory S,Peru,Coastal Coconut Co.,2398,2113,2.65,5599.45,4172.52,1426.93,581,89.8
CHC-00817,Biscuit Milk Chocolate Coated Nuts,Wildflower Cacao,Milk,Guayaquil Factory Q,Ecuador,Coastal Coconut Co.,6440,4995,3.9,19480.5,15327.2,4153.3,1601,85.8
CHC-00818,Stevia Sweetened Sugar-Free Chocolate Filled Bar,Sunset Grove Chocolate,Sugar-Free,Lyon Factory G,France,Sahara Nut Suppliers,2850,2759,3.6,9932.4,6355.5,3576.9,357,83.4
CHC-00819,Gianduja Style Hazelnut Chocolate Drops,Rainforest Bloom,Hazelnut,Bristol Factory H,United Kingdom,Ghana Bean Collective,24219,21491,4.97,106810.27,55703.7,51106.57,2967,80.1
CHC-00820,Stevia Sweetened Sugar-Free Chocolate Drops,Silk Route Chocolate,Sugar-Free,Melbourne Factory N,Australia,Coastal Coconut Co.,3600,3153,4.74,14945.22,9432.0,5513.22,741,89.0
CHC-00821,Original Ruby Chocolate Bar,Cacao Verde,Ruby,Cape Town Factory V,South Africa,Heritage Almond Growers,12237,11917,4.17,49693.89,29368.8,20325.09,603,83.3
CHC-00822,Salted Butter Caramel Chocolate Wafer Bar,Golden Bean Co.,Caramel,Abidjan Factory U,Cote d'Ivoire,Amazon Cacao Growers,2481,2568,4.48,11504.64,5185.29,6319.35,159,87.6
CHC-00823,Salted Butter Caramel Chocolate Wafer Bar,Bean & Bloom,Caramel,Zurich Factory E,Switzerland,Sahara Nut Suppliers,4073,3940,3.53,13908.2,8227.46,5680.74,166,94.2
CHC-00824,Bakers Classic Compound Chocolate Wafer Bar,Whisk & Wonder,Compound,Lyon Factory G,France,EcoPack Solutions,1407,1332,1.57,2091.24,1280.37,810.87,203,77.1
CHC-00825,85% Extra Bold Dark Chocolate Gift Box,Cacao Verde,Dark,Montreal Factory Y,Canada,Alpine Dairy Co.,2641,2499,4.77,11920.23,6813.78,5106.45,305,98.0
CHC-00826,Marzipan Style Almond Chocolate Bar,Copper Kettle Chocolate,Almond,Accra Factory T,Ghana,Continental Sugar Corp,8430,7451,3.07,22874.57,16017.0,6857.57,1192,83.1
CHC-00827,Espresso Infused Dark Chocolate Wafer Bar,Amber Cacao Co.,Dark,Lyon Factory G,France,Alpine Dairy Co.,8829,6703,3.54,23728.62,14479.56,9249.06,2253,92.2
CHC-00828,Soft Caramel Core Chocolate Squares,Amber Cacao Co.,Caramel,Zurich Factory E,Switzerland,Alpine Dairy Co.,1599,1559,4.58,7140.22,4173.39,2966.83,260,90.6
CHC-00829,Sea Salt Milk Chocolate Coated Nuts,Golden Bean Co.,Milk,Lima Factory S,Peru,Heritage Almond Growers,5345,4059,2.02,8199.18,5719.15,2480.03,1545,86.8
CHC-00830,Whole Hazelnut Chocolate Bar,Choco Artisan,Hazelnut,Munich Factory C,Germany,Global Cocoa Partners,1646,1209,3.74,4521.66,3308.46,1213.2,619,91.1
CHC-00831,Citrus Ruby Chocolate Bar,Sunset Grove Chocolate,Ruby,Zurich Factory E,Switzerland,Heritage Almond Growers,7914,7737,7.5,58027.5,33792.78,24234.72,303,97.1
CHC-00832,Sea Salt Caramel Chocolate Coated Nuts,Cacao & Co.,Caramel,Sao Paulo Factory P,Brazil,Ghana Bean Collective,4484,3869,4.33,16752.77,10761.6,5991.17,779,88.3
CHC-00833,Cranberry Walnut Fruit & Nut Chocolate Drops,Rainforest Bloom,Fruit & Nut,Portland Factory A,USA,EcoPack Solutions,2178,1519,4.68,7108.92,4965.84,2143.08,723,95.4
CHC-00834,Classic Sugar-Free Chocolate Wafer Bar,Whisk & Wonder,Sugar-Free,Osaka Factory M,Japan,Sunrise Vanilla Farms,2746,2317,5.81,13461.77,7881.02,5580.75,665,100.0
CHC-00835,70% Intense Dark Chocolate Bar,Velvet Cacao,Dark,Abidjan Factory U,Cote d'Ivoire,Alpine Dairy Co.,14825,12368,2.61,32280.48,21941.0,10339.48,2644,88.8
CHC-00836,Classic Sugar-Free Chocolate Pralines,Noir Origins,Sugar-Free,Amsterdam Factory I,Netherlands,Continental Sugar Corp,1133,1246,5.95,7413.7,3387.67,4026.03,110,82.3
CHC-00837,Cranberry Walnut Fruit & Nut Chocolate Chips (Baking),Terra Cacao,Fruit & Nut,Bern Factory B,Switzerland,Coastal Coconut Co.,3315,3096,4.56,14117.76,10243.35,3874.41,493,85.3
CHC-00838,Whole Hazelnut Chocolate Filled Bar,Amber Cacao Co.,Hazelnut,Dubai Factory W,UAE,Meridian Cacao Exchange,2017,1842,5.0,9210.0,4558.42,4651.58,307,90.6
CHC-00839,Cranberry Walnut Fruit & Nut Chocolate Bar,Northstar Confectionery,Fruit & Nut,Abidjan Factory U,Cote d'Ivoire,Nordic Milk Co.,2109,1829,5.24,9583.96,6769.89,2814.07,480,94.7
CHC-00840,Single Origin Dark Chocolate Chips (Baking),Northstar Confectionery,Dark,Hershey Falls Factory X,USA,Ivory Cocoa Traders,1507,1319,4.18,5513.42,4008.62,1504.8,312,74.9
CHC-00841,Organic Raw Cacao Chocolate Squares,Cacao Verde,Organic,Cologne Factory F,Germany,Meridian Cacao Exchange,1519,1444,3.8,5487.2,3174.71,2312.49,148,86.8
CHC-00842,Oat Milk Blend Vegan Dark Chocolate Drops,Copper Kettle Chocolate,Vegan Dark,Lima Factory S,Peru,Continental Sugar Corp,2373,1761,3.32,5846.52,4959.57,886.95,742,83.8
CHC-00843,Coconut White Chocolate Chips (Baking),Choco Artisan,White,Amsterdam Factory I,Netherlands,Andes Bean Exporters,8437,6530,3.94,25728.2,15777.19,9951.01,2052,99.8
CHC-00844,85% Extra Bold Dark Chocolate Drops,Amber Cacao Co.,Dark,Lima Factory S,Peru,Ivory Cocoa Traders,2876,1805,4.47,8068.35,7909.0,159.35,1341,81.4
CHC-00845,Gianduja Style Hazelnut Chocolate Pralines,Auric Chocolate,Hazelnut,Lyon Factory G,France,Continental Sugar Corp,6715,5529,5.23,28916.67,21890.9,7025.77,1252,92.1
CHC-00846,Sea Salt Milk Chocolate Filled Bar,Ember & Oak,Milk,Osaka Factory M,Japan,EcoPack Solutions,14862,13959,4.45,62117.55,32993.64,29123.91,1121,88.5
CHC-00847,Salted Butter Caramel Chocolate Gift Box,Terra Cacao,Caramel,Montreal Factory Y,Canada,Pacific Sugar Mills,12041,10551,2.75,29015.25,21432.98,7582.27,1759,94.2
CHC-00848,Single Origin Dark Chocolate Pralines,TruffleWorks,Dark,Portland Factory A,USA,TerraFair Trade Beans,20004,18302,3.5,64057.0,37207.44,26849.56,1742,100.0
CHC-00849,85% Extra Bold Dark Chocolate Filled Bar,Pure Bloom Chocolatiers,Dark,Abidjan Factory U,Cote d'Ivoire,Meridian Cacao Exchange,1961,1635,3.76,6147.6,3823.95,2323.65,521,86.1
CHC-00850,Honeycomb Milk Chocolate Truffle Box,Maison Cacao,Milk,Melbourne Factory N,Australia,Sahara Nut Suppliers,16963,16470,2.22,36563.4,25444.5,11118.9,603,78.9
CHC-00851,Single Origin Dark Chocolate Truffle Box,Maison Cacao,Dark,Oaxaca Factory Z,Mexico,Sunrise Vanilla Farms,2488,1982,2.54,5034.28,4130.08,904.2,638,97.5
CHC-00852,Biscuit Milk Chocolate Truffle Box,Auric Chocolate,Milk,Abidjan Factory U,Cote d'Ivoire,EcoPack Solutions,1366,1219,3.72,4534.68,3264.74,1269.94,285,83.2
CHC-00853,Single Origin Dark Chocolate Truffle Box,Silk Route Chocolate,Dark,Lyon Factory G,France,Meridian Cacao Exchange,3401,2355,2.55,6005.25,4591.35,1413.9,1189,89.1
CHC-00854,Salted Butter Caramel Chocolate Pralines,Cocoa Bloom,Caramel,Amsterdam Factory I,Netherlands,Meridian Cacao Exchange,6802,5921,4.47,26466.87,14760.34,11706.53,950,92.8
CHC-00855,Coconut Sugar Vegan Dark Chocolate Gift Box,Silk Route Chocolate,Vegan Dark,Bern Factory B,Switzerland,Continental Sugar Corp,5070,5003,3.48,17410.44,9886.5,7523.94,353,77.5
CHC-00856,Sea Salt Caramel Chocolate Truffle Box,Choco Artisan,Caramel,Turin Factory J,Italy,Andes Bean Exporters,2643,2226,2.88,6410.88,3435.9,2974.98,518,83.9
CHC-00857,Biscuit Milk Chocolate Drops,Ivory & Cocoa,Milk,Osaka Factory M,Japan,Ghana Bean Collective,2249,2066,4.02,8305.32,4183.14,4122.18,300,89.6
CHC-00858,85% Extra Bold Dark Chocolate Wafer Bar,Silk Route Chocolate,Dark,Jakarta Factory O,Indonesia,Ghana Bean Collective,4553,4162,6.12,25471.44,11245.91,14225.53,592,83.6
CHC-00859,Classic Milk Chocolate Gift Box,Pure Bloom Chocolatiers,Milk,Bruges Factory D,Belgium,Meridian Cacao Exchange,3923,2951,4.34,12807.34,9885.96,2921.38,1116,100.0
CHC-00860,Coconut Sugar Vegan Dark Chocolate Wafer Bar,Whisk & Wonder,Vegan Dark,Zurich Factory E,Switzerland,Ivory Cocoa Traders,1727,1757,6.61,11613.77,5111.92,6501.85,239,78.8
CHC-00861,Tropical Mix Fruit & Nut Chocolate Squares,Sunset Grove Chocolate,Fruit & Nut,Turin Factory J,Italy,Heritage Almond Growers,1666,1167,5.23,6103.41,5347.86,755.55,700,93.7
CHC-00862,Roasted Almond Chocolate Filled Bar,Cacao Nomad,Almond,Oaxaca Factory Z,Mexico,Andes Bean Exporters,1836,1486,3.97,5899.42,3433.32,2466.1,609,83.9
CHC-00863,Sea Salt Milk Chocolate Truffle Box,Cacao Nomad,Milk,Antwerp Factory A,Belgium,Heritage Almond Growers,1995,1622,3.65,5920.3,4788.0,1132.3,413,88.5
CHC-00864,Plant-Based Classic Vegan Dark Chocolate Chips (Baking),Northstar Confectionery,Vegan Dark,Abidjan Factory U,Cote d'Ivoire,Sunrise Vanilla Farms,2810,2864,6.05,17327.2,10481.3,6845.9,14,82.9
CHC-00865,Sea Salt Milk Chocolate Coated Nuts,Blue Ridge Chocolatiers,Milk,Abidjan Factory U,Cote d'Ivoire,Ghana Bean Collective,2597,2283,3.68,8401.44,5479.67,2921.77,392,91.3
CHC-00866,Almond Crunch Chocolate Pralines,Maison Cacao,Almond,Oaxaca Factory Z,Mexico,Global Cocoa Partners,2875,2842,3.23,9179.66,4427.5,4752.16,294,95.7
CHC-00867,Whole Hazelnut Chocolate Filled Bar,Terra Cacao,Hazelnut,Munich Factory C,Germany,Sunrise Vanilla Farms,7416,6925,3.41,23614.25,11272.32,12341.93,544,91.6
CHC-00868,85% Extra Bold Dark Chocolate Chips (Baking),Bean & Bloom,Dark,Bruges Factory D,Belgium,EcoPack Solutions,4733,4068,2.67,10861.56,5442.95,5418.61,893,87.3
CHC-00869,Sea Salt Caramel Chocolate Truffle Box,Northstar Confectionery,Caramel,Cape Town Factory V,South Africa,Ghana Bean Collective,6684,5926,2.95,17481.7,11563.32,5918.38,959,72.3
CHC-00870,Classic Milk Chocolate Bar,TruffleWorks,Milk,Oaxaca Factory Z,Mexico,Meridian Cacao Exchange,11019,9889,2.74,27095.86,17189.64,9906.22,1389,89.5
CHC-00871,Cranberry Walnut Fruit & Nut Chocolate Wafer Bar,Ivory & Cocoa,Fruit & Nut,Bordeaux Factory D,France,Pacific Sugar Mills,2434,1919,3.17,6083.23,3407.6,2675.63,742,74.1
CHC-00872,Lemon Zest White Chocolate Gift Box,Choco Artisan,White,Hershey Falls Factory X,USA,Coastal Coconut Co.,8290,7759,2.87,22268.33,14010.1,8258.23,621,94.8
CHC-00873,Honeycomb Milk Chocolate Filled Bar,Rainforest Bloom,Milk,Pune Factory K,India,Coastal Coconut Co.,3067,2752,2.49,6852.48,4876.53,1975.95,371,80.4
CHC-00874,Espresso Infused Dark Chocolate Filled Bar,Terra Cacao,Dark,Cologne Factory F,Germany,TerraFair Trade Beans,953,784,4.79,3755.36,3011.48,743.88,341,75.0
CHC-00875,Raisin & Almond Fruit & Nut Chocolate Chips (Baking),Amber Cacao Co.,Fruit & Nut,Abidjan Factory U,Cote d'Ivoire,Andes Bean Exporters,2608,2292,3.4,7792.8,5789.76,2003.04,411,76.8
CHC-00876,Original Ruby Chocolate Coated Nuts,Northstar Confectionery,Ruby,Pune Factory K,India,Coastal Coconut Co.,3995,2446,7.24,17709.04,19655.4,-1946.36,1748,87.9
CHC-00877,Sea Salt Milk Chocolate Bar,Ember & Oak,Milk,Zurich Factory E,Switzerland,Coastal Coconut Co.,906,786,4.27,3356.22,1612.68,1743.54,295,82.0
CHC-00878,Almond Crunch Chocolate Bar,Copper Kettle Chocolate,Almond,Cologne Factory F,Germany,Amazon Cacao Growers,4006,4044,4.08,16499.52,10736.08,5763.44,259,88.3
CHC-00879,Biscuit Milk Chocolate Pralines,Rainforest Bloom,Milk,Bruges Factory D,Belgium,EcoPack Solutions,5842,4963,2.18,10819.34,7302.5,3516.84,928,79.0
CHC-00880,Single Origin Dark Chocolate Squares,Bean & Bloom,Dark,Zurich Factory E,Switzerland,Alpine Dairy Co.,2151,2113,5.26,11114.38,5119.38,5995.0,281,93.0
CHC-00881,Praline Hazelnut Chocolate Wafer Bar,Cacao Verde,Hazelnut,Dubai Factory W,UAE,Heritage Almond Growers,5179,4566,4.87,22236.42,10358.0,11878.42,805,98.3
CHC-00882,Diabetic Friendly Sugar-Free Chocolate Pralines,Cacao Nomad,Sugar-Free,Zurich Factory E,Switzerland,Ivory Cocoa Traders,3229,3127,3.6,11257.2,5747.62,5509.58,283,88.3
CHC-00883,Honeycomb Milk Chocolate Squares,Golden Bean Co.,Milk,Bordeaux Factory D,France,Andes Bean Exporters,7111,5663,3.98,22538.74,12230.92,10307.82,1693,80.7
CHC-00884,Raisin & Almond Fruit & Nut Chocolate Squares,TruffleWorks,Fruit & Nut,Toronto Factory B,Canada,Andes Bean Exporters,1692,1378,3.33,4588.74,3823.92,764.82,435,78.6
CHC-00885,Marzipan Style Almond Chocolate Drops,Bean & Bloom,Almond,Oaxaca Factory Z,Mexico,Meridian Cacao Exchange,8303,7496,3.49,26161.04,17021.15,9139.89,936,82.1
CHC-00886,Coconut Sugar Vegan Dark Chocolate Filled Bar,Amber Cacao Co.,Vegan Dark,Medellin Factory R,Colombia,Coastal Coconut Co.,2602,2168,5.77,12509.36,9991.68,2517.68,549,95.2
CHC-00887,Praline Hazelnut Chocolate Coated Nuts,Cocoa Bloom,Hazelnut,Lyon Factory G,France,Coastal Coconut Co.,4571,3504,4.64,16258.56,10467.59,5790.97,1289,83.2
CHC-00888,85% Extra Bold Dark Chocolate Pralines,Golden Bean Co.,Dark,Turin Factory J,Italy,Continental Sugar Corp,4477,3360,4.42,14851.2,9133.08,5718.12,1220,76.8
CHC-00889,Whole Hazelnut Chocolate Gift Box,Wildflower Cacao,Hazelnut,Guayaquil Factory Q,Ecuador,Nordic Milk Co.,7783,5458,5.53,30182.74,20157.97,10024.77,2622,100.0
CHC-00890,85% Extra Bold Dark Chocolate Drops,Maison Cacao,Dark,Cape Town Factory V,South Africa,Coastal Coconut Co.,6401,5097,6.21,31652.37,21955.43,9696.94,1361,98.8
CHC-00891,Roasted Almond Chocolate Drops,Noir Origins,Almond,Guayaquil Factory Q,Ecuador,Sahara Nut Suppliers,3994,2990,3.62,10823.8,7029.44,3794.36,1177,98.0
CHC-00892,Diabetic Friendly Sugar-Free Chocolate Wafer Bar,Wildflower Cacao,Sugar-Free,Accra Factory T,Ghana,Heritage Almond Growers,7119,6325,5.12,32384.0,16231.32,16152.68,1039,83.0
CHC-00893,Single Origin Dark Chocolate Gift Box,Bean & Bloom,Dark,Hershey Falls Factory X,USA,Nordic Milk Co.,3190,3180,5.01,15931.8,8549.2,7382.6,85,93.2
CHC-00894,Organic Raw Cacao Chocolate Squares,Velvet Cacao,Organic,Turin Factory J,Italy,Pacific Sugar Mills,12934,11462,6.75,77368.5,46562.4,30806.1,1564,81.3
CHC-00895,Citrus Ruby Chocolate Filled Bar,Blue Ridge Chocolatiers,Ruby,Melbourne Factory N,Australia,Alpine Dairy Co.,1386,1193,6.92,8255.56,6042.96,2212.6,293,84.3
CHC-00896,70% Intense Dark Chocolate Truffle Box,Whisk & Wonder,Dark,Abidjan Factory U,Cote d'Ivoire,Meridian Cacao Exchange,13595,11615,3.64,42278.6,27869.75,14408.85,2129,92.0
CHC-00897,Almond Crunch Chocolate Filled Bar,Cacao & Co.,Almond,Shanghai Factory L,China,Ivory Cocoa Traders,14533,10794,3.77,40693.38,23543.46,17149.92,4032,79.7
CHC-00898,Single Origin Dark Chocolate Coated Nuts,Silk Route Chocolate,Dark,Turin Factory J,Italy,Ghana Bean Collective,4781,3613,5.78,20883.14,14964.53,5918.61,1360,87.5
CHC-00899,Single Origin Dark Chocolate Pralines,Ember & Oak,Dark,Portland Factory A,USA,EcoPack Solutions,6890,5199,2.93,15233.07,13091.0,2142.07,1935,78.5
CHC-00900,Classic Milk Chocolate Filled Bar,Ivory & Cocoa,Milk,Portland Factory A,USA,Ghana Bean Collective,8573,6854,2.77,18985.58,13545.34,5440.24,1747,93.8
CHC-00901,Single Origin Dark Chocolate Drops,Terra Cacao,Dark,Bruges Factory D,Belgium,TerraFair Trade Beans,7076,4626,3.56,16468.56,11250.84,5217.72,2564,84.8
CHC-00902,Whole Hazelnut Chocolate Wafer Bar,Choco Artisan,Hazelnut,Antwerp Factory A,Belgium,Sunrise Vanilla Farms,5488,5249,5.82,30549.18,19866.56,10682.62,464,88.7
CHC-00903,Bakers Classic Compound Chocolate Chips (Baking),Ember & Oak,Compound,Sao Paulo Factory P,Brazil,Amazon Cacao Growers,9607,8362,1.32,11037.84,6052.41,4985.43,1494,89.2
CHC-00904,Marzipan Style Almond Chocolate Pralines,TruffleWorks,Almond,Medellin Factory R,Colombia,Meridian Cacao Exchange,2218,2288,4.38,10021.44,4746.52,5274.92,10,81.7
CHC-00905,Organic Fair-Trade Chocolate Squares,Cacao & Co.,Organic,Jakarta Factory O,Indonesia,Heritage Almond Growers,5822,5830,6.44,37545.2,17466.0,20079.2,267,83.3
CHC-00906,Coconut White Chocolate Coated Nuts,Silk Route Chocolate,White,Shanghai Factory L,China,Meridian Cacao Exchange,4413,4303,3.07,13210.21,8517.09,4693.12,198,81.9
CHC-00907,Roasted Almond Chocolate Squares,Golden Bean Co.,Almond,Antwerp Factory A,Belgium,Continental Sugar Corp,8614,6539,3.0,19617.0,15849.76,3767.24,2282,70.1
CHC-00908,Espresso Infused Dark Chocolate Bar,Bean & Bloom,Dark,Amsterdam Factory I,Netherlands,Heritage Almond Growers,3841,3763,6.05,22766.15,13174.63,9591.52,224,88.8
CHC-00909,Value Pack Compound Chocolate Coated Nuts,Cacao Verde,Compound,Portland Factory A,USA,Sahara Nut Suppliers,1832,1496,2.47,3695.12,2033.52,1661.6,459,93.8
CHC-00910,Classic Milk Chocolate Coated Nuts,Rainforest Bloom,Milk,Munich Factory C,Germany,Meridian Cacao Exchange,9461,7554,2.24,16920.96,11447.81,5473.15,1989,95.2
CHC-00911,Berry Burst Ruby Chocolate Filled Bar,Terra Cacao,Ruby,Medellin Factory R,Colombia,Meridian Cacao Exchange,4998,4721,7.78,36729.38,24190.32,12539.06,407,87.1
CHC-00912,Citrus Ruby Chocolate Truffle Box,Highland Cacao,Ruby,Bordeaux Factory D,France,Heritage Almond Growers,2904,2502,4.85,12134.7,9496.08,2638.62,452,93.4
CHC-00913,Bakers Classic Compound Chocolate Coated Nuts,Ember & Oak,Compound,Osaka Factory M,Japan,Global Cocoa Partners,7415,6831,1.74,11885.94,8304.8,3581.14,835,81.2
CHC-00914,Organic Fair-Trade Chocolate Truffle Box,Auric Chocolate,Organic,Pune Factory K,India,Ivory Cocoa Traders,2049,1764,6.64,11712.96,7396.89,4316.07,516,85.8
CHC-00915,Praline Hazelnut Chocolate Wafer Bar,Rainforest Bloom,Hazelnut,Pune Factory K,India,Coastal Coconut Co.,6364,7000,5.91,41370.0,22592.2,18777.8,10,74.0
CHC-00916,Coconut White Chocolate Coated Nuts,Sunset Grove Chocolate,White,Melbourne Factory N,Australia,Global Cocoa Partners,4746,3381,2.56,8655.36,5505.36,3150.0,1576,83.2
CHC-00917,Sea Salt Caramel Chocolate Bar,Silk Route Chocolate,Caramel,Osaka Factory M,Japan,Amazon Cacao Growers,4033,3254,4.82,15684.28,12018.34,3665.94,977,90.8
CHC-00918,Almond Crunch Chocolate Bar,Sunset Grove Chocolate,Almond,Melbourne Factory N,Australia,Coastal Coconut Co.,25561,23836,3.02,71984.72,42431.26,29553.46,1787,76.9
CHC-00919,Raisin & Almond Fruit & Nut Chocolate Coated Nuts,Blue Ridge Chocolatiers,Fruit & Nut,Turin Factory J,Italy,TerraFair Trade Beans,7296,6395,4.48,28649.6,22179.84,6469.76,1086,87.0
CHC-00920,Plant-Based Classic Vegan Dark Chocolate Pralines,Maison Cacao,Vegan Dark,Portland Factory A,USA,Coastal Coconut Co.,4623,4423,6.55,28970.65,16827.72,12142.93,497,100.0
CHC-00921,Biscuit Milk Chocolate Chips (Baking),Ember & Oak,Milk,Munich Factory C,Germany,Ghana Bean Collective,5014,4384,3.34,14642.56,11181.22,3461.34,867,93.8
CHC-00922,Classic Milk Chocolate Coated Nuts,Velvet Cacao,Milk,Bern Factory B,Switzerland,Sahara Nut Suppliers,8811,7439,3.35,24920.65,16564.68,8355.97,1538,88.5
CHC-00923,Sea Salt Caramel Chocolate Chips (Baking),Whisk & Wonder,Caramel,Medellin Factory R,Colombia,TerraFair Trade Beans,3349,3031,3.64,11032.84,5793.77,5239.07,423,96.8
CHC-00924,Tropical Mix Fruit & Nut Chocolate Wafer Bar,Auric Chocolate,Fruit & Nut,Pune Factory K,India,Nordic Milk Co.,11748,11590,4.2,48678.0,27607.8,21070.2,203,93.1
CHC-00925,Oat Milk Blend Vegan Dark Chocolate Wafer Bar,Ivory & Cocoa,Vegan Dark,Montreal Factory Y,Canada,TerraFair Trade Beans,4184,3971,4.16,16519.36,10418.16,6101.2,353,84.2
CHC-00926,70% Intense Dark Chocolate Bar,Whisk & Wonder,Dark,Dubai Factory W,UAE,Alpine Dairy Co.,3881,2807,3.6,10105.2,5705.07,4400.13,1203,100.0
CHC-00927,Soft Caramel Core Chocolate Drops,Whisk & Wonder,Caramel,Zurich Factory E,Switzerland,EcoPack Solutions,7279,6181,4.37,27010.97,20235.62,6775.35,1316,94.8
CHC-00928,Raspberry Swirl White Chocolate Filled Bar,Whisk & Wonder,White,Munich Factory C,Germany,Sahara Nut Suppliers,2257,2173,2.65,5758.45,3566.06,2192.39,260,94.8
CHC-00929,Sea Salt Milk Chocolate Gift Box,Sunset Grove Chocolate,Milk,Guadalajara Factory C,Mexico,TerraFair Trade Beans,8118,5757,2.52,14507.64,9822.78,4684.86,2632,95.5
CHC-00930,Marzipan Style Almond Chocolate Gift Box,Choco Artisan,Almond,Guayaquil Factory Q,Ecuador,Nordic Milk Co.,2687,2032,4.28,8696.96,5803.92,2893.04,948,82.0
CHC-00931,70% Intense Dark Chocolate Filled Bar,Ivory & Cocoa,Dark,Osaka Factory M,Japan,Sunrise Vanilla Farms,6522,5689,4.65,26453.85,19044.24,7409.61,990,86.9
CHC-00932,Diabetic Friendly Sugar-Free Chocolate Coated Nuts,Copper Kettle Chocolate,Sugar-Free,Bristol Factory H,United Kingdom,Andes Bean Exporters,13975,10599,3.12,33068.88,24596.0,8472.88,3592,93.5
CHC-00933,Cranberry Walnut Fruit & Nut Chocolate Wafer Bar,Silk Route Chocolate,Fruit & Nut,Munich Factory C,Germany,Ivory Cocoa Traders,2847,2758,4.7,12962.6,5523.18,7439.42,117,85.7
CHC-00934,Biscuit Milk Chocolate Wafer Bar,Whisk & Wonder,Milk,Munich Factory C,Germany,Sahara Nut Suppliers,2750,2657,2.32,6164.24,3025.0,3139.24,120,88.3
CHC-00935,Organic Raw Cacao Chocolate Wafer Bar,Auric Chocolate,Organic,Antwerp Factory A,Belgium,Alpine Dairy Co.,7081,6502,6.5,42263.0,27120.23,15142.77,839,84.5
CHC-00936,Raspberry Swirl White Chocolate Drops,Ember & Oak,White,Lyon Factory G,France,Continental Sugar Corp,2545,2434,3.2,7788.8,5013.65,2775.15,140,84.4
CHC-00937,Citrus Ruby Chocolate Gift Box,Cacao Verde,Ruby,Guayaquil Factory Q,Ecuador,Ghana Bean Collective,4389,3480,5.0,17400.0,8865.78,8534.22,964,96.3
CHC-00938,Organic Single Origin Chocolate Squares,Cacao Verde,Organic,Hershey Falls Factory X,USA,Sunrise Vanilla Farms,2802,2352,4.87,11454.24,7621.44,3832.8,568,85.0
CHC-00939,70% Intense Dark Chocolate Drops,Highland Cacao,Dark,Guadalajara Factory C,Mexico,Alpine Dairy Co.,20297,20015,4.56,91268.4,47089.04,44179.36,511,97.9
CHC-00940,Berry Burst Ruby Chocolate Truffle Box,Cacao Nomad,Ruby,Amsterdam Factory I,Netherlands,Alpine Dairy Co.,3229,2649,5.62,14887.38,7588.15,7299.23,863,92.4
CHC-00941,Classic Sugar-Free Chocolate Truffle Box,Amber Cacao Co.,Sugar-Free,Toronto Factory B,Canada,Sahara Nut Suppliers,4852,3626,4.89,17731.14,15720.48,2010.66,1446,77.4
CHC-00942,Classic Milk Chocolate Wafer Bar,Highland Cacao,Milk,Dubai Factory W,UAE,Global Cocoa Partners,7572,6978,2.07,14444.46,7193.4,7251.06,626,82.2
CHC-00943,Praline Hazelnut Chocolate Coated Nuts,Auric Chocolate,Hazelnut,Montreal Factory Y,Canada,TerraFair Trade Beans,40635,41253,4.31,177800.43,78019.2,99781.23,10,83.1
CHC-00944,Organic Fair-Trade Chocolate Drops,Ivory & Cocoa,Organic,Amsterdam Factory I,Netherlands,Sahara Nut Suppliers,6845,6929,4.83,33467.07,13553.1,19913.97,15,97.6
CHC-00945,Biscuit Milk Chocolate Chips (Baking),Ivory & Cocoa,Milk,Bordeaux Factory D,France,Pacific Sugar Mills,1925,2118,3.84,8133.12,4716.25,3416.87,10,86.2
CHC-00946,Espresso Infused Dark Chocolate Coated Nuts,Ivory & Cocoa,Dark,Guadalajara Factory C,Mexico,Global Cocoa Partners,2670,2435,5.02,12223.7,6381.3,5842.4,448,94.0
CHC-00947,Citrus Ruby Chocolate Bar,Northstar Confectionery,Ruby,Montreal Factory Y,Canada,Ghana Bean Collective,21189,18236,4.43,80785.48,48946.59,31838.89,3232,96.8
CHC-00948,Almond Crunch Chocolate Gift Box,Cocoa Bloom,Almond,Amsterdam Factory I,Netherlands,Nordic Milk Co.,12001,11504,3.04,34972.16,16681.39,18290.77,557,90.1
CHC-00949,Tropical Mix Fruit & Nut Chocolate Squares,Terra Cacao,Fruit & Nut,Bruges Factory D,Belgium,Amazon Cacao Growers,4004,3632,4.38,15908.16,9369.36,6538.8,622,82.6
CHC-00950,Whole Hazelnut Chocolate Wafer Bar,Bean & Bloom,Hazelnut,Melbourne Factory N,Australia,Sunrise Vanilla Farms,9217,8182,5.8,47455.6,33365.54,14090.06,1159,88.9
CHC-00951,Sea Salt Milk Chocolate Pralines,Rainforest Bloom,Milk,Hershey Falls Factory X,USA,Ivory Cocoa Traders,741,639,3.7,2364.3,1630.2,734.1,237,93.8
CHC-00952,Whole Hazelnut Chocolate Squares,Maison Cacao,Hazelnut,Munich Factory C,Germany,Nordic Milk Co.,6928,6213,5.0,31065.0,22793.12,8271.88,775,87.5
CHC-00953,Sea Salt Caramel Chocolate Bar,Velvet Cacao,Caramel,Cologne Factory F,Germany,Alpine Dairy Co.,7788,7029,3.71,26077.59,16666.32,9411.27,1055,93.3
CHC-00954,Whole Hazelnut Chocolate Wafer Bar,Sunset Grove Chocolate,Hazelnut,Shanghai Factory L,China,Amazon Cacao Growers,10143,9057,3.67,33239.19,21300.3,11938.89,1130,83.3
CHC-00955,Oat Milk Blend Vegan Dark Chocolate Gift Box,Highland Cacao,Vegan Dark,Pune Factory K,India,Nordic Milk Co.,1629,1587,3.61,5729.07,2378.34,3350.73,110,78.5
CHC-00956,Diabetic Friendly Sugar-Free Chocolate Bar,Silk Route Chocolate,Sugar-Free,Guadalajara Factory C,Mexico,Pacific Sugar Mills,5222,3634,3.56,12937.04,11906.16,1030.88,1650,84.6
CHC-00957,Lemon Zest White Chocolate Filled Bar,Wildflower Cacao,White,Amsterdam Factory I,Netherlands,Global Cocoa Partners,5509,5176,4.46,23084.96,12615.61,10469.35,395,89.7
CHC-00958,Sea Salt Milk Chocolate Truffle Box,Auric Chocolate,Milk,Sao Paulo Factory P,Brazil,Alpine Dairy Co.,10944,9524,3.93,37429.32,29220.48,8208.84,1649,77.2
CHC-00959,Sea Salt Milk Chocolate Wafer Bar,Maison Cacao,Milk,Pune Factory K,India,Global Cocoa Partners,4559,4086,2.19,8948.34,6200.24,2748.1,714,89.6
CHC-00960,70% Intense Dark Chocolate Filled Bar,Noir Origins,Dark,Accra Factory T,Ghana,Coastal Coconut Co.,9492,10441,3.66,38214.06,22970.64,15243.42,10,83.7
CHC-00961,Raspberry Swirl White Chocolate Coated Nuts,Silk Route Chocolate,White,Bordeaux Factory D,France,Sahara Nut Suppliers,3073,2978,3.84,11435.52,5254.83,6180.69,390,77.4
CHC-00962,Classic Milk Chocolate Bar,Pure Bloom Chocolatiers,Milk,Lima Factory S,Peru,EcoPack Solutions,4072,3176,2.74,8702.24,7166.72,1535.52,1105,89.9
CHC-00963,Honeycomb Milk Chocolate Truffle Box,Choco Artisan,Milk,Pune Factory K,India,Meridian Cacao Exchange,7163,7159,2.43,17396.37,7377.89,10018.48,278,97.9
CHC-00964,Classic Milk Chocolate Wafer Bar,Cocoa Bloom,Milk,Dubai Factory W,UAE,TerraFair Trade Beans,5140,4684,4.3,20141.2,9200.6,10940.6,723,77.8
CHC-00965,Espresso Infused Dark Chocolate Drops,Silk Route Chocolate,Dark,Portland Factory A,USA,Andes Bean Exporters,8068,6565,4.83,31708.95,16216.68,15492.27,1561,100.0
CHC-00966,Praline Hazelnut Chocolate Filled Bar,Cacao & Co.,Hazelnut,Montreal Factory Y,Canada,Amazon Cacao Growers,1892,1825,3.04,5548.0,2327.16,3220.84,189,88.5
CHC-00967,Raspberry Swirl White Chocolate Pralines,Golden Bean Co.,White,Jakarta Factory O,Indonesia,Meridian Cacao Exchange,3006,2639,2.28,6016.92,3637.26,2379.66,634,81.9
CHC-00968,Organic Single Origin Chocolate Gift Box,Terra Cacao,Organic,Melbourne Factory N,Australia,Alpine Dairy Co.,7343,6811,5.19,35349.09,22543.01,12806.08,627,90.0
CHC-00969,Biscuit Milk Chocolate Truffle Box,Noir Origins,Milk,Guadalajara Factory C,Mexico,Sahara Nut Suppliers,1662,1636,3.7,6053.2,3972.18,2081.02,95,74.8
CHC-00970,Single Origin Dark Chocolate Wafer Bar,Cacao Verde,Dark,Guayaquil Factory Q,Ecuador,Global Cocoa Partners,20189,20116,5.75,115667.0,50068.72,65598.28,268,89.0
CHC-00971,Cranberry Walnut Fruit & Nut Chocolate Truffle Box,Ivory & Cocoa,Fruit & Nut,Montreal Factory Y,Canada,Sunrise Vanilla Farms,3767,2813,3.51,9873.63,7383.32,2490.31,1044,88.2
CHC-00972,Single Origin Dark Chocolate Wafer Bar,Highland Cacao,Dark,Osaka Factory M,Japan,Ivory Cocoa Traders,2181,1700,5.81,9877.0,6150.42,3726.58,539,70.5
CHC-00973,Organic Raw Cacao Chocolate Gift Box,Cacao Nomad,Organic,Hershey Falls Factory X,USA,Sahara Nut Suppliers,7514,5349,4.27,22840.23,16681.08,6159.15,2270,73.2
CHC-00974,Berry Burst Ruby Chocolate Squares,Cacao & Co.,Ruby,Oaxaca Factory Z,Mexico,Sahara Nut Suppliers,5692,4679,4.6,21523.4,17702.12,3821.28,1048,79.2
CHC-00975,Sea Salt Caramel Chocolate Bar,Rainforest Bloom,Caramel,Montreal Factory Y,Canada,Ivory Cocoa Traders,3246,2808,4.54,12748.32,7790.4,4957.92,473,84.2
CHC-00976,Classic Milk Chocolate Bar,Wildflower Cacao,Milk,Toronto Factory B,Canada,Heritage Almond Growers,11914,11384,2.66,30281.44,18704.98,11576.46,767,89.3
CHC-00977,Single Origin Dark Chocolate Chips (Baking),Rainforest Bloom,Dark,Cape Town Factory V,South Africa,TerraFair Trade Beans,2863,2556,4.8,12268.8,8875.3,3393.5,352,84.9
CHC-00978,Soft Caramel Core Chocolate Truffle Box,Blue Ridge Chocolatiers,Caramel,Montreal Factory Y,Canada,Nordic Milk Co.,1951,1574,4.36,6862.64,4799.46,2063.18,616,80.5
CHC-00979,70% Intense Dark Chocolate Coated Nuts,Terra Cacao,Dark,Melbourne Factory N,Australia,Coastal Coconut Co.,2817,2184,3.36,7338.24,5183.28,2154.96,771,91.2
CHC-00980,Almond Crunch Chocolate Truffle Box,Highland Cacao,Almond,Bordeaux Factory D,France,EcoPack Solutions,495,470,4.2,1974.0,1024.65,949.35,317,90.1
CHC-00981,Classic Milk Chocolate Truffle Box,Auric Chocolate,Milk,Zurich Factory E,Switzerland,Ivory Cocoa Traders,2523,2267,4.49,10178.83,7013.94,3164.89,297,87.0
CHC-00982,70% Intense Dark Chocolate Truffle Box,Northstar Confectionery,Dark,Bruges Factory D,Belgium,Alpine Dairy Co.,2702,2660,2.56,6809.6,3539.62,3269.98,304,83.7
CHC-00983,Biscuit Milk Chocolate Coated Nuts,Wildflower Cacao,Milk,Sao Paulo Factory P,Brazil,Nordic Milk Co.,5251,4731,2.53,11969.43,8769.17,3200.26,693,78.8
CHC-00984,Plant-Based Classic Vegan Dark Chocolate Drops,Silk Route Chocolate,Vegan Dark,Amsterdam Factory I,Netherlands,Alpine Dairy Co.,6386,4947,6.48,32056.56,17753.08,14303.48,1466,85.7
CHC-00985,Praline Hazelnut Chocolate Filled Bar,Golden Bean Co.,Hazelnut,Jakarta Factory O,Indonesia,Andes Bean Exporters,4085,3845,5.05,19417.25,10171.65,9245.6,293,97.8
CHC-00986,Whole Hazelnut Chocolate Bar,Copper Kettle Chocolate,Hazelnut,Toronto Factory B,Canada,Nordic Milk Co.,1328,1197,5.08,6080.76,3280.16,2800.6,407,90.8
CHC-00987,Gianduja Style Hazelnut Chocolate Bar,Cacao Verde,Hazelnut,Cologne Factory F,Germany,Pacific Sugar Mills,2951,2687,4.2,11285.4,7584.07,3701.33,530,94.9
CHC-00988,Roasted Almond Chocolate Coated Nuts,Highland Cacao,Almond,Bristol Factory H,United Kingdom,Continental Sugar Corp,3278,2833,3.44,9745.52,7244.38,2501.14,744,76.9
CHC-00989,Organic Raw Cacao Chocolate Squares,Bean & Bloom,Organic,Bristol Factory H,United Kingdom,Global Cocoa Partners,7669,6785,4.07,27614.95,14724.48,12890.47,1014,88.9
CHC-00990,Value Pack Compound Chocolate Pralines,Cacao Verde,Compound,Portland Factory A,USA,Pacific Sugar Mills,1699,1655,1.61,2664.55,1206.29,1458.26,148,78.5
CHC-00991,Espresso Infused Dark Chocolate Filled Bar,Whisk & Wonder,Dark,Medellin Factory R,Colombia,Ivory Cocoa Traders,1241,1085,5.02,5446.7,2655.74,2790.96,424,90.9
CHC-00992,Classic Milk Chocolate Squares,Cocoa Bloom,Milk,Cologne Factory F,Germany,Heritage Almond Growers,5913,5342,4.45,23771.9,17206.83,6565.07,815,89.7
CHC-00993,Espresso Infused Dark Chocolate Coated Nuts,Golden Bean Co.,Dark,Shanghai Factory L,China,Meridian Cacao Exchange,8563,6878,5.51,37897.78,21835.65,16062.13,1981,89.9
CHC-00994,85% Extra Bold Dark Chocolate Coated Nuts,Northstar Confectionery,Dark,Lyon Factory G,France,Global Cocoa Partners,2482,1657,5.2,8616.4,5410.76,3205.64,919,96.1
CHC-00995,70% Intense Dark Chocolate Squares,Cacao Nomad,Dark,Shanghai Factory L,China,Andes Bean Exporters,12219,9595,2.61,25042.95,17595.36,7447.59,2910,84.6
CHC-00996,Stevia Sweetened Sugar-Free Chocolate Wafer Bar,Bean & Bloom,Sugar-Free,Dubai Factory W,UAE,Pacific Sugar Mills,3661,3330,5.88,19580.4,14607.39,4973.01,577,95.8
CHC-00997,Vanilla Bean White Chocolate Wafer Bar,Silk Route Chocolate,White,Guayaquil Factory Q,Ecuador,Amazon Cacao Growers,10402,9679,3.87,37457.73,17059.28,20398.45,868,88.3
CHC-00998,Confectionery Grade Compound Chocolate Squares,Wildflower Cacao,Compound,Melbourne Factory N,Australia,Continental Sugar Corp,3246,3193,1.79,5715.47,3181.08,2534.39,179,82.9
CHC-00999,Single Origin Dark Chocolate Coated Nuts,Highland Cacao,Dark,Bordeaux Factory D,France,Pacific Sugar Mills,3050,2408,3.79,9126.32,6313.5,2812.82,794,85.4
CHC-01000,Citrus Ruby Chocolate Filled Bar,Cocoa Bloom,Ruby,Cologne Factory F,Germany,Continental Sugar Corp,2512,2050,4.74,9717.0,5049.12,4667.88,527,92.8
CHC-01001,Sea Salt Caramel Chocolate Pralines,Amber Cacao Co.,Caramel,Zurich Factory E,Switzerland,Coastal Coconut Co.,15732,15943,4.35,69352.05,28002.96,41349.09,10,83.4
CHC-01002,Stevia Sweetened Sugar-Free Chocolate Pralines,Silk Route Chocolate,Sugar-Free,Zurich Factory E,Switzerland,Alpine Dairy Co.,3869,2920,3.33,9723.6,6035.64,3687.96,1125,92.5
CHC-01003,Stevia Sweetened Sugar-Free Chocolate Coated Nuts,TruffleWorks,Sugar-Free,Bruges Factory D,Belgium,Meridian Cacao Exchange,8437,7887,4.73,37305.51,19067.62,18237.89,730,89.2
CHC-01004,Cranberry Walnut Fruit & Nut Chocolate Squares,Pure Bloom Chocolatiers,Fruit & Nut,Oaxaca Factory Z,Mexico,EcoPack Solutions,2697,2765,4.05,11198.25,5960.37,5237.88,46,83.0
CHC-01005,85% Extra Bold Dark Chocolate Filled Bar,Sunset Grove Chocolate,Dark,Guadalajara Factory C,Mexico,Sunrise Vanilla Farms,13409,12488,4.15,51825.2,36472.48,15352.72,1061,69.5
CHC-01006,Raspberry Swirl White Chocolate Filled Bar,Northstar Confectionery,White,Guayaquil Factory Q,Ecuador,Coastal Coconut Co.,3742,2797,2.5,6992.5,4527.82,2464.68,1155,87.4
CHC-01007,Cranberry Walnut Fruit & Nut Chocolate Gift Box,Silk Route Chocolate,Fruit & Nut,Osaka Factory M,Japan,Heritage Almond Growers,13251,10885,4.48,48764.8,38030.37,10734.43,2634,93.8
CHC-01008,Soft Caramel Core Chocolate Coated Nuts,Bean & Bloom,Caramel,Portland Factory A,USA,Global Cocoa Partners,2736,2257,4.92,11104.44,5526.72,5577.72,696,83.8
CHC-01009,85% Extra Bold Dark Chocolate Filled Bar,Cacao Verde,Dark,Amsterdam Factory I,Netherlands,Sahara Nut Suppliers,647,631,4.12,2599.72,1248.71,1351.01,218,93.0
CHC-01010,85% Extra Bold Dark Chocolate Filled Bar,Rainforest Bloom,Dark,Oaxaca Factory Z,Mexico,Ivory Cocoa Traders,2504,2357,5.75,13552.75,6234.96,7317.79,261,81.2
CHC-01011,Organic Fair-Trade Chocolate Pralines,Sunset Grove Chocolate,Organic,Bruges Factory D,Belgium,Sahara Nut Suppliers,3253,3324,6.55,21772.2,10312.01,11460.19,132,95.7
CHC-01012,Bakers Classic Compound Chocolate Squares,TruffleWorks,Compound,Oaxaca Factory Z,Mexico,Heritage Almond Growers,1990,1761,1.61,2835.21,1631.8,1203.41,268,99.2
CHC-01013,Almond Crunch Chocolate Filled Bar,Copper Kettle Chocolate,Almond,Guadalajara Factory C,Mexico,Meridian Cacao Exchange,6081,5558,4.41,24510.78,11979.57,12531.21,544,89.5
CHC-01014,Organic Raw Cacao Chocolate Chips (Baking),Auric Chocolate,Organic,Amsterdam Factory I,Netherlands,Continental Sugar Corp,8474,6871,5.47,37584.37,29235.3,8349.07,1693,91.2
CHC-01015,Organic Single Origin Chocolate Bar,Pure Bloom Chocolatiers,Organic,Dubai Factory W,UAE,Continental Sugar Corp,6007,5657,7.05,39881.85,25229.4,14652.45,547,78.3
CHC-01016,Honeycomb Milk Chocolate Pralines,Silk Route Chocolate,Milk,Amsterdam Factory I,Netherlands,Alpine Dairy Co.,2001,1763,2.03,3578.89,1940.97,1637.92,452,98.1
CHC-01017,Vanilla Bean White Chocolate Drops,Cacao & Co.,White,Guayaquil Factory Q,Ecuador,Global Cocoa Partners,1879,1871,4.16,7783.36,4866.61,2916.75,112,82.9
CHC-01018,Organic Raw Cacao Chocolate Bar,Ivory & Cocoa,Organic,Abidjan Factory U,Cote d'Ivoire,Amazon Cacao Growers,2319,1736,3.84,6666.24,4174.2,2492.04,744,92.2
CHC-01019,Roasted Almond Chocolate Drops,Maison Cacao,Almond,Osaka Factory M,Japan,Heritage Almond Growers,4352,4468,3.86,17246.48,7137.28,10109.2,10,100.0
CHC-01020,Sea Salt Caramel Chocolate Pralines,Auric Chocolate,Caramel,Zurich Factory E,Switzerland,Meridian Cacao Exchange,1462,1390,4.65,6463.5,4210.56,2252.94,143,90.6
CHC-01021,Tropical Mix Fruit & Nut Chocolate Squares,Copper Kettle Chocolate,Fruit & Nut,Bern Factory B,Switzerland,Continental Sugar Corp,1222,837,3.96,3314.52,2162.94,1151.58,635,90.0
CHC-01022,85% Extra Bold Dark Chocolate Truffle Box,Ember & Oak,Dark,Osaka Factory M,Japan,Andes Bean Exporters,1268,1194,4.64,5540.16,2700.84,2839.32,129,91.3
CHC-01023,Confectionery Grade Compound Chocolate Chips (Baking),Whisk & Wonder,Compound,Hershey Falls Factory X,USA,Pacific Sugar Mills,3666,3401,1.87,6359.87,4289.22,2070.65,563,83.7
CHC-01024,Plant-Based Classic Vegan Dark Chocolate Drops,Whisk & Wonder,Vegan Dark,Turin Factory J,Italy,EcoPack Solutions,16345,11737,4.09,48004.33,39554.9,8449.43,4772,83.7
CHC-01025,Salted Butter Caramel Chocolate Coated Nuts,Terra Cacao,Caramel,Cologne Factory F,Germany,Heritage Almond Growers,2201,1781,4.14,7373.34,5678.58,1694.76,699,96.4
CHC-01026,Raspberry Swirl White Chocolate Pralines,Maison Cacao,White,Bristol Factory H,United Kingdom,TerraFair Trade Beans,2284,1722,2.5,4305.0,2603.76,1701.24,709,82.8
CHC-01027,Single Origin Dark Chocolate Coated Nuts,Amber Cacao Co.,Dark,Sao Paulo Factory P,Brazil,Meridian Cacao Exchange,3922,3621,4.03,14592.63,9844.22,4748.41,347,85.5
CHC-01028,Sea Salt Milk Chocolate Pralines,Cacao Nomad,Milk,Amsterdam Factory I,Netherlands,EcoPack Solutions,5029,5108,2.88,14711.04,7392.63,7318.41,91,78.4
CHC-01029,Original Ruby Chocolate Bar,Cacao Verde,Ruby,Dubai Factory W,UAE,Heritage Almond Growers,3358,2744,7.2,19756.8,13633.48,6123.32,687,89.3
CHC-01030,70% Intense Dark Chocolate Wafer Bar,Cacao & Co.,Dark,Dubai Factory W,UAE,Ghana Bean Collective,1076,1000,5.95,5950.0,2840.64,3109.36,373,80.8
CHC-01031,Gianduja Style Hazelnut Chocolate Gift Box,TruffleWorks,Hazelnut,Turin Factory J,Italy,Nordic Milk Co.,10195,8127,3.33,27062.91,18147.1,8915.81,2223,86.5
CHC-01032,Plant-Based Classic Vegan Dark Chocolate Chips (Baking),Noir Origins,Vegan Dark,Accra Factory T,Ghana,Coastal Coconut Co.,4306,3638,5.28,19208.64,11583.14,7625.5,937,86.0
CHC-01033,Classic Milk Chocolate Chips (Baking),Copper Kettle Chocolate,Milk,Osaka Factory M,Japan,Alpine Dairy Co.,6476,6227,3.17,19739.59,10750.16,8989.43,454,87.5
CHC-01034,Roasted Almond Chocolate Chips (Baking),Sunset Grove Chocolate,Almond,Accra Factory T,Ghana,Sahara Nut Suppliers,1155,779,3.63,2827.77,2229.15,598.62,611,82.9
CHC-01035,70% Intense Dark Chocolate Wafer Bar,Ember & Oak,Dark,Portland Factory A,USA,Global Cocoa Partners,10548,10072,6.12,61640.64,31433.04,30207.6,712,85.8
CHC-01036,Honeycomb Milk Chocolate Truffle Box,Silk Route Chocolate,Milk,Pune Factory K,India,Amazon Cacao Growers,3082,2381,3.48,8285.88,5485.96,2799.92,1000,95.9
CHC-01037,Stevia Sweetened Sugar-Free Chocolate Bar,Choco Artisan,Sugar-Free,Melbourne Factory N,Australia,Nordic Milk Co.,3211,3082,4.66,14362.12,9600.89,4761.23,349,94.5
CHC-01038,Classic Milk Chocolate Coated Nuts,Rainforest Bloom,Milk,Lyon Factory G,France,Continental Sugar Corp,3146,3074,4.48,13771.52,9060.48,4711.04,196,92.1
CHC-01039,Honeycomb Milk Chocolate Truffle Box,Ember & Oak,Milk,Abidjan Factory U,Cote d'Ivoire,Amazon Cacao Growers,1188,926,3.61,3342.86,2910.6,432.26,541,91.7
CHC-01040,Praline Hazelnut Chocolate Coated Nuts,Wildflower Cacao,Hazelnut,Guadalajara Factory C,Mexico,Sahara Nut Suppliers,1964,1960,5.8,11368.0,7639.96,3728.04,117,76.5
CHC-01041,Plant-Based Classic Vegan Dark Chocolate Pralines,Copper Kettle Chocolate,Vegan Dark,Portland Factory A,USA,Ivory Cocoa Traders,1844,1689,5.38,9086.82,5827.04,3259.78,203,86.4
CHC-01042,Salted Butter Caramel Chocolate Pralines,Pure Bloom Chocolatiers,Caramel,Accra Factory T,Ghana,Ghana Bean Collective,1486,1482,4.45,6594.9,3952.76,2642.14,253,89.9
CHC-01043,Almond Crunch Chocolate Chips (Baking),Velvet Cacao,Almond,Cape Town Factory V,South Africa,Nordic Milk Co.,3122,2571,3.56,9152.76,5588.38,3564.38,613,89.8
CHC-01044,Diabetic Friendly Sugar-Free Chocolate Truffle Box,Pure Bloom Chocolatiers,Sugar-Free,Bordeaux Factory D,France,Alpine Dairy Co.,8321,7451,3.82,28462.82,16642.0,11820.82,1040,91.9
CHC-01045,Almond Crunch Chocolate Coated Nuts,Silk Route Chocolate,Almond,Sao Paulo Factory P,Brazil,Pacific Sugar Mills,12354,12503,3.41,42635.23,17666.22,24969.01,10,78.9
CHC-01046,Whole Hazelnut Chocolate Pralines,Cacao Nomad,Hazelnut,Bruges Factory D,Belgium,Ivory Cocoa Traders,5607,4686,5.19,24320.34,15026.76,9293.58,1123,90.9
CHC-01047,Praline Hazelnut Chocolate Squares,Blue Ridge Chocolatiers,Hazelnut,Medellin Factory R,Colombia,TerraFair Trade Beans,9352,7489,4.61,34524.29,25250.4,9273.89,1950,84.1
CHC-01048,Cranberry Walnut Fruit & Nut Chocolate Gift Box,Amber Cacao Co.,Fruit & Nut,Turin Factory J,Italy,Ivory Cocoa Traders,5907,4857,5.35,25984.95,20733.57,5251.38,1131,90.0
CHC-01049,Lemon Zest White Chocolate Squares,Cacao Verde,White,Turin Factory J,Italy,EcoPack Solutions,3268,3031,2.65,8032.15,5000.04,3032.11,517,99.6
CHC-01050,Lemon Zest White Chocolate Gift Box,Rainforest Bloom,White,Sao Paulo Factory P,Brazil,Pacific Sugar Mills,1354,1373,4.02,5519.46,3154.82,2364.64,224,91.8
CHC-01051,85% Extra Bold Dark Chocolate Gift Box,Silk Route Chocolate,Dark,Portland Factory A,USA,Meridian Cacao Exchange,5354,4593,6.13,28155.09,21041.22,7113.87,860,87.7
CHC-01052,Single Origin Dark Chocolate Drops,Cacao Nomad,Dark,Accra Factory T,Ghana,EcoPack Solutions,5376,4848,5.39,26130.72,15375.36,10755.36,764,81.9
CHC-01053,Berry Burst Ruby Chocolate Gift Box,Cacao Nomad,Ruby,Bristol Factory H,United Kingdom,Andes Bean Exporters,1768,1629,4.46,7265.34,4773.6,2491.74,190,94.6
CHC-01054,Classic Milk Chocolate Chips (Baking),Wildflower Cacao,Milk,Pune Factory K,India,Alpine Dairy Co.,1294,1331,2.17,2888.27,1656.32,1231.95,139,74.2
CHC-01055,85% Extra Bold Dark Chocolate Pralines,Terra Cacao,Dark,Zurich Factory E,Switzerland,TerraFair Trade Beans,8324,7333,3.57,26178.81,14150.8,12028.01,1196,82.4
CHC-01056,Biscuit Milk Chocolate Filled Bar,Sunset Grove Chocolate,Milk,Dubai Factory W,UAE,Meridian Cacao Exchange,867,720,3.3,2376.0,1317.84,1058.16,204,70.8
CHC-01057,Classic Milk Chocolate Bar,Bean & Bloom,Milk,Hershey Falls Factory X,USA,Pacific Sugar Mills,2251,1670,3.62,6045.4,3353.99,2691.41,616,86.5
CHC-01058,Vanilla Bean White Chocolate Coated Nuts,Cocoa Bloom,White,Amsterdam Factory I,Netherlands,Global Cocoa Partners,3559,2389,2.17,5184.13,4448.75,735.38,1354,82.2
CHC-01059,Confectionery Grade Compound Chocolate Truffle Box,TruffleWorks,Compound,Jakarta Factory O,Indonesia,Sunrise Vanilla Farms,5649,4812,2.3,11067.6,7739.13,3328.47,902,84.0
CHC-01060,85% Extra Bold Dark Chocolate Drops,Terra Cacao,Dark,Melbourne Factory N,Australia,Global Cocoa Partners,8126,7249,5.59,40521.91,23402.88,17119.03,1034,80.6
CHC-01061,Tropical Mix Fruit & Nut Chocolate Gift Box,TruffleWorks,Fruit & Nut,Bruges Factory D,Belgium,Sunrise Vanilla Farms,6181,5169,3.71,19176.99,9271.5,9905.49,1150,100.0
CHC-01062,85% Extra Bold Dark Chocolate Pralines,Wildflower Cacao,Dark,Cape Town Factory V,South Africa,Sunrise Vanilla Farms,2633,2117,4.29,9081.93,6924.79,2157.14,744,93.4
CHC-01063,Espresso Infused Dark Chocolate Coated Nuts,Highland Cacao,Dark,Cologne Factory F,Germany,TerraFair Trade Beans,1870,1311,6.12,8023.32,5385.6,2637.72,765,93.0
CHC-01064,70% Intense Dark Chocolate Squares,Maison Cacao,Dark,Bordeaux Factory D,France,Alpine Dairy Co.,1679,1538,6.03,9274.14,4449.35,4824.79,246,83.0
CHC-01065,Vanilla Bean White Chocolate Gift Box,Pure Bloom Chocolatiers,White,Portland Factory A,USA,Heritage Almond Growers,1603,1547,2.88,4455.36,2196.11,2259.25,152,93.3
CHC-01066,Honeycomb Milk Chocolate Truffle Box,Copper Kettle Chocolate,Milk,Guayaquil Factory Q,Ecuador,Global Cocoa Partners,5971,5338,2.33,12437.54,8598.24,3839.3,716,87.6
CHC-01067,85% Extra Bold Dark Chocolate Chips (Baking),Cocoa Bloom,Dark,Jakarta Factory O,Indonesia,Sunrise Vanilla Farms,3168,3023,5.87,17745.01,12228.48,5516.53,246,85.4
CHC-01068,Vanilla Bean White Chocolate Filled Bar,Cacao Nomad,White,Medellin Factory R,Colombia,Andes Bean Exporters,2371,2026,3.54,7172.04,3698.76,3473.28,423,77.0
CHC-01069,Sea Salt Milk Chocolate Wafer Bar,Terra Cacao,Milk,Shanghai Factory L,China,Pacific Sugar Mills,2327,2404,2.39,5745.56,2257.19,3488.37,88,88.4
CHC-01070,Classic Sugar-Free Chocolate Gift Box,Cacao Nomad,Sugar-Free,Abidjan Factory U,Cote d'Ivoire,Ivory Cocoa Traders,2974,3254,3.13,10185.02,5620.86,4564.16,10,69.6
CHC-01071,Bakers Classic Compound Chocolate Bar,Cacao & Co.,Compound,Jakarta Factory O,Indonesia,Sahara Nut Suppliers,2228,2046,1.97,4030.62,2762.72,1267.9,334,82.3
CHC-01072,Raspberry Swirl White Chocolate Gift Box,Rainforest Bloom,White,Antwerp Factory A,Belgium,Ivory Cocoa Traders,8140,6101,3.51,21414.51,15954.4,5460.11,2328,71.7
CHC-01073,Honeycomb Milk Chocolate Drops,Highland Cacao,Milk,Accra Factory T,Ghana,Andes Bean Exporters,4557,3787,4.46,16890.02,13306.44,3583.58,899,90.4
CHC-01074,Gianduja Style Hazelnut Chocolate Filled Bar,Bean & Bloom,Hazelnut,Bern Factory B,Switzerland,Amazon Cacao Growers,6258,5870,4.55,26708.5,14894.04,11814.46,595,91.6
CHC-01075,Lemon Zest White Chocolate Filled Bar,Maison Cacao,White,Hershey Falls Factory X,USA,Heritage Almond Growers,2247,2071,3.61,7476.31,3550.26,3926.05,265,93.7
CHC-01076,85% Extra Bold Dark Chocolate Coated Nuts,Terra Cacao,Dark,Bristol Factory H,United Kingdom,TerraFair Trade Beans,2133,1963,4.89,9599.07,5439.15,4159.92,296,78.0
CHC-01077,Roasted Almond Chocolate Truffle Box,Northstar Confectionery,Almond,Medellin Factory R,Colombia,Global Cocoa Partners,1993,1706,4.68,7984.08,5181.8,2802.28,436,95.0
CHC-01078,Original Ruby Chocolate Truffle Box,Ivory & Cocoa,Ruby,Abidjan Factory U,Cote d'Ivoire,Andes Bean Exporters,1326,1273,7.21,9178.33,5980.26,3198.07,313,100.0
CHC-01079,Organic Fair-Trade Chocolate Squares,Rainforest Bloom,Organic,Shanghai Factory L,China,Ghana Bean Collective,5560,5005,6.9,34534.5,26020.8,8513.7,842,83.9
CHC-01080,Classic Sugar-Free Chocolate Wafer Bar,Noir Origins,Sugar-Free,Hershey Falls Factory X,USA,Alpine Dairy Co.,2394,1938,5.04,9767.52,7038.36,2729.16,628,81.3
CHC-01081,Raspberry Swirl White Chocolate Pralines,Copper Kettle Chocolate,White,Cape Town Factory V,South Africa,Sunrise Vanilla Farms,1986,2068,2.64,5459.52,3296.76,2162.76,29,83.3
CHC-01082,Lemon Zest White Chocolate Chips (Baking),Maison Cacao,White,Dubai Factory W,UAE,Ivory Cocoa Traders,3265,3078,2.35,7233.3,4244.5,2988.8,402,83.4
CHC-01083,Organic Fair-Trade Chocolate Truffle Box,Amber Cacao Co.,Organic,Pune Factory K,India,TerraFair Trade Beans,3927,3524,6.81,23998.44,10720.71,13277.73,508,93.7
CHC-01084,Plant-Based Classic Vegan Dark Chocolate Truffle Box,Cacao Verde,Vegan Dark,Guayaquil Factory Q,Ecuador,Global Cocoa Partners,5479,4960,5.29,26238.4,12163.38,14075.02,663,83.4
CHC-01085,Tropical Mix Fruit & Nut Chocolate Bar,Golden Bean Co.,Fruit & Nut,Zurich Factory E,Switzerland,TerraFair Trade Beans,3349,2815,3.81,10725.15,5525.85,5199.3,815,90.4
CHC-01086,Honeycomb Milk Chocolate Filled Bar,Amber Cacao Co.,Milk,Munich Factory C,Germany,Heritage Almond Growers,2018,1218,3.27,3982.86,4338.7,-355.84,933,87.4
CHC-01087,Biscuit Milk Chocolate Drops,Highland Cacao,Milk,Bristol Factory H,United Kingdom,Sahara Nut Suppliers,8406,7226,4.08,29482.08,13869.9,15612.18,1477,80.9
CHC-01088,Praline Hazelnut Chocolate Wafer Bar,Velvet Cacao,Hazelnut,Toronto Factory B,Canada,EcoPack Solutions,3601,3035,3.28,9954.8,6373.77,3581.03,860,87.8
CHC-01089,Sea Salt Caramel Chocolate Filled Bar,Blue Ridge Chocolatiers,Caramel,Cape Town Factory V,South Africa,Meridian Cacao Exchange,6249,6330,4.97,31460.1,16122.42,15337.68,98,87.8
CHC-01090,Salted Butter Caramel Chocolate Squares,Golden Bean Co.,Caramel,Shanghai Factory L,China,Sunrise Vanilla Farms,5552,4994,3.48,17379.12,12047.84,5331.28,629,88.6
CHC-01091,Tropical Mix Fruit & Nut Chocolate Pralines,Wildflower Cacao,Fruit & Nut,Toronto Factory B,Canada,TerraFair Trade Beans,6840,6154,4.42,27200.68,18057.6,9143.08,844,89.6
CHC-01092,Single Origin Dark Chocolate Wafer Bar,Northstar Confectionery,Dark,Accra Factory T,Ghana,Ghana Bean Collective,3740,3117,5.81,18109.77,8901.2,9208.57,648,85.4
CHC-01093,Sea Salt Milk Chocolate Squares,Northstar Confectionery,Milk,Abidjan Factory U,Cote d'Ivoire,Sunrise Vanilla Farms,9695,7438,2.05,15247.9,10470.6,4777.3,2313,90.5
CHC-01094,Gianduja Style Hazelnut Chocolate Pralines,Bean & Bloom,Hazelnut,Osaka Factory M,Japan,Ghana Bean Collective,14413,14087,3.12,43951.44,27096.44,16855.0,513,75.4
CHC-01095,Classic Sugar-Free Chocolate Chips (Baking),Terra Cacao,Sugar-Free,Zurich Factory E,Switzerland,Andes Bean Exporters,5143,4217,5.13,21633.21,13886.1,7747.11,981,83.9
CHC-01096,70% Intense Dark Chocolate Bar,Cacao Verde,Dark,Guayaquil Factory Q,Ecuador,Ghana Bean Collective,6324,4996,3.02,15087.92,9043.32,6044.6,1597,96.5
CHC-01097,70% Intense Dark Chocolate Truffle Box,Sunset Grove Chocolate,Dark,Hershey Falls Factory X,USA,Sahara Nut Suppliers,1807,1766,2.91,5139.06,2692.43,2446.63,198,89.8
CHC-01098,Classic Sugar-Free Chocolate Chips (Baking),Cacao Nomad,Sugar-Free,Zurich Factory E,Switzerland,Heritage Almond Growers,3284,3114,3.8,11833.2,6370.96,5462.24,354,85.5
CHC-01099,Raspberry Swirl White Chocolate Drops,Rainforest Bloom,White,Turin Factory J,Italy,Global Cocoa Partners,3860,3632,3.8,13801.6,8299.0,5502.6,321,82.1
CHC-01100,Coconut White Chocolate Wafer Bar,Silk Route Chocolate,White,Medellin Factory R,Colombia,Andes Bean Exporters,1380,876,3.2,2803.2,2594.4,208.8,714,83.2
CHC-01101,Whole Hazelnut Chocolate Coated Nuts,Auric Chocolate,Hazelnut,Cologne Factory F,Germany,Coastal Coconut Co.,10567,10385,3.53,36659.05,18175.24,18483.81,225,86.5
CHC-01102,85% Extra Bold Dark Chocolate Filled Bar,Cacao Verde,Dark,Bordeaux Factory D,France,Global Cocoa Partners,1714,1803,6.22,11214.66,4370.7,6843.96,22,74.6
CHC-01103,Organic Raw Cacao Chocolate Drops,Cocoa Bloom,Organic,Osaka Factory M,Japan,Continental Sugar Corp,3772,2929,5.96,17456.84,13541.48,3915.36,1061,84.9
CHC-01104,70% Intense Dark Chocolate Squares,Amber Cacao Co.,Dark,Medellin Factory R,Colombia,Sahara Nut Suppliers,1853,1407,4.33,6092.31,3372.46,2719.85,487,86.0
CHC-01105,Biscuit Milk Chocolate Wafer Bar,Copper Kettle Chocolate,Milk,Dubai Factory W,UAE,Sahara Nut Suppliers,3736,3101,3.22,9985.22,7061.04,2924.18,772,72.5
CHC-01106,Original Ruby Chocolate Drops,Cocoa Bloom,Ruby,Toronto Factory B,Canada,Sunrise Vanilla Farms,2805,2616,6.9,18050.4,12903.0,5147.4,237,75.2
CHC-01107,Gianduja Style Hazelnut Chocolate Drops,Whisk & Wonder,Hazelnut,Bern Factory B,Switzerland,Nordic Milk Co.,2408,2445,5.04,12322.8,6260.8,6062.0,128,86.6
CHC-01108,85% Extra Bold Dark Chocolate Chips (Baking),Cacao Verde,Dark,Munich Factory C,Germany,Heritage Almond Growers,8198,8773,2.97,26055.81,16314.02,9741.79,10,85.1
CHC-01109,Soft Caramel Core Chocolate Truffle Box,Terra Cacao,Caramel,Osaka Factory M,Japan,TerraFair Trade Beans,3226,2674,4.26,11391.24,9097.32,2293.92,741,100.0
CHC-01110,Honeycomb Milk Chocolate Squares,Cacao & Co.,Milk,Osaka Factory M,Japan,Nordic Milk Co.,12362,9965,3.26,32485.9,26331.06,6154.84,2482,100.0
CHC-01111,Single Origin Dark Chocolate Truffle Box,Golden Bean Co.,Dark,Guayaquil Factory Q,Ecuador,Amazon Cacao Growers,1973,1629,5.91,9627.39,7142.26,2485.13,472,66.6
CHC-01112,Berry Burst Ruby Chocolate Chips (Baking),TruffleWorks,Ruby,Bruges Factory D,Belgium,Continental Sugar Corp,3099,2722,5.89,16032.58,10660.56,5372.02,536,82.6
CHC-01113,Organic Fair-Trade Chocolate Chips (Baking),Auric Chocolate,Organic,Osaka Factory M,Japan,Pacific Sugar Mills,7772,6679,4.82,32192.78,21062.12,11130.66,1352,95.7
CHC-01114,Classic Milk Chocolate Pralines,Cacao Nomad,Milk,Guayaquil Factory Q,Ecuador,Sunrise Vanilla Farms,2342,2076,3.38,7016.88,4520.06,2496.82,365,89.9
CHC-01115,Biscuit Milk Chocolate Drops,Silk Route Chocolate,Milk,Montreal Factory Y,Canada,Continental Sugar Corp,9216,8606,3.02,25990.12,18616.32,7373.8,664,97.5
CHC-01116,Single Origin Dark Chocolate Drops,Cacao Nomad,Dark,Zurich Factory E,Switzerland,TerraFair Trade Beans,881,565,6.3,3559.5,2484.42,1075.08,346,96.2
CHC-01117,Salted Butter Caramel Chocolate Truffle Box,Pure Bloom Chocolatiers,Caramel,Turin Factory J,Italy,Alpine Dairy Co.,2275,2080,3.79,7883.2,4550.0,3333.2,227,86.6
CHC-01118,Single Origin Dark Chocolate Pralines,Amber Cacao Co.,Dark,Bern Factory B,Switzerland,Meridian Cacao Exchange,2201,2151,3.28,7055.28,3939.79,3115.49,339,95.4
CHC-01119,70% Intense Dark Chocolate Wafer Bar,Cacao Verde,Dark,Pune Factory K,India,Sahara Nut Suppliers,5145,4482,5.94,26623.08,19602.45,7020.63,851,87.1
CHC-01120,Praline Hazelnut Chocolate Chips (Baking),Cacao Verde,Hazelnut,Amsterdam Factory I,Netherlands,Sahara Nut Suppliers,6710,6773,4.98,33729.54,13554.2,20175.34,217,78.8
CHC-01121,Raspberry Swirl White Chocolate Squares,Ivory & Cocoa,White,Lima Factory S,Peru,Amazon Cacao Growers,1642,1528,4.33,6616.24,4745.38,1870.86,188,88.6
CHC-01122,Gianduja Style Hazelnut Chocolate Drops,Silk Route Chocolate,Hazelnut,Portland Factory A,USA,Sunrise Vanilla Farms,14928,15779,3.24,51123.96,25676.16,25447.8,10,96.6
CHC-01123,Bakers Classic Compound Chocolate Truffle Box,Highland Cacao,Compound,Dubai Factory W,UAE,Sahara Nut Suppliers,2180,1794,2.37,4251.78,2419.8,1831.98,408,93.5
CHC-01124,Salted Butter Caramel Chocolate Squares,Amber Cacao Co.,Caramel,Bristol Factory H,United Kingdom,TerraFair Trade Beans,2171,2087,4.5,9391.5,5449.21,3942.29,231,84.9
CHC-01125,Plant-Based Classic Vegan Dark Chocolate Filled Bar,Terra Cacao,Vegan Dark,Montreal Factory Y,Canada,Coastal Coconut Co.,9169,8746,4.65,40668.9,21547.15,19121.75,677,97.7
CHC-01126,Vanilla Bean White Chocolate Drops,Northstar Confectionery,White,Toronto Factory B,Canada,Ivory Cocoa Traders,2350,2012,4.4,8852.8,6368.5,2484.3,429,97.1
CHC-01127,85% Extra Bold Dark Chocolate Drops,Ivory & Cocoa,Dark,Sao Paulo Factory P,Brazil,Alpine Dairy Co.,5286,4276,3.15,13469.4,8193.3,5276.1,1128,97.2
CHC-01128,Honeycomb Milk Chocolate Gift Box,Northstar Confectionery,Milk,Sao Paulo Factory P,Brazil,Continental Sugar Corp,9001,8495,2.21,18773.95,12421.38,6352.57,762,74.5
CHC-01129,Vanilla Bean White Chocolate Truffle Box,Auric Chocolate,White,Melbourne Factory N,Australia,Andes Bean Exporters,2913,2291,2.31,5292.21,3087.78,2204.43,706,81.8
CHC-01130,Organic Raw Cacao Chocolate Coated Nuts,Sunset Grove Chocolate,Organic,Cologne Factory F,Germany,Continental Sugar Corp,7504,7201,4.31,31036.31,16658.88,14377.43,366,83.3
CHC-01131,Single Origin Dark Chocolate Pralines,Maison Cacao,Dark,Shanghai Factory L,China,Ivory Cocoa Traders,2374,2262,4.31,9749.22,6575.98,3173.24,281,82.8
CHC-01132,Coconut White Chocolate Bar,Rainforest Bloom,White,Lyon Factory G,France,Sahara Nut Suppliers,4589,4696,3.77,17703.92,9912.24,7791.68,183,73.0
CHC-01133,Stevia Sweetened Sugar-Free Chocolate Drops,Sunset Grove Chocolate,Sugar-Free,Bristol Factory H,United Kingdom,Continental Sugar Corp,3965,3463,5.01,17349.63,11260.6,6089.03,795,83.6
CHC-01134,Classic Sugar-Free Chocolate Truffle Box,Ember & Oak,Sugar-Free,Cape Town Factory V,South Africa,Coastal Coconut Co.,11500,9572,5.71,54656.12,35190.0,19466.12,2223,95.6
CHC-01135,Praline Hazelnut Chocolate Truffle Box,Cacao Nomad,Hazelnut,Amsterdam Factory I,Netherlands,Sunrise Vanilla Farms,6349,5313,4.87,25874.31,19491.43,6382.88,1155,80.5
CHC-01136,Salted Butter Caramel Chocolate Pralines,Auric Chocolate,Caramel,Medellin Factory R,Colombia,Ivory Cocoa Traders,2525,2367,2.9,6864.3,3939.0,2925.3,403,100.0
CHC-01137,Classic Sugar-Free Chocolate Drops,Whisk & Wonder,Sugar-Free,Sao Paulo Factory P,Brazil,Heritage Almond Growers,2487,2394,3.63,8690.22,5695.23,2994.99,232,80.6
CHC-01138,Sea Salt Milk Chocolate Chips (Baking),Wildflower Cacao,Milk,Osaka Factory M,Japan,Alpine Dairy Co.,6708,5552,3.77,20931.04,14422.2,6508.84,1219,90.4
CHC-01139,Coconut White Chocolate Filled Bar,Whisk & Wonder,White,Portland Factory A,USA,Ghana Bean Collective,3256,2009,3.02,6067.18,6512.0,-444.82,1455,86.2
CHC-01140,Organic Raw Cacao Chocolate Drops,Velvet Cacao,Organic,Bristol Factory H,United Kingdom,Global Cocoa Partners,9050,9572,5.02,48051.44,24978.0,23073.44,10,79.1
CHC-01141,Confectionery Grade Compound Chocolate Gift Box,Northstar Confectionery,Compound,Osaka Factory M,Japan,Ghana Bean Collective,1865,1493,2.1,3135.3,1678.5,1456.8,655,89.3
CHC-01142,Single Origin Dark Chocolate Coated Nuts,Cacao Nomad,Dark,Toronto Factory B,Canada,Global Cocoa Partners,1290,1238,6.03,7465.14,4785.9,2679.24,205,88.7
CHC-01143,Original Ruby Chocolate Filled Bar,Amber Cacao Co.,Ruby,Melbourne Factory N,Australia,Nordic Milk Co.,5149,3653,6.87,25096.11,21986.23,3109.88,1704,87.0
CHC-01144,Cranberry Walnut Fruit & Nut Chocolate Filled Bar,Wildflower Cacao,Fruit & Nut,Guayaquil Factory Q,Ecuador,Amazon Cacao Growers,849,683,4.6,3141.8,2606.43,535.37,252,96.0
CHC-01145,Plant-Based Classic Vegan Dark Chocolate Drops,Rainforest Bloom,Vegan Dark,Osaka Factory M,Japan,EcoPack Solutions,1976,1712,6.28,10751.36,7785.44,2965.92,437,93.1
CHC-01146,Tropical Mix Fruit & Nut Chocolate Chips (Baking),Cocoa Bloom,Fruit & Nut,Guayaquil Factory Q,Ecuador,Pacific Sugar Mills,6736,5409,4.68,25314.12,16099.04,9215.08,1532,76.8
CHC-01147,Confectionery Grade Compound Chocolate Gift Box,Copper Kettle Chocolate,Compound,Guayaquil Factory Q,Ecuador,Sunrise Vanilla Farms,3088,2896,1.3,3764.8,2099.84,1664.96,222,96.9
CHC-01148,Marzipan Style Almond Chocolate Gift Box,Golden Bean Co.,Almond,Sao Paulo Factory P,Brazil,TerraFair Trade Beans,2210,2172,4.26,9252.72,6165.9,3086.82,252,81.3
CHC-01149,Classic Milk Chocolate Truffle Box,Cocoa Bloom,Milk,Bern Factory B,Switzerland,Sunrise Vanilla Farms,4031,3769,3.26,12286.94,7417.04,4869.9,391,74.4
CHC-01150,Oat Milk Blend Vegan Dark Chocolate Gift Box,Highland Cacao,Vegan Dark,Antwerp Factory A,Belgium,Global Cocoa Partners,2157,2021,5.15,10408.15,6212.16,4195.99,358,93.5
CHC-01151,Almond Crunch Chocolate Squares,Cocoa Bloom,Almond,Accra Factory T,Ghana,Sahara Nut Suppliers,6737,7079,5.36,37943.44,16707.76,21235.68,10,95.6
CHC-01152,Honeycomb Milk Chocolate Bar,Bean & Bloom,Milk,Osaka Factory M,Japan,Ivory Cocoa Traders,3675,3099,3.81,11807.19,5916.75,5890.44,767,81.4
CHC-01153,Classic Sugar-Free Chocolate Pralines,Bean & Bloom,Sugar-Free,Melbourne Factory N,Australia,TerraFair Trade Beans,2608,2643,4.52,11946.36,5059.52,6886.84,244,88.0
CHC-01154,Sea Salt Milk Chocolate Squares,Cacao Verde,Milk,Bordeaux Factory D,France,Andes Bean Exporters,2225,2240,4.05,9072.0,5985.25,3086.75,62,82.8
CHC-01155,Confectionery Grade Compound Chocolate Chips (Baking),Sunset Grove Chocolate,Compound,Medellin Factory R,Colombia,Pacific Sugar Mills,4361,3462,1.26,4362.12,2703.82,1658.3,1127,92.1
CHC-01156,Single Origin Dark Chocolate Coated Nuts,Blue Ridge Chocolatiers,Dark,Montreal Factory Y,Canada,Sahara Nut Suppliers,6244,4740,5.51,26117.4,19106.64,7010.76,1583,84.2
CHC-01157,Single Origin Dark Chocolate Drops,Ember & Oak,Dark,Medellin Factory R,Colombia,Nordic Milk Co.,5164,5009,4.03,20186.27,11567.36,8618.91,408,89.4
CHC-01158,Almond Crunch Chocolate Chips (Baking),Noir Origins,Almond,Amsterdam Factory I,Netherlands,Coastal Coconut Co.,2514,2400,5.0,12000.0,7768.26,4231.74,392,78.9
CHC-01159,Biscuit Milk Chocolate Chips (Baking),Velvet Cacao,Milk,Melbourne Factory N,Australia,Pacific Sugar Mills,3191,2265,2.16,4892.4,4403.58,488.82,1102,91.6
CHC-01160,Confectionery Grade Compound Chocolate Pralines,Amber Cacao Co.,Compound,Cape Town Factory V,South Africa,Alpine Dairy Co.,7436,7174,2.41,17289.34,9295.0,7994.34,436,88.1
CHC-01161,70% Intense Dark Chocolate Coated Nuts,Ember & Oak,Dark,Cologne Factory F,Germany,Ivory Cocoa Traders,6920,5841,5.73,33468.93,24566.0,8902.93,1161,100.0
CHC-01162,Stevia Sweetened Sugar-Free Chocolate Squares,Rainforest Bloom,Sugar-Free,Munich Factory C,Germany,Sunrise Vanilla Farms,4511,4069,5.63,22908.47,10285.08,12623.39,657,97.1
CHC-01163,Espresso Infused Dark Chocolate Drops,Auric Chocolate,Dark,Amsterdam Factory I,Netherlands,Ivory Cocoa Traders,12808,11187,5.19,58060.53,29586.48,28474.05,1771,83.8
CHC-01164,Raspberry Swirl White Chocolate Wafer Bar,Bean & Bloom,White,Zurich Factory E,Switzerland,Global Cocoa Partners,4283,2930,4.25,12452.5,12292.21,160.29,1477,78.9
CHC-01165,Vanilla Bean White Chocolate Chips (Baking),Highland Cacao,White,Zurich Factory E,Switzerland,Continental Sugar Corp,8748,7948,2.46,19552.08,11547.36,8004.72,920,92.7
CHC-01166,Cranberry Walnut Fruit & Nut Chocolate Truffle Box,Ivory & Cocoa,Fruit & Nut,Lima Factory S,Peru,Nordic Milk Co.,6087,5234,3.94,20621.96,11443.56,9178.4,1048,81.7
CHC-01167,Bakers Classic Compound Chocolate Coated Nuts,Highland Cacao,Compound,Bordeaux Factory D,France,Pacific Sugar Mills,2321,1987,1.83,3636.21,2831.62,804.59,384,93.0
CHC-01168,Sea Salt Caramel Chocolate Drops,Golden Bean Co.,Caramel,Portland Factory A,USA,Continental Sugar Corp,1527,1445,2.79,4031.55,2015.64,2015.91,366,95.1
CHC-01169,Sea Salt Caramel Chocolate Gift Box,Golden Bean Co.,Caramel,Portland Factory A,USA,Continental Sugar Corp,3331,3481,4.22,14689.82,8560.67,6129.15,112,98.2
CHC-01170,Single Origin Dark Chocolate Pralines,Bean & Bloom,Dark,Abidjan Factory U,Cote d'Ivoire,Meridian Cacao Exchange,7837,6614,3.85,25463.9,18573.69,6890.21,1487,98.3
CHC-01171,Espresso Infused Dark Chocolate Filled Bar,Velvet Cacao,Dark,Abidjan Factory U,Cote d'Ivoire,Global Cocoa Partners,2827,2432,5.49,13351.68,7604.63,5747.05,475,96.2
CHC-01172,Bakers Classic Compound Chocolate Filled Bar,Bean & Bloom,Compound,Guadalajara Factory C,Mexico,EcoPack Solutions,1544,1114,1.53,1704.42,1049.92,654.5,499,87.7
CHC-01173,Praline Hazelnut Chocolate Gift Box,Silk Route Chocolate,Hazelnut,Guadalajara Factory C,Mexico,TerraFair Trade Beans,2358,1869,5.73,10709.37,5753.52,4955.85,642,87.5
CHC-01174,Biscuit Milk Chocolate Coated Nuts,Ivory & Cocoa,Milk,Melbourne Factory N,Australia,Andes Bean Exporters,10423,9113,3.61,32897.93,21992.53,10905.4,1544,89.1
CHC-01175,Honeycomb Milk Chocolate Coated Nuts,Cacao Verde,Milk,Cape Town Factory V,South Africa,Sahara Nut Suppliers,7962,7918,3.92,31038.56,16720.2,14318.36,341,99.1
CHC-01176,Roasted Almond Chocolate Bar,Choco Artisan,Almond,Hershey Falls Factory X,USA,Continental Sugar Corp,6568,6900,4.49,30981.0,19244.24,11736.76,10,85.2
CHC-01177,Plant-Based Classic Vegan Dark Chocolate Filled Bar,Wildflower Cacao,Vegan Dark,Bern Factory B,Switzerland,Continental Sugar Corp,6076,6684,3.4,22725.6,10146.92,12578.68,10,87.8
CHC-01178,Organic Single Origin Chocolate Truffle Box,Ivory & Cocoa,Organic,Sao Paulo Factory P,Brazil,Continental Sugar Corp,1018,945,6.84,6463.8,4621.72,1842.08,170,93.7
CHC-01179,Single Origin Dark Chocolate Filled Bar,Silk Route Chocolate,Dark,Lyon Factory G,France,Meridian Cacao Exchange,8055,6402,4.41,28232.82,14660.1,13572.72,1871,79.3
CHC-01180,Diabetic Friendly Sugar-Free Chocolate Bar,Wildflower Cacao,Sugar-Free,Portland Factory A,USA,Amazon Cacao Growers,2592,2256,5.79,13062.24,7957.44,5104.8,581,85.1
CHC-01181,Whole Hazelnut Chocolate Chips (Baking),Bean & Bloom,Hazelnut,Lyon Factory G,France,Continental Sugar Corp,3360,3264,4.58,14949.12,10315.2,4633.92,335,88.0
CHC-01182,Almond Crunch Chocolate Bar,Cacao Nomad,Almond,Bern Factory B,Switzerland,Sunrise Vanilla Farms,6413,6143,5.3,32557.9,13980.34,18577.56,324,84.9
CHC-01183,Raisin & Almond Fruit & Nut Chocolate Pralines,Wildflower Cacao,Fruit & Nut,Pune Factory K,India,Heritage Almond Growers,1586,1335,3.88,5179.8,2601.04,2578.76,501,84.0
CHC-01184,Raspberry Swirl White Chocolate Coated Nuts,Rainforest Bloom,White,Dubai Factory W,UAE,Sunrise Vanilla Farms,4084,3737,3.53,13191.61,8208.84,4982.77,552,90.5
CHC-01185,Tropical Mix Fruit & Nut Chocolate Bar,Bean & Bloom,Fruit & Nut,Sao Paulo Factory P,Brazil,Pacific Sugar Mills,2473,2544,5.34,13584.96,6330.88,7254.08,171,81.2
CHC-01186,Tropical Mix Fruit & Nut Chocolate Squares,Northstar Confectionery,Fruit & Nut,Guayaquil Factory Q,Ecuador,Alpine Dairy Co.,2410,2132,5.35,11406.2,7205.9,4200.3,363,91.6
CHC-01187,Classic Milk Chocolate Bar,Golden Bean Co.,Milk,Zurich Factory E,Switzerland,Sahara Nut Suppliers,4430,3063,3.38,10352.94,10144.7,208.24,1610,85.5
CHC-01188,Gianduja Style Hazelnut Chocolate Coated Nuts,Ivory & Cocoa,Hazelnut,Antwerp Factory A,Belgium,EcoPack Solutions,4250,4464,3.76,16784.64,9647.5,7137.14,10,76.6
CHC-01189,Citrus Ruby Chocolate Gift Box,Auric Chocolate,Ruby,Bristol Factory H,United Kingdom,Sunrise Vanilla Farms,5313,4977,6.96,34639.92,23695.98,10943.94,625,68.2
CHC-01190,Classic Sugar-Free Chocolate Chips (Baking),Sunset Grove Chocolate,Sugar-Free,Sao Paulo Factory P,Brazil,Global Cocoa Partners,798,776,4.18,3243.68,1811.46,1432.22,237,80.4
CHC-01191,70% Intense Dark Chocolate Pralines,Whisk & Wonder,Dark,Portland Factory A,USA,Heritage Almond Growers,17116,14498,3.92,56832.16,31664.6,25167.56,2834,90.8
CHC-01192,70% Intense Dark Chocolate Coated Nuts,Pure Bloom Chocolatiers,Dark,Shanghai Factory L,China,Alpine Dairy Co.,1119,983,4.22,4148.26,2741.55,1406.71,418,86.2
CHC-01193,85% Extra Bold Dark Chocolate Wafer Bar,Cacao Nomad,Dark,Guayaquil Factory Q,Ecuador,Continental Sugar Corp,2820,2449,2.56,6269.44,3440.4,2829.04,418,83.5
CHC-01194,Coconut Sugar Vegan Dark Chocolate Truffle Box,Rainforest Bloom,Vegan Dark,Hershey Falls Factory X,USA,Sahara Nut Suppliers,1773,1738,4.5,7821.0,5283.54,2537.46,65,87.1
CHC-01195,Classic Milk Chocolate Truffle Box,Whisk & Wonder,Milk,Lyon Factory G,France,Heritage Almond Growers,6878,5565,4.11,22872.15,18914.5,3957.65,1492,90.2
CHC-01196,Tropical Mix Fruit & Nut Chocolate Coated Nuts,Cacao Verde,Fruit & Nut,Bern Factory B,Switzerland,Alpine Dairy Co.,13016,11209,3.88,43490.92,33711.44,9779.48,1962,85.7
CHC-01197,Espresso Infused Dark Chocolate Wafer Bar,Whisk & Wonder,Dark,Guadalajara Factory C,Mexico,Global Cocoa Partners,2776,2727,4.24,11562.48,7023.28,4539.2,222,80.5
CHC-01198,85% Extra Bold Dark Chocolate Filled Bar,Sunset Grove Chocolate,Dark,Guadalajara Factory C,Mexico,Andes Bean Exporters,3220,3124,3.84,11996.16,5538.4,6457.76,208,96.8
CHC-01199,Classic Sugar-Free Chocolate Truffle Box,Ember & Oak,Sugar-Free,Hershey Falls Factory X,USA,Ghana Bean Collective,8650,7503,5.72,42917.16,32870.0,10047.16,1306,87.2
CHC-01200,Gianduja Style Hazelnut Chocolate Pralines,Amber Cacao Co.,Hazelnut,Abidjan Factory U,Cote d'Ivoire,EcoPack Solutions,2119,1915,3.68,7047.2,3326.83,3720.37,258,90.7
CHC-01201,85% Extra Bold Dark Chocolate Gift Box,Choco Artisan,Dark,Antwerp Factory A,Belgium,EcoPack Solutions,4557,3710,4.63,17177.3,10845.66,6331.64,1122,83.2
CHC-01202,85% Extra Bold Dark Chocolate Coated Nuts,Cacao Verde,Dark,Melbourne Factory N,Australia,Ghana Bean Collective,5354,3978,6.0,23868.0,15954.92,7913.08,1478,88.7
CHC-01203,Whole Hazelnut Chocolate Bar,Auric Chocolate,Hazelnut,Zurich Factory E,Switzerland,Amazon Cacao Growers,4148,4033,4.94,19923.02,9747.8,10175.22,327,94.8
CHC-01204,85% Extra Bold Dark Chocolate Drops,Amber Cacao Co.,Dark,Zurich Factory E,Switzerland,Coastal Coconut Co.,1387,994,5.78,5745.32,3301.06,2444.26,581,81.2
CHC-01205,Berry Burst Ruby Chocolate Squares,Cacao Verde,Ruby,Amsterdam Factory I,Netherlands,Continental Sugar Corp,17286,13190,4.45,58695.5,38720.64,19974.86,4296,86.1
CHC-01206,Raisin & Almond Fruit & Nut Chocolate Pralines,Velvet Cacao,Fruit & Nut,Hershey Falls Factory X,USA,Ivory Cocoa Traders,6694,6077,3.19,19385.63,9237.72,10147.91,767,85.2
CHC-01207,Confectionery Grade Compound Chocolate Gift Box,Noir Origins,Compound,Hershey Falls Factory X,USA,TerraFair Trade Beans,4419,4544,1.86,8451.84,3402.63,5049.21,141,79.5
CHC-01208,Biscuit Milk Chocolate Drops,Bean & Bloom,Milk,Antwerp Factory A,Belgium,Continental Sugar Corp,2413,2117,4.36,9230.12,6804.66,2425.46,330,99.4
CHC-01209,Value Pack Compound Chocolate Truffle Box,Ember & Oak,Compound,Hershey Falls Factory X,USA,Sunrise Vanilla Farms,3182,3049,1.24,3780.76,2227.4,1553.36,286,79.3
CHC-01210,Plant-Based Classic Vegan Dark Chocolate Gift Box,Blue Ridge Chocolatiers,Vegan Dark,Dubai Factory W,UAE,Sahara Nut Suppliers,2678,2371,4.77,11309.67,6802.12,4507.55,327,91.0
CHC-01211,Tropical Mix Fruit & Nut Chocolate Pralines,Amber Cacao Co.,Fruit & Nut,Amsterdam Factory I,Netherlands,Continental Sugar Corp,1163,1116,4.0,4464.0,2372.52,2091.48,279,82.5
CHC-01212,Raisin & Almond Fruit & Nut Chocolate Gift Box,Sunset Grove Chocolate,Fruit & Nut,Hershey Falls Factory X,USA,Continental Sugar Corp,3443,2675,5.43,14525.25,9158.38,5366.87,820,86.4
CHC-01213,Praline Hazelnut Chocolate Wafer Bar,Noir Origins,Hazelnut,Bern Factory B,Switzerland,Meridian Cacao Exchange,17330,14768,3.96,58481.28,35179.9,23301.38,2809,84.1
CHC-01214,Stevia Sweetened Sugar-Free Chocolate Gift Box,Rainforest Bloom,Sugar-Free,Melbourne Factory N,Australia,Sahara Nut Suppliers,1483,1272,5.68,7224.96,5249.82,1975.14,315,82.9
CHC-01215,Sea Salt Caramel Chocolate Squares,Northstar Confectionery,Caramel,Sao Paulo Factory P,Brazil,Heritage Almond Growers,2998,2047,4.59,9395.73,9083.94,311.79,1069,87.0
CHC-01216,Sea Salt Milk Chocolate Bar,Pure Bloom Chocolatiers,Milk,Hershey Falls Factory X,USA,Ghana Bean Collective,2820,2297,2.99,6868.03,5301.6,1566.43,627,71.2
CHC-01217,Roasted Almond Chocolate Truffle Box,Northstar Confectionery,Almond,Toronto Factory B,Canada,Amazon Cacao Growers,4255,4322,5.47,23641.34,9318.45,14322.89,181,81.1
CHC-01218,Bakers Classic Compound Chocolate Truffle Box,Noir Origins,Compound,Lima Factory S,Peru,Sahara Nut Suppliers,12987,11290,1.82,20547.8,13376.61,7171.19,1795,88.7
CHC-01219,Espresso Infused Dark Chocolate Squares,Sunset Grove Chocolate,Dark,Dubai Factory W,UAE,Sahara Nut Suppliers,5168,4181,4.18,17476.58,12403.2,5073.38,1099,98.7
CHC-01220,Biscuit Milk Chocolate Gift Box,Terra Cacao,Milk,Cologne Factory F,Germany,EcoPack Solutions,4738,4909,3.74,18359.66,7296.52,11063.14,42,87.4
CHC-01221,85% Extra Bold Dark Chocolate Coated Nuts,Choco Artisan,Dark,Osaka Factory M,Japan,EcoPack Solutions,2054,1637,4.82,7890.34,5956.6,1933.74,616,81.0
CHC-01222,Soft Caramel Core Chocolate Chips (Baking),Maison Cacao,Caramel,Dubai Factory W,UAE,Nordic Milk Co.,5683,4286,4.89,20958.54,12729.92,8228.62,1483,93.5
CHC-01223,70% Intense Dark Chocolate Pralines,Sunset Grove Chocolate,Dark,Cape Town Factory V,South Africa,Ivory Cocoa Traders,13223,11984,6.11,73222.24,34512.03,38710.21,1453,90.4
CHC-01224,Berry Burst Ruby Chocolate Truffle Box,Cacao Verde,Ruby,Portland Factory A,USA,Alpine Dairy Co.,2376,2028,6.28,12735.84,9052.56,3683.28,483,79.3
CHC-01225,Marzipan Style Almond Chocolate Drops,Bean & Bloom,Almond,Zurich Factory E,Switzerland,Continental Sugar Corp,2627,1993,2.8,5580.4,3520.18,2060.22,810,82.1
CHC-01226,Classic Sugar-Free Chocolate Coated Nuts,Blue Ridge Chocolatiers,Sugar-Free,Bruges Factory D,Belgium,Sahara Nut Suppliers,12109,11622,3.81,44279.82,21554.02,22725.8,588,78.7
CHC-01227,Original Ruby Chocolate Squares,Silk Route Chocolate,Ruby,Lyon Factory G,France,Ivory Cocoa Traders,3021,2589,5.7,14757.3,10150.56,4606.74,551,94.8
CHC-01228,Marzipan Style Almond Chocolate Coated Nuts,Cacao Nomad,Almond,Cape Town Factory V,South Africa,Pacific Sugar Mills,7515,7701,3.82,29417.82,17960.85,11456.97,10,79.2
CHC-01229,Salted Butter Caramel Chocolate Filled Bar,Copper Kettle Chocolate,Caramel,Antwerp Factory A,Belgium,Continental Sugar Corp,8002,6624,4.81,31861.44,16324.08,15537.36,1487,78.8
CHC-01230,Sea Salt Milk Chocolate Chips (Baking),Highland Cacao,Milk,Sao Paulo Factory P,Brazil,Sunrise Vanilla Farms,7774,7043,2.11,14860.73,7929.48,6931.25,912,88.2
CHC-01231,Citrus Ruby Chocolate Drops,Ivory & Cocoa,Ruby,Guadalajara Factory C,Mexico,Sunrise Vanilla Farms,7219,5792,7.58,43903.36,31186.08,12717.28,1642,93.7
CHC-01232,Classic Milk Chocolate Squares,Cocoa Bloom,Milk,Lima Factory S,Peru,Sunrise Vanilla Farms,4083,3106,2.79,8665.74,5593.71,3072.03,1179,82.7
CHC-01233,Cranberry Walnut Fruit & Nut Chocolate Chips (Baking),Bean & Bloom,Fruit & Nut,Bristol Factory H,United Kingdom,Sahara Nut Suppliers,3971,3462,4.04,13986.48,6710.99,7275.49,799,92.0
CHC-01234,70% Intense Dark Chocolate Coated Nuts,Sunset Grove Chocolate,Dark,Dubai Factory W,UAE,Alpine Dairy Co.,1880,1385,4.77,6606.45,5771.6,834.85,590,77.6
CHC-01235,Stevia Sweetened Sugar-Free Chocolate Pralines,Auric Chocolate,Sugar-Free,Oaxaca Factory Z,Mexico,Amazon Cacao Growers,3152,3168,5.98,18944.64,8668.0,10276.64,125,92.1
CHC-01236,Organic Raw Cacao Chocolate Filled Bar,Silk Route Chocolate,Organic,Osaka Factory M,Japan,Global Cocoa Partners,9084,7085,5.62,39817.7,28796.28,11021.42,2254,88.1
CHC-01237,Organic Raw Cacao Chocolate Truffle Box,Maison Cacao,Organic,Shanghai Factory L,China,Coastal Coconut Co.,2667,2522,6.63,16720.86,11734.8,4986.06,355,87.2
CHC-01238,Classic Sugar-Free Chocolate Bar,Bean & Bloom,Sugar-Free,Bordeaux Factory D,France,Meridian Cacao Exchange,12347,11357,5.62,63826.34,37658.35,26167.99,1273,71.8
CHC-01239,Stevia Sweetened Sugar-Free Chocolate Wafer Bar,Pure Bloom Chocolatiers,Sugar-Free,Osaka Factory M,Japan,Amazon Cacao Growers,12754,9593,5.9,56598.7,35328.58,21270.12,3297,93.6
CHC-01240,Classic Milk Chocolate Truffle Box,Rainforest Bloom,Milk,Bern Factory B,Switzerland,Global Cocoa Partners,3337,3134,2.59,8117.06,4171.25,3945.81,383,87.1
CHC-01241,Vanilla Bean White Chocolate Pralines,Choco Artisan,White,Lima Factory S,Peru,Meridian Cacao Exchange,7656,8041,4.05,32566.05,20288.4,12277.65,10,88.2
CHC-01242,Plant-Based Classic Vegan Dark Chocolate Squares,Copper Kettle Chocolate,Vegan Dark,Munich Factory C,Germany,Coastal Coconut Co.,1416,1244,5.84,7264.96,3582.48,3682.48,265,79.3
CHC-01243,Diabetic Friendly Sugar-Free Chocolate Squares,TruffleWorks,Sugar-Free,Lima Factory S,Peru,Pacific Sugar Mills,1503,1153,5.23,6030.19,4929.84,1100.35,645,96.7
CHC-01244,Organic Single Origin Chocolate Gift Box,Silk Route Chocolate,Organic,Accra Factory T,Ghana,Heritage Almond Growers,3349,3548,6.79,24090.92,10850.76,13240.16,10,83.9
CHC-01245,Whole Hazelnut Chocolate Truffle Box,Cacao Verde,Hazelnut,Bern Factory B,Switzerland,Coastal Coconut Co.,10952,9977,4.1,40905.7,17961.28,22944.42,1022,89.7
CHC-01246,Bakers Classic Compound Chocolate Wafer Bar,Northstar Confectionery,Compound,Accra Factory T,Ghana,Continental Sugar Corp,6759,6449,1.86,11995.14,6421.05,5574.09,356,85.8
CHC-01247,Biscuit Milk Chocolate Coated Nuts,Highland Cacao,Milk,Lima Factory S,Peru,Continental Sugar Corp,15427,14481,4.05,58648.05,26842.98,31805.07,1229,84.9
CHC-01248,Soft Caramel Core Chocolate Coated Nuts,Wildflower Cacao,Caramel,Zurich Factory E,Switzerland,Nordic Milk Co.,16192,12578,2.51,31570.78,16677.76,14893.02,3868,91.5
CHC-01249,Gianduja Style Hazelnut Chocolate Drops,Silk Route Chocolate,Hazelnut,Abidjan Factory U,Cote d'Ivoire,Heritage Almond Growers,4920,3701,4.38,16210.38,13185.6,3024.78,1244,90.4
CHC-01250,Organic Single Origin Chocolate Bar,Northstar Confectionery,Organic,Abidjan Factory U,Cote d'Ivoire,Meridian Cacao Exchange,9127,9106,3.77,34329.62,22817.5,11512.12,244,96.0
CHC-01251,Biscuit Milk Chocolate Drops,Terra Cacao,Milk,Pune Factory K,India,Amazon Cacao Growers,3849,3246,3.27,10614.42,7005.18,3609.24,830,83.4
CHC-01252,Coconut White Chocolate Drops,Velvet Cacao,White,Cologne Factory F,Germany,Heritage Almond Growers,7929,7089,3.47,24598.83,14351.49,10247.34,896,92.6
CHC-01253,Citrus Ruby Chocolate Coated Nuts,Highland Cacao,Ruby,Shanghai Factory L,China,Ghana Bean Collective,6016,4894,6.11,29902.34,18469.12,11433.22,1276,80.4
CHC-01254,Coconut White Chocolate Truffle Box,Copper Kettle Chocolate,White,Guadalajara Factory C,Mexico,Meridian Cacao Exchange,860,719,3.85,2768.15,1522.2,1245.95,322,87.7
CHC-01255,Biscuit Milk Chocolate Squares,Cacao Verde,Milk,Bristol Factory H,United Kingdom,Nordic Milk Co.,2322,2246,3.07,6895.22,3065.04,3830.18,185,75.5
CHC-01256,Sea Salt Caramel Chocolate Pralines,Pure Bloom Chocolatiers,Caramel,Lima Factory S,Peru,Pacific Sugar Mills,5875,6431,2.87,18456.97,10281.25,8175.72,10,87.2
CHC-01257,Praline Hazelnut Chocolate Drops,Cocoa Bloom,Hazelnut,Guayaquil Factory Q,Ecuador,Ghana Bean Collective,5096,4259,4.68,19932.12,14268.8,5663.32,1056,85.9
CHC-01258,Marzipan Style Almond Chocolate Squares,Cacao & Co.,Almond,Guayaquil Factory Q,Ecuador,EcoPack Solutions,13698,12191,5.25,64002.75,41230.98,22771.77,1533,82.3
CHC-01259,Classic Milk Chocolate Drops,Highland Cacao,Milk,Oaxaca Factory Z,Mexico,Nordic Milk Co.,12087,12396,3.78,46856.88,26349.66,20507.22,10,82.4
CHC-01260,Single Origin Dark Chocolate Bar,Cacao & Co.,Dark,Jakarta Factory O,Indonesia,Ivory Cocoa Traders,4866,4214,4.37,18415.18,8564.16,9851.02,784,85.8
CHC-01261,70% Intense Dark Chocolate Chips (Baking),Cacao & Co.,Dark,Hershey Falls Factory X,USA,Ivory Cocoa Traders,933,981,5.37,5267.97,3321.48,1946.49,234,95.1
CHC-01262,Sea Salt Milk Chocolate Bar,Blue Ridge Chocolatiers,Milk,Toronto Factory B,Canada,Ivory Cocoa Traders,6796,6309,2.14,13501.26,6999.88,6501.38,566,86.5
CHC-01263,Sea Salt Caramel Chocolate Pralines,Cacao & Co.,Caramel,Bristol Factory H,United Kingdom,Alpine Dairy Co.,1313,1275,3.5,4462.5,2363.4,2099.1,84,87.6
CHC-01264,85% Extra Bold Dark Chocolate Squares,Golden Bean Co.,Dark,Portland Factory A,USA,Andes Bean Exporters,34128,27908,3.91,109120.28,57676.32,51443.96,6486,90.1
CHC-01265,Gianduja Style Hazelnut Chocolate Pralines,Cocoa Bloom,Hazelnut,Pune Factory K,India,Ivory Cocoa Traders,1911,1179,3.01,3548.79,3286.92,261.87,912,96.8
CHC-01266,Soft Caramel Core Chocolate Gift Box,Ivory & Cocoa,Caramel,Jakarta Factory O,Indonesia,EcoPack Solutions,2658,2427,3.82,9271.14,4119.9,5151.24,286,95.0
CHC-01267,Espresso Infused Dark Chocolate Coated Nuts,Ember & Oak,Dark,Accra Factory T,Ghana,Ghana Bean Collective,10180,7559,4.57,34544.63,24126.6,10418.03,2733,91.0
CHC-01268,Diabetic Friendly Sugar-Free Chocolate Drops,Cocoa Bloom,Sugar-Free,Turin Factory J,Italy,Ghana Bean Collective,1615,1539,3.78,5817.42,2470.95,3346.47,217,75.6
CHC-01269,Gianduja Style Hazelnut Chocolate Wafer Bar,Cacao Verde,Hazelnut,Bern Factory B,Switzerland,Ghana Bean Collective,3686,3023,3.24,9794.52,6081.9,3712.62,796,91.8
CHC-01270,Espresso Infused Dark Chocolate Pralines,Bean & Bloom,Dark,Munich Factory C,Germany,TerraFair Trade Beans,1066,894,6.35,5676.9,2846.22,2830.68,387,83.1
CHC-01271,Roasted Almond Chocolate Drops,Highland Cacao,Almond,Lyon Factory G,France,Pacific Sugar Mills,917,681,4.43,3016.83,2017.4,999.43,474,90.7
CHC-01272,Stevia Sweetened Sugar-Free Chocolate Wafer Bar,Golden Bean Co.,Sugar-Free,Zurich Factory E,Switzerland,Pacific Sugar Mills,6346,6043,4.47,27012.21,19101.46,7910.75,354,82.2
CHC-01273,Sea Salt Milk Chocolate Gift Box,Cacao & Co.,Milk,Jakarta Factory O,Indonesia,Sunrise Vanilla Farms,16570,12116,3.28,39740.48,29163.2,10577.28,4667,91.4
CHC-01274,Classic Sugar-Free Chocolate Drops,Cacao & Co.,Sugar-Free,Lima Factory S,Peru,Sunrise Vanilla Farms,1842,1743,4.64,8087.52,4291.86,3795.66,232,84.7
CHC-01275,Honeycomb Milk Chocolate Drops,Ivory & Cocoa,Milk,Guayaquil Factory Q,Ecuador,Sunrise Vanilla Farms,3838,3603,3.52,12682.56,8827.4,3855.16,376,84.4
CHC-01276,Almond Crunch Chocolate Wafer Bar,Bean & Bloom,Almond,Bordeaux Factory D,France,Sunrise Vanilla Farms,1435,1305,3.96,5167.8,2525.6,2642.2,416,89.0
CHC-01277,Gianduja Style Hazelnut Chocolate Truffle Box,Blue Ridge Chocolatiers,Hazelnut,Turin Factory J,Italy,Ghana Bean Collective,9917,10307,3.82,39372.74,20924.87,18447.87,10,77.6
CHC-01278,Organic Single Origin Chocolate Truffle Box,Whisk & Wonder,Organic,Lima Factory S,Peru,Ivory Cocoa Traders,4399,3963,6.64,26314.32,17024.13,9290.19,659,95.5
CHC-01279,Praline Hazelnut Chocolate Chips (Baking),Noir Origins,Hazelnut,Cologne Factory F,Germany,Sunrise Vanilla Farms,7339,7064,5.57,39346.48,21576.66,17769.82,299,87.3
CHC-01280,Stevia Sweetened Sugar-Free Chocolate Coated Nuts,Northstar Confectionery,Sugar-Free,Bruges Factory D,Belgium,Continental Sugar Corp,2590,1984,5.17,10257.28,8158.5,2098.78,850,86.6
CHC-01281,Value Pack Compound Chocolate Squares,TruffleWorks,Compound,Montreal Factory Y,Canada,Nordic Milk Co.,7471,6159,1.29,7945.11,4034.34,3910.77,1423,81.1
CHC-01282,Soft Caramel Core Chocolate Gift Box,Copper Kettle Chocolate,Caramel,Cape Town Factory V,South Africa,Global Cocoa Partners,5680,5926,5.0,29630.0,11530.4,18099.6,10,92.2
CHC-01283,Sea Salt Caramel Chocolate Squares,Northstar Confectionery,Caramel,Cape Town Factory V,South Africa,Coastal Coconut Co.,2002,2012,3.38,6800.56,4504.5,2296.06,220,80.1
CHC-01284,Coconut Sugar Vegan Dark Chocolate Chips (Baking),Cacao Nomad,Vegan Dark,Cologne Factory F,Germany,Alpine Dairy Co.,6688,6747,6.17,41628.99,17188.16,24440.83,58,95.1
CHC-01285,85% Extra Bold Dark Chocolate Wafer Bar,Choco Artisan,Dark,Lyon Factory G,France,Alpine Dairy Co.,10325,9271,5.44,50434.24,32420.5,18013.74,1243,81.6
CHC-01286,Espresso Infused Dark Chocolate Drops,Auric Chocolate,Dark,Guayaquil Factory Q,Ecuador,Meridian Cacao Exchange,4567,3607,5.28,19044.96,14157.7,4887.26,1161,87.9
CHC-01287,Original Ruby Chocolate Truffle Box,Wildflower Cacao,Ruby,Munich Factory C,Germany,Andes Bean Exporters,15120,12596,5.75,72427.0,42033.6,30393.4,2750,82.3
CHC-01288,Salted Butter Caramel Chocolate Coated Nuts,Auric Chocolate,Caramel,Osaka Factory M,Japan,Continental Sugar Corp,3092,2828,3.88,10972.64,6338.6,4634.04,318,87.8
CHC-01289,Honeycomb Milk Chocolate Squares,Whisk & Wonder,Milk,Accra Factory T,Ghana,Nordic Milk Co.,1168,1071,3.42,3662.82,2639.68,1023.14,312,93.0
CHC-01290,70% Intense Dark Chocolate Truffle Box,Highland Cacao,Dark,Guayaquil Factory Q,Ecuador,Global Cocoa Partners,10578,10223,4.41,45083.43,29935.74,15147.69,651,83.2
CHC-01291,Diabetic Friendly Sugar-Free Chocolate Wafer Bar,Northstar Confectionery,Sugar-Free,Bern Factory B,Switzerland,EcoPack Solutions,1445,1378,5.09,7014.02,3135.65,3878.37,186,79.3
CHC-01292,Value Pack Compound Chocolate Bar,Ember & Oak,Compound,Pune Factory K,India,EcoPack Solutions,2247,1696,1.82,3086.72,2539.11,547.61,593,85.8
CHC-01293,Coconut White Chocolate Pralines,Copper Kettle Chocolate,White,Sao Paulo Factory P,Brazil,Pacific Sugar Mills,5566,4194,2.85,11952.9,8849.94,3102.96,1557,81.9
CHC-01294,Oat Milk Blend Vegan Dark Chocolate Truffle Box,Highland Cacao,Vegan Dark,Bordeaux Factory D,France,Alpine Dairy Co.,5510,5402,5.55,29981.1,15262.7,14718.4,282,88.9
CHC-01295,Organic Raw Cacao Chocolate Bar,Silk Route Chocolate,Organic,Osaka Factory M,Japan,Meridian Cacao Exchange,5236,5053,6.2,31328.6,14556.08,16772.52,445,78.9
CHC-01296,Value Pack Compound Chocolate Chips (Baking),Silk Route Chocolate,Compound,Bruges Factory D,Belgium,Coastal Coconut Co.,903,870,1.42,1235.4,686.28,549.12,76,83.6
CHC-01297,Sea Salt Milk Chocolate Pralines,Whisk & Wonder,Milk,Toronto Factory B,Canada,Sahara Nut Suppliers,1656,1281,2.51,3215.31,2136.24,1079.07,673,92.6
CHC-01298,85% Extra Bold Dark Chocolate Squares,Cacao Nomad,Dark,Bern Factory B,Switzerland,Global Cocoa Partners,9650,10615,3.56,37789.4,17949.0,19840.4,10,88.5
CHC-01299,Organic Fair-Trade Chocolate Gift Box,Northstar Confectionery,Organic,Toronto Factory B,Canada,Amazon Cacao Growers,17627,16903,6.39,108010.17,51118.3,56891.87,848,80.2
CHC-01300,Espresso Infused Dark Chocolate Drops,Maison Cacao,Dark,Shanghai Factory L,China,Ivory Cocoa Traders,1562,1197,5.83,6978.51,5529.48,1449.03,540,85.2
CHC-01301,Raisin & Almond Fruit & Nut Chocolate Filled Bar,Ember & Oak,Fruit & Nut,Cologne Factory F,Germany,Continental Sugar Corp,2496,2082,3.94,8203.08,5041.92,3161.16,620,88.7
CHC-01302,Vanilla Bean White Chocolate Chips (Baking),Noir Origins,White,Medellin Factory R,Colombia,Nordic Milk Co.,1292,1007,2.21,2225.47,1434.12,791.35,494,92.6
CHC-01303,Almond Crunch Chocolate Gift Box,Cacao & Co.,Almond,Lyon Factory G,France,Sahara Nut Suppliers,2814,2564,5.0,12820.0,5712.42,7107.58,548,80.7
CHC-01304,Coconut White Chocolate Chips (Baking),Maison Cacao,White,Bordeaux Factory D,France,Sunrise Vanilla Farms,14377,11063,3.68,40711.84,21565.5,19146.34,3445,88.4
CHC-01305,Biscuit Milk Chocolate Pralines,Wildflower Cacao,Milk,Bruges Factory D,Belgium,Sahara Nut Suppliers,4484,4079,3.86,15744.94,9147.36,6597.58,491,80.9
CHC-01306,Classic Milk Chocolate Bar,Whisk & Wonder,Milk,Hershey Falls Factory X,USA,Coastal Coconut Co.,1554,1316,4.49,5908.84,3698.52,2210.32,287,76.4
CHC-01307,Roasted Almond Chocolate Truffle Box,Choco Artisan,Almond,Hershey Falls Factory X,USA,Nordic Milk Co.,11554,10284,4.93,50700.12,33737.68,16962.44,1466,94.5
CHC-01308,Berry Burst Ruby Chocolate Pralines,Highland Cacao,Ruby,Amsterdam Factory I,Netherlands,Sunrise Vanilla Farms,9687,8615,6.32,54446.8,26832.99,27613.81,1361,91.7
CHC-01309,Vanilla Bean White Chocolate Truffle Box,Auric Chocolate,White,Guayaquil Factory Q,Ecuador,Sahara Nut Suppliers,1405,1163,3.63,4221.69,3372.0,849.69,448,92.1
CHC-01310,Tropical Mix Fruit & Nut Chocolate Drops,Velvet Cacao,Fruit & Nut,Portland Factory A,USA,Sahara Nut Suppliers,3265,3169,3.11,9855.59,4505.7,5349.89,131,93.7
CHC-01311,Bakers Classic Compound Chocolate Pralines,Northstar Confectionery,Compound,Cologne Factory F,Germany,Global Cocoa Partners,4511,4082,1.37,5592.34,3969.68,1622.66,491,85.7
CHC-01312,Citrus Ruby Chocolate Squares,TruffleWorks,Ruby,Cape Town Factory V,South Africa,EcoPack Solutions,3501,3222,6.68,21522.96,10117.89,11405.07,550,96.6
CHC-01313,Diabetic Friendly Sugar-Free Chocolate Chips (Baking),Cocoa Bloom,Sugar-Free,Cape Town Factory V,South Africa,Heritage Almond Growers,6197,5994,4.24,25414.56,12703.85,12710.71,482,93.5
CHC-01314,Lemon Zest White Chocolate Bar,Ivory & Cocoa,White,Amsterdam Factory I,Netherlands,Global Cocoa Partners,1924,1928,3.73,7191.44,2866.76,4324.68,166,82.5
CHC-01315,Almond Crunch Chocolate Drops,Maison Cacao,Almond,Zurich Factory E,Switzerland,Andes Bean Exporters,7499,6307,5.35,33742.45,26546.46,7195.99,1278,84.5
CHC-01316,Honeycomb Milk Chocolate Drops,Auric Chocolate,Milk,Munich Factory C,Germany,Sunrise Vanilla Farms,3909,2911,2.15,6258.65,3400.83,2857.82,1072,76.3
CHC-01317,Confectionery Grade Compound Chocolate Bar,Blue Ridge Chocolatiers,Compound,Melbourne Factory N,Australia,Sunrise Vanilla Farms,10995,8025,1.39,11154.75,7366.65,3788.1,3013,73.6
CHC-01318,Vanilla Bean White Chocolate Wafer Bar,Terra Cacao,White,Oaxaca Factory Z,Mexico,Andes Bean Exporters,2517,1979,4.29,8489.91,6821.07,1668.84,592,92.1
CHC-01319,Raspberry Swirl White Chocolate Gift Box,Pure Bloom Chocolatiers,White,Toronto Factory B,Canada,Andes Bean Exporters,6563,5694,4.02,22889.88,15094.9,7794.98,1070,91.5
CHC-01320,Organic Raw Cacao Chocolate Coated Nuts,Cacao Verde,Organic,Bordeaux Factory D,France,Sahara Nut Suppliers,5435,5076,5.5,27918.0,16196.3,11721.7,563,81.7
CHC-01321,Sea Salt Caramel Chocolate Wafer Bar,Ivory & Cocoa,Caramel,Lyon Factory G,France,Ivory Cocoa Traders,3863,3074,3.79,11650.46,7494.22,4156.24,996,91.8
CHC-01322,Honeycomb Milk Chocolate Filled Bar,Wildflower Cacao,Milk,Sao Paulo Factory P,Brazil,Andes Bean Exporters,5621,5515,2.69,14835.35,8712.55,6122.8,221,87.3
CHC-01323,Raisin & Almond Fruit & Nut Chocolate Filled Bar,Cacao Nomad,Fruit & Nut,Bristol Factory H,United Kingdom,Nordic Milk Co.,2753,2130,2.81,5985.3,3441.25,2544.05,716,77.3
CHC-01324,Classic Sugar-Free Chocolate Drops,Northstar Confectionery,Sugar-Free,Bordeaux Factory D,France,Meridian Cacao Exchange,3015,3135,5.15,16145.25,8442.0,7703.25,42,91.5
CHC-01325,Honeycomb Milk Chocolate Truffle Box,Terra Cacao,Milk,Portland Factory A,USA,Continental Sugar Corp,10551,8741,2.36,20628.76,16037.52,4591.24,1840,91.0
CHC-01326,Coconut White Chocolate Wafer Bar,Choco Artisan,White,Guadalajara Factory C,Mexico,Pacific Sugar Mills,2885,2613,4.23,11052.99,7818.35,3234.64,317,91.4
CHC-01327,Sea Salt Milk Chocolate Drops,Cacao & Co.,Milk,Dubai Factory W,UAE,Alpine Dairy Co.,3428,2515,2.58,6488.7,4730.64,1758.06,1209,82.4
CHC-01328,Raspberry Swirl White Chocolate Coated Nuts,Pure Bloom Chocolatiers,White,Cape Town Factory V,South Africa,EcoPack Solutions,2394,1935,3.31,6404.85,4381.02,2023.83,608,77.6
CHC-01329,Sea Salt Milk Chocolate Truffle Box,Cacao Nomad,Milk,Melbourne Factory N,Australia,Ivory Cocoa Traders,1660,1515,4.15,6287.25,3701.8,2585.45,360,90.2
CHC-01330,Praline Hazelnut Chocolate Chips (Baking),TruffleWorks,Hazelnut,Portland Factory A,USA,Nordic Milk Co.,1506,1194,3.51,4190.94,2906.58,1284.36,355,95.4
CHC-01331,Single Origin Dark Chocolate Drops,TruffleWorks,Dark,Lima Factory S,Peru,Heritage Almond Growers,2996,3157,4.67,14743.19,7999.32,6743.87,10,100.0
CHC-01332,Raisin & Almond Fruit & Nut Chocolate Gift Box,Noir Origins,Fruit & Nut,Hershey Falls Factory X,USA,Amazon Cacao Growers,6372,4877,3.47,16923.19,9366.84,7556.35,1685,73.4
CHC-01333,Organic Raw Cacao Chocolate Pralines,Golden Bean Co.,Organic,Bordeaux Factory D,France,Heritage Almond Growers,3232,2880,6.49,18691.2,9437.44,9253.76,495,84.5
CHC-01334,85% Extra Bold Dark Chocolate Coated Nuts,Blue Ridge Chocolatiers,Dark,Lyon Factory G,France,Coastal Coconut Co.,1472,1321,2.85,3764.85,1884.16,1880.69,352,94.3
CHC-01335,Organic Single Origin Chocolate Wafer Bar,Pure Bloom Chocolatiers,Organic,Oaxaca Factory Z,Mexico,Sunrise Vanilla Farms,724,673,7.39,4973.47,3373.84,1599.63,112,91.7
CHC-01336,Sea Salt Caramel Chocolate Chips (Baking),Rainforest Bloom,Caramel,Accra Factory T,Ghana,Global Cocoa Partners,4171,3413,3.53,12047.89,6840.44,5207.45,800,95.1
CHC-01337,Cranberry Walnut Fruit & Nut Chocolate Truffle Box,Cacao Nomad,Fruit & Nut,Lyon Factory G,France,Continental Sugar Corp,4311,3919,4.61,18066.59,9570.42,8496.17,652,78.6
CHC-01338,Almond Crunch Chocolate Coated Nuts,Wildflower Cacao,Almond,Amsterdam Factory I,Netherlands,Amazon Cacao Growers,12032,9956,3.86,38430.16,20093.44,18336.72,2202,79.0
CHC-01339,Roasted Almond Chocolate Gift Box,Whisk & Wonder,Almond,Melbourne Factory N,Australia,Global Cocoa Partners,1942,1809,5.47,9895.23,6253.24,3641.99,403,92.4
CHC-01340,Gianduja Style Hazelnut Chocolate Bar,Pure Bloom Chocolatiers,Hazelnut,Bordeaux Factory D,France,Amazon Cacao Growers,5863,4487,5.2,23332.4,20168.72,3163.68,1458,73.2
CHC-01341,Almond Crunch Chocolate Pralines,Amber Cacao Co.,Almond,Shanghai Factory L,China,Meridian Cacao Exchange,1635,1404,5.15,7230.6,4937.7,2292.9,431,84.0
CHC-01342,Espresso Infused Dark Chocolate Coated Nuts,TruffleWorks,Dark,Melbourne Factory N,Australia,Continental Sugar Corp,7262,7649,5.53,42298.97,21277.66,21021.31,10,76.4
CHC-01343,Gianduja Style Hazelnut Chocolate Drops,Wildflower Cacao,Hazelnut,Zurich Factory E,Switzerland,Andes Bean Exporters,4757,3648,5.6,20428.8,13272.03,7156.77,1173,88.6
CHC-01344,Lemon Zest White Chocolate Coated Nuts,Silk Route Chocolate,White,Turin Factory J,Italy,Amazon Cacao Growers,3668,2878,2.79,8029.62,6492.36,1537.26,1080,85.8
CHC-01345,Biscuit Milk Chocolate Gift Box,Bean & Bloom,Milk,Turin Factory J,Italy,Nordic Milk Co.,1451,1195,2.21,2640.95,2016.89,624.06,515,98.1
CHC-01346,Whole Hazelnut Chocolate Truffle Box,Noir Origins,Hazelnut,Cologne Factory F,Germany,Ivory Cocoa Traders,3979,4034,3.1,12505.4,5371.65,7133.75,76,85.7
CHC-01347,Cranberry Walnut Fruit & Nut Chocolate Bar,Pure Bloom Chocolatiers,Fruit & Nut,Amsterdam Factory I,Netherlands,Sunrise Vanilla Farms,3961,3443,4.7,16182.1,12120.66,4061.44,635,97.1
CHC-01348,Sea Salt Milk Chocolate Pralines,Copper Kettle Chocolate,Milk,Turin Factory J,Italy,Meridian Cacao Exchange,8406,8676,2.26,19607.76,10507.5,9100.26,10,89.9
CHC-01349,Coconut White Chocolate Drops,Cocoa Bloom,White,Oaxaca Factory Z,Mexico,Continental Sugar Corp,3914,3278,3.37,11046.86,7436.6,3610.26,861,85.2
CHC-01350,Tropical Mix Fruit & Nut Chocolate Gift Box,Copper Kettle Chocolate,Fruit & Nut,Hershey Falls Factory X,USA,Global Cocoa Partners,3382,2931,4.06,11899.86,8556.46,3343.4,696,77.4
CHC-01351,Espresso Infused Dark Chocolate Drops,Blue Ridge Chocolatiers,Dark,Zurich Factory E,Switzerland,Alpine Dairy Co.,3018,2323,2.51,5830.73,3832.86,1997.87,875,91.7
CHC-01352,Marzipan Style Almond Chocolate Coated Nuts,Ivory & Cocoa,Almond,Portland Factory A,USA,Continental Sugar Corp,5275,4546,4.46,20275.16,10497.25,9777.91,860,83.5
CHC-01353,Salted Butter Caramel Chocolate Wafer Bar,Ivory & Cocoa,Caramel,Pune Factory K,India,Sahara Nut Suppliers,12555,11487,3.97,45603.39,21845.7,23757.69,1322,100.0
CHC-01354,Lemon Zest White Chocolate Squares,Golden Bean Co.,White,Melbourne Factory N,Australia,Sunrise Vanilla Farms,2307,2089,3.1,6475.9,4360.23,2115.67,319,87.0
CHC-01355,Sea Salt Milk Chocolate Truffle Box,Ember & Oak,Milk,Turin Factory J,Italy,Ghana Bean Collective,13281,7431,3.68,27346.08,28554.15,-1208.07,6136,91.5
CHC-01356,Sea Salt Milk Chocolate Drops,Rainforest Bloom,Milk,Bern Factory B,Switzerland,Sahara Nut Suppliers,3851,3379,2.28,7704.12,5006.3,2697.82,560,92.5
CHC-01357,Single Origin Dark Chocolate Gift Box,Cacao Verde,Dark,Bern Factory B,Switzerland,Amazon Cacao Growers,5728,5292,5.6,29635.2,18444.16,11191.04,644,70.1
CHC-01358,Marzipan Style Almond Chocolate Truffle Box,Maison Cacao,Almond,Munich Factory C,Germany,Pacific Sugar Mills,3029,2419,4.76,11514.44,5876.26,5638.18,671,83.2
CHC-01359,Plant-Based Classic Vegan Dark Chocolate Coated Nuts,Velvet Cacao,Vegan Dark,Amsterdam Factory I,Netherlands,Ghana Bean Collective,1462,1268,6.43,8153.24,5687.18,2466.06,368,89.0
CHC-01360,Cranberry Walnut Fruit & Nut Chocolate Gift Box,Whisk & Wonder,Fruit & Nut,Turin Factory J,Italy,Coastal Coconut Co.,1939,1764,3.86,6809.04,3509.59,3299.45,200,91.1
CHC-01361,Almond Crunch Chocolate Filled Bar,Cacao Verde,Almond,Turin Factory J,Italy,Meridian Cacao Exchange,1484,1230,4.8,5904.0,3769.36,2134.64,462,87.3
CHC-01362,Bakers Classic Compound Chocolate Filled Bar,Amber Cacao Co.,Compound,Portland Factory A,USA,Continental Sugar Corp,1071,951,1.74,1654.74,813.96,840.78,304,98.2
CHC-01363,Stevia Sweetened Sugar-Free Chocolate Pralines,Velvet Cacao,Sugar-Free,Pune Factory K,India,Ghana Bean Collective,2041,1774,3.04,5392.96,3755.44,1637.52,446,94.7
CHC-01364,Tropical Mix Fruit & Nut Chocolate Gift Box,Amber Cacao Co.,Fruit & Nut,Dubai Factory W,UAE,Amazon Cacao Growers,2474,2358,4.21,9927.18,5467.54,4459.64,368,94.3
CHC-01365,Confectionery Grade Compound Chocolate Drops,Cacao Nomad,Compound,Medellin Factory R,Colombia,Pacific Sugar Mills,5751,4367,2.08,9083.36,7533.81,1549.55,1681,97.0
CHC-01366,Cranberry Walnut Fruit & Nut Chocolate Chips (Baking),Northstar Confectionery,Fruit & Nut,Osaka Factory M,Japan,Ivory Cocoa Traders,1787,1404,3.96,5559.84,3002.16,2557.68,624,78.0
CHC-01367,Tropical Mix Fruit & Nut Chocolate Chips (Baking),Amber Cacao Co.,Fruit & Nut,Turin Factory J,Italy,Nordic Milk Co.,5698,4936,3.71,18312.56,12136.74,6175.82,997,94.6
CHC-01368,Marzipan Style Almond Chocolate Truffle Box,Highland Cacao,Almond,Hershey Falls Factory X,USA,Sunrise Vanilla Farms,3221,2796,3.32,9282.72,4412.77,4869.95,590,86.7
CHC-01369,Classic Milk Chocolate Drops,Ember & Oak,Milk,Pune Factory K,India,Heritage Almond Growers,2082,1565,4.29,6713.85,3622.68,3091.17,777,78.0
CHC-01370,Espresso Infused Dark Chocolate Chips (Baking),Cacao & Co.,Dark,Melbourne Factory N,Australia,Pacific Sugar Mills,6956,6192,3.71,22972.32,15164.08,7808.24,1061,93.3
CHC-01371,Single Origin Dark Chocolate Squares,Blue Ridge Chocolatiers,Dark,Oaxaca Factory Z,Mexico,Global Cocoa Partners,2472,2063,3.84,7921.92,5364.24,2557.68,565,97.9
CHC-01372,Organic Fair-Trade Chocolate Squares,Terra Cacao,Organic,Lyon Factory G,France,Ghana Bean Collective,6102,5343,3.51,18753.93,14278.68,4475.25,1058,95.0
CHC-01373,Cranberry Walnut Fruit & Nut Chocolate Chips (Baking),Northstar Confectionery,Fruit & Nut,Bristol Factory H,United Kingdom,Sunrise Vanilla Farms,5729,6113,3.25,19867.25,11343.42,8523.83,10,92.3
CHC-01374,Marzipan Style Almond Chocolate Wafer Bar,TruffleWorks,Almond,Munich Factory C,Germany,Global Cocoa Partners,4098,4088,3.08,12591.04,6106.02,6485.02,293,85.3
CHC-01375,Bakers Classic Compound Chocolate Drops,TruffleWorks,Compound,Cologne Factory F,Germany,Sunrise Vanilla Farms,2057,1807,2.02,3650.14,2550.68,1099.46,516,100.0
CHC-01376,Bakers Classic Compound Chocolate Coated Nuts,Velvet Cacao,Compound,Turin Factory J,Italy,Continental Sugar Corp,828,764,2.1,1604.4,1068.12,536.28,110,92.4
CHC-01377,Classic Milk Chocolate Bar,Whisk & Wonder,Milk,Melbourne Factory N,Australia,Ghana Bean Collective,8039,7398,3.16,23377.68,13505.52,9872.16,842,85.5
CHC-01378,Whole Hazelnut Chocolate Squares,Cacao Verde,Hazelnut,Zurich Factory E,Switzerland,Ivory Cocoa Traders,5595,5049,5.98,30193.02,13483.95,16709.07,811,80.7
CHC-01379,Sea Salt Milk Chocolate Chips (Baking),Wildflower Cacao,Milk,Turin Factory J,Italy,Alpine Dairy Co.,5673,4932,3.7,18248.4,8849.88,9398.52,950,87.7
CHC-01380,Whole Hazelnut Chocolate Wafer Bar,TruffleWorks,Hazelnut,Turin Factory J,Italy,Coastal Coconut Co.,6443,5097,4.22,21509.34,17524.96,3984.38,1603,76.3
CHC-01381,Citrus Ruby Chocolate Coated Nuts,Noir Origins,Ruby,Lima Factory S,Peru,Heritage Almond Growers,3319,2439,7.77,18951.03,11583.31,7367.72,900,94.7
CHC-01382,Almond Crunch Chocolate Drops,Sunset Grove Chocolate,Almond,Bordeaux Factory D,France,Coastal Coconut Co.,4109,4520,4.68,21153.6,11669.56,9484.04,10,95.1
CHC-01383,70% Intense Dark Chocolate Filled Bar,Auric Chocolate,Dark,Turin Factory J,Italy,Nordic Milk Co.,2469,1627,3.38,5499.26,3580.05,1919.21,1006,85.9
CHC-01384,85% Extra Bold Dark Chocolate Chips (Baking),Terra Cacao,Dark,Pune Factory K,India,Sunrise Vanilla Farms,19536,16814,6.27,105423.78,63687.36,41736.42,2898,77.5
CHC-01385,Classic Milk Chocolate Squares,Cacao Nomad,Milk,Accra Factory T,Ghana,Heritage Almond Growers,9160,7201,4.23,30460.23,15755.2,14705.03,2142,83.3
CHC-01386,Oat Milk Blend Vegan Dark Chocolate Drops,TruffleWorks,Vegan Dark,Guadalajara Factory C,Mexico,Ghana Bean Collective,4452,4542,3.47,15760.74,8369.76,7390.98,199,100.0
CHC-01387,Praline Hazelnut Chocolate Coated Nuts,Cacao Verde,Hazelnut,Osaka Factory M,Japan,Nordic Milk Co.,4885,4451,5.34,23768.34,17341.75,6426.59,641,99.3
CHC-01388,70% Intense Dark Chocolate Filled Bar,Choco Artisan,Dark,Lyon Factory G,France,Heritage Almond Growers,3982,4114,6.34,26082.76,10273.56,15809.2,14,92.6
CHC-01389,Berry Burst Ruby Chocolate Bar,Copper Kettle Chocolate,Ruby,Shanghai Factory L,China,TerraFair Trade Beans,4342,2908,4.65,13522.2,11766.82,1755.38,1507,99.4
CHC-01390,Espresso Infused Dark Chocolate Bar,Cacao Nomad,Dark,Osaka Factory M,Japan,Alpine Dairy Co.,3309,3053,5.75,17554.75,9695.37,7859.38,481,95.0
CHC-01391,Single Origin Dark Chocolate Wafer Bar,Cocoa Bloom,Dark,Accra Factory T,Ghana,EcoPack Solutions,3032,2512,4.11,10324.32,7974.16,2350.16,595,84.9
CHC-01392,Organic Single Origin Chocolate Wafer Bar,Wildflower Cacao,Organic,Bern Factory B,Switzerland,Alpine Dairy Co.,9127,7940,6.56,52086.4,28658.78,23427.62,1280,83.2
CHC-01393,Bakers Classic Compound Chocolate Wafer Bar,Velvet Cacao,Compound,Jakarta Factory O,Indonesia,EcoPack Solutions,9112,7674,1.28,9822.72,7562.96,2259.76,1676,93.0
CHC-01394,Citrus Ruby Chocolate Squares,Bean & Bloom,Ruby,Munich Factory C,Germany,Alpine Dairy Co.,3346,2882,7.66,22076.12,15558.9,6517.22,530,96.3
CHC-01395,Espresso Infused Dark Chocolate Squares,Amber Cacao Co.,Dark,Shanghai Factory L,China,Andes Bean Exporters,2038,2070,6.25,12937.5,7031.1,5906.4,69,73.2
CHC-01396,Roasted Almond Chocolate Truffle Box,Wildflower Cacao,Almond,Shanghai Factory L,China,Amazon Cacao Growers,2873,2031,3.64,7392.84,5315.05,2077.79,1000,88.3
CHC-01397,85% Extra Bold Dark Chocolate Filled Bar,Highland Cacao,Dark,Bordeaux Factory D,France,Meridian Cacao Exchange,2843,2224,3.61,8028.64,5657.57,2371.07,898,81.1
CHC-01398,Sea Salt Milk Chocolate Coated Nuts,Cacao Nomad,Milk,Pune Factory K,India,Continental Sugar Corp,6908,5023,2.36,11854.28,6908.0,4946.28,1912,75.2
CHC-01399,Single Origin Dark Chocolate Coated Nuts,Rainforest Bloom,Dark,Oaxaca Factory Z,Mexico,Heritage Almond Growers,4332,3933,4.39,17265.87,9660.36,7605.51,421,83.5
CHC-01400,Tropical Mix Fruit & Nut Chocolate Drops,Noir Origins,Fruit & Nut,Munich Factory C,Germany,Coastal Coconut Co.,4094,4225,3.84,16224.0,7655.78,8568.22,127,88.4
CHC-01401,Berry Burst Ruby Chocolate Wafer Bar,Noir Origins,Ruby,Antwerp Factory A,Belgium,Nordic Milk Co.,3882,2651,6.85,18159.35,16964.34,1195.01,1505,90.1
CHC-01402,Plant-Based Classic Vegan Dark Chocolate Filled Bar,Terra Cacao,Vegan Dark,Lyon Factory G,France,Alpine Dairy Co.,4780,4540,4.13,18750.2,10133.6,8616.6,531,89.2
CHC-01403,Bakers Classic Compound Chocolate Pralines,Wildflower Cacao,Compound,Dubai Factory W,UAE,Continental Sugar Corp,938,819,2.02,1654.38,1097.46,556.92,265,92.5
CHC-01404,Lemon Zest White Chocolate Gift Box,Amber Cacao Co.,White,Lima Factory S,Peru,Ivory Cocoa Traders,3092,2966,4.16,12338.56,6153.08,6185.48,284,85.4
CHC-01405,Raspberry Swirl White Chocolate Gift Box,Cacao Verde,White,Oaxaca Factory Z,Mexico,Sunrise Vanilla Farms,16396,12988,2.81,36496.28,30988.44,5507.84,3443,80.3
CHC-01406,Oat Milk Blend Vegan Dark Chocolate Truffle Box,Pure Bloom Chocolatiers,Vegan Dark,Melbourne Factory N,Australia,Nordic Milk Co.,9859,8820,5.26,46393.2,28689.69,17703.51,1311,100.0
CHC-01407,Tropical Mix Fruit & Nut Chocolate Truffle Box,Golden Bean Co.,Fruit & Nut,Bristol Factory H,United Kingdom,Ghana Bean Collective,5157,4753,4.59,21816.27,15264.72,6551.55,613,100.0
CHC-01408,Espresso Infused Dark Chocolate Pralines,Golden Bean Co.,Dark,Cologne Factory F,Germany,Pacific Sugar Mills,1367,1370,4.13,5658.1,3403.83,2254.27,33,79.7
CHC-01409,Bakers Classic Compound Chocolate Drops,Sunset Grove Chocolate,Compound,Lima Factory S,Peru,Continental Sugar Corp,5255,5081,2.04,10365.24,4361.65,6003.59,358,81.0
CHC-01410,Sea Salt Caramel Chocolate Gift Box,Cacao Verde,Caramel,Sao Paulo Factory P,Brazil,Continental Sugar Corp,1475,1378,4.2,5787.6,3466.25,2321.35,331,79.2
CHC-01411,Stevia Sweetened Sugar-Free Chocolate Coated Nuts,Rainforest Bloom,Sugar-Free,Cape Town Factory V,South Africa,Continental Sugar Corp,4358,3563,5.91,21057.33,10677.1,10380.23,1021,88.6
CHC-01412,Organic Single Origin Chocolate Pralines,Highland Cacao,Organic,Lyon Factory G,France,TerraFair Trade Beans,1913,1550,6.32,9796.0,8206.77,1589.23,581,87.9
CHC-01413,Diabetic Friendly Sugar-Free Chocolate Squares,Cocoa Bloom,Sugar-Free,Sao Paulo Factory P,Brazil,Ivory Cocoa Traders,7164,6131,5.36,32862.16,16190.64,16671.52,1084,82.3
CHC-01414,Salted Butter Caramel Chocolate Truffle Box,Northstar Confectionery,Caramel,Turin Factory J,Italy,Heritage Almond Growers,6926,6618,3.31,21905.58,14613.86,7291.72,406,89.1
CHC-01415,Classic Sugar-Free Chocolate Drops,Maison Cacao,Sugar-Free,Cape Town Factory V,South Africa,Coastal Coconut Co.,3984,3201,4.72,15108.72,11673.12,3435.6,947,89.8
CHC-01416,Value Pack Compound Chocolate Squares,Golden Bean Co.,Compound,Shanghai Factory L,China,Sahara Nut Suppliers,2251,1969,1.51,2973.19,1418.13,1555.06,496,91.4
CHC-01417,Classic Milk Chocolate Pralines,Pure Bloom Chocolatiers,Milk,Bristol Factory H,United Kingdom,Coastal Coconut Co.,2804,2296,3.75,8610.0,4626.6,3983.4,767,87.8
CHC-01418,Coconut White Chocolate Pralines,Wildflower Cacao,White,Montreal Factory Y,Canada,Heritage Almond Growers,3505,2788,3.43,9562.84,8061.5,1501.34,974,84.8
CHC-01419,Plant-Based Classic Vegan Dark Chocolate Truffle Box,Bean & Bloom,Vegan Dark,Bordeaux Factory D,France,Pacific Sugar Mills,6496,5774,3.86,22287.64,14291.2,7996.44,777,88.5
CHC-01420,85% Extra Bold Dark Chocolate Gift Box,Ember & Oak,Dark,Antwerp Factory A,Belgium,Heritage Almond Growers,3654,3635,5.88,21373.8,9354.24,12019.56,263,74.0
CHC-01421,Stevia Sweetened Sugar-Free Chocolate Truffle Box,Cacao Nomad,Sugar-Free,Jakarta Factory O,Indonesia,Heritage Almond Growers,5234,4307,5.37,23128.59,12404.58,10724.01,962,86.1
CHC-01422,Confectionery Grade Compound Chocolate Drops,Pure Bloom Chocolatiers,Compound,Bristol Factory H,United Kingdom,Sahara Nut Suppliers,22136,18848,1.42,26764.16,12838.88,13925.28,3506,75.3
CHC-01423,Honeycomb Milk Chocolate Gift Box,Cacao & Co.,Milk,Osaka Factory M,Japan,EcoPack Solutions,6590,4887,2.07,10116.09,8567.0,1549.09,1917,89.7
CHC-01424,Organic Single Origin Chocolate Coated Nuts,Wildflower Cacao,Organic,Guayaquil Factory Q,Ecuador,Coastal Coconut Co.,1230,1011,3.82,3862.02,2742.9,1119.12,421,91.2
CHC-01425,Sea Salt Milk Chocolate Drops,Rainforest Bloom,Milk,Bern Factory B,Switzerland,Sahara Nut Suppliers,4653,4017,3.46,13898.82,9212.94,4685.88,807,87.8
CHC-01426,Cranberry Walnut Fruit & Nut Chocolate Gift Box,Bean & Bloom,Fruit & Nut,Cape Town Factory V,South Africa,Alpine Dairy Co.,12062,11633,4.07,47346.31,20505.4,26840.91,644,86.2
CHC-01427,Coconut Sugar Vegan Dark Chocolate Pralines,Rainforest Bloom,Vegan Dark,Cologne Factory F,Germany,Sahara Nut Suppliers,420,393,3.67,1442.31,655.2,787.11,246,100.0
CHC-01428,Lemon Zest White Chocolate Coated Nuts,Copper Kettle Chocolate,White,Cape Town Factory V,South Africa,Sahara Nut Suppliers,1624,1469,2.37,3481.53,1867.6,1613.93,285,98.0
CHC-01429,Coconut White Chocolate Wafer Bar,Choco Artisan,White,Guadalajara Factory C,Mexico,Amazon Cacao Growers,3397,3110,3.49,10853.9,6726.06,4127.84,521,96.5
CHC-01430,Single Origin Dark Chocolate Chips (Baking),Maison Cacao,Dark,Abidjan Factory U,Cote d'Ivoire,Heritage Almond Growers,3192,2918,3.27,9541.86,5905.2,3636.66,392,88.8
CHC-01431,Single Origin Dark Chocolate Truffle Box,Noir Origins,Dark,Guadalajara Factory C,Mexico,Andes Bean Exporters,2146,1946,2.85,5546.1,2789.8,2756.3,414,94.6
CHC-01432,Roasted Almond Chocolate Filled Bar,Bean & Bloom,Almond,Shanghai Factory L,China,Pacific Sugar Mills,5668,5167,4.03,20823.01,12582.96,8240.05,794,87.0
CHC-01433,Sea Salt Milk Chocolate Chips (Baking),Sunset Grove Chocolate,Milk,Bruges Factory D,Belgium,Global Cocoa Partners,2890,3163,4.31,13632.53,7485.1,6147.43,10,94.2
CHC-01434,Classic Milk Chocolate Drops,Terra Cacao,Milk,Amsterdam Factory I,Netherlands,Heritage Almond Growers,1853,1629,3.75,6108.75,4354.55,1754.2,339,75.5
CHC-01435,85% Extra Bold Dark Chocolate Pralines,Rainforest Bloom,Dark,Montreal Factory Y,Canada,Continental Sugar Corp,5640,4779,2.78,13285.62,8290.8,4994.82,1159,92.1
CHC-01436,Sea Salt Caramel Chocolate Squares,Choco Artisan,Caramel,Accra Factory T,Ghana,Andes Bean Exporters,6312,6056,4.05,24526.8,13823.28,10703.52,527,76.7
CHC-01437,Almond Crunch Chocolate Pralines,Highland Cacao,Almond,Sao Paulo Factory P,Brazil,Continental Sugar Corp,8474,6218,4.97,30903.46,24913.56,5989.9,2481,88.2
CHC-01438,Tropical Mix Fruit & Nut Chocolate Filled Bar,Terra Cacao,Fruit & Nut,Turin Factory J,Italy,Ivory Cocoa Traders,3482,3570,4.72,16850.4,10724.56,6125.84,152,89.9
CHC-01439,Tropical Mix Fruit & Nut Chocolate Drops,Whisk & Wonder,Fruit & Nut,Lyon Factory G,France,Ivory Cocoa Traders,5145,5118,5.33,27278.94,16000.95,11277.99,225,98.1
CHC-01440,Sea Salt Milk Chocolate Truffle Box,Northstar Confectionery,Milk,Lyon Factory G,France,Alpine Dairy Co.,5306,4462,2.18,9727.16,6154.96,3572.2,910,87.2
CHC-01441,Organic Fair-Trade Chocolate Squares,Bean & Bloom,Organic,Lyon Factory G,France,Coastal Coconut Co.,1660,1319,4.78,6304.82,5212.4,1092.42,493,83.7
CHC-01442,Salted Butter Caramel Chocolate Bar,Golden Bean Co.,Caramel,Guayaquil Factory Q,Ecuador,Nordic Milk Co.,5331,3303,3.48,11494.44,8209.74,3284.7,2125,92.2
CHC-01443,Plant-Based Classic Vegan Dark Chocolate Drops,Cacao Verde,Vegan Dark,Zurich Factory E,Switzerland,Pacific Sugar Mills,2730,2088,5.56,11609.28,8135.4,3473.88,823,93.6
CHC-01444,Sea Salt Milk Chocolate Chips (Baking),TruffleWorks,Milk,Lima Factory S,Peru,Nordic Milk Co.,4495,3688,3.9,14383.2,8360.7,6022.5,870,90.6
CHC-01445,Confectionery Grade Compound Chocolate Filled Bar,Terra Cacao,Compound,Guayaquil Factory Q,Ecuador,Nordic Milk Co.,2268,2152,1.39,2991.28,2131.92,859.36,398,85.7
CHC-01446,70% Intense Dark Chocolate Filled Bar,Northstar Confectionery,Dark,Montreal Factory Y,Canada,Nordic Milk Co.,6365,5385,5.63,30317.55,17694.7,12622.85,1187,92.1
CHC-01447,Vanilla Bean White Chocolate Drops,Whisk & Wonder,White,Cape Town Factory V,South Africa,TerraFair Trade Beans,6430,4294,4.34,18635.96,11252.5,7383.46,2361,80.5
CHC-01448,Sea Salt Caramel Chocolate Chips (Baking),Cacao & Co.,Caramel,Antwerp Factory A,Belgium,Coastal Coconut Co.,3457,3396,3.04,10323.84,5323.78,5000.06,237,88.5
CHC-01449,Berry Burst Ruby Chocolate Squares,Cacao Verde,Ruby,Bordeaux Factory D,France,Pacific Sugar Mills,9515,7491,7.44,55733.04,30352.85,25380.19,2061,83.8
CHC-01450,Marzipan Style Almond Chocolate Chips (Baking),Cocoa Bloom,Almond,Osaka Factory M,Japan,Alpine Dairy Co.,870,883,4.15,3664.45,1879.2,1785.25,21,93.9
CHC-01451,Tropical Mix Fruit & Nut Chocolate Squares,Rainforest Bloom,Fruit & Nut,Jakarta Factory O,Indonesia,Alpine Dairy Co.,1383,998,4.85,4840.3,2987.28,1853.02,419,82.2
CHC-01452,Value Pack Compound Chocolate Drops,Ivory & Cocoa,Compound,Cape Town Factory V,South Africa,Heritage Almond Growers,2754,2572,1.99,5118.28,2478.6,2639.68,460,97.6
CHC-01453,Honeycomb Milk Chocolate Coated Nuts,Highland Cacao,Milk,Munich Factory C,Germany,Amazon Cacao Growers,4624,3542,4.12,14593.04,8230.72,6362.32,1167,99.6
CHC-01454,Classic Milk Chocolate Bar,Copper Kettle Chocolate,Milk,Melbourne Factory N,Australia,Nordic Milk Co.,1534,1341,2.75,3687.75,2285.66,1402.09,326,88.4
CHC-01455,Tropical Mix Fruit & Nut Chocolate Truffle Box,Whisk & Wonder,Fruit & Nut,Melbourne Factory N,Australia,Pacific Sugar Mills,9221,8331,3.61,30074.91,18442.0,11632.91,1125,79.2
CHC-01456,Espresso Infused Dark Chocolate Wafer Bar,Ember & Oak,Dark,Munich Factory C,Germany,Continental Sugar Corp,6125,4736,4.86,23016.96,18803.75,4213.21,1413,91.4
CHC-01457,Gianduja Style Hazelnut Chocolate Filled Bar,Highland Cacao,Hazelnut,Accra Factory T,Ghana,Ivory Cocoa Traders,6522,5539,3.72,20605.08,13826.64,6778.44,1100,85.5
CHC-01458,Classic Sugar-Free Chocolate Wafer Bar,Blue Ridge Chocolatiers,Sugar-Free,Guadalajara Factory C,Mexico,Sahara Nut Suppliers,3680,3076,5.46,16794.96,13027.2,3767.76,706,88.9
CHC-01459,Roasted Almond Chocolate Drops,Ember & Oak,Almond,Pune Factory K,India,Sahara Nut Suppliers,1809,1510,4.85,7323.5,4359.69,2963.81,445,91.8
CHC-01460,Sea Salt Caramel Chocolate Gift Box,Cacao Nomad,Caramel,Abidjan Factory U,Cote d'Ivoire,Global Cocoa Partners,1602,1426,3.86,5504.36,3091.86,2412.5,197,91.8
CHC-01461,Classic Sugar-Free Chocolate Bar,Bean & Bloom,Sugar-Free,Cologne Factory F,Germany,TerraFair Trade Beans,2334,1692,5.93,10033.56,6325.14,3708.42,893,90.4
CHC-01462,Coconut White Chocolate Coated Nuts,Choco Artisan,White,Guayaquil Factory Q,Ecuador,Amazon Cacao Growers,5986,5117,3.74,19137.58,11732.56,7405.02,1122,76.2
CHC-01463,Sea Salt Milk Chocolate Pralines,TruffleWorks,Milk,Sao Paulo Factory P,Brazil,TerraFair Trade Beans,806,823,2.48,2041.04,951.08,1089.96,254,88.4
CHC-01464,Espresso Infused Dark Chocolate Truffle Box,Cocoa Bloom,Dark,Bern Factory B,Switzerland,EcoPack Solutions,2192,2085,5.03,10487.55,4471.68,6015.87,236,82.5
CHC-01465,Gianduja Style Hazelnut Chocolate Truffle Box,Pure Bloom Chocolatiers,Hazelnut,Medellin Factory R,Colombia,Sahara Nut Suppliers,17619,15908,3.07,48837.56,26076.12,22761.44,1894,90.7
CHC-01466,Value Pack Compound Chocolate Gift Box,TruffleWorks,Compound,Lyon Factory G,France,Alpine Dairy Co.,5256,4518,1.29,5828.22,2943.36,2884.86,901,69.1
CHC-01467,Gianduja Style Hazelnut Chocolate Squares,Maison Cacao,Hazelnut,Medellin Factory R,Colombia,Meridian Cacao Exchange,3510,3443,4.66,16044.38,9301.5,6742.88,304,81.2
CHC-01468,Soft Caramel Core Chocolate Truffle Box,Velvet Cacao,Caramel,Bristol Factory H,United Kingdom,Ghana Bean Collective,1381,1167,4.01,4679.67,3010.58,1669.09,447,83.6
CHC-01469,Soft Caramel Core Chocolate Drops,Cacao & Co.,Caramel,Osaka Factory M,Japan,Nordic Milk Co.,6889,5353,3.27,17504.31,9231.26,8273.05,1570,76.3
CHC-01470,Classic Milk Chocolate Drops,Choco Artisan,Milk,Cologne Factory F,Germany,Sunrise Vanilla Farms,902,644,2.22,1429.68,1001.22,428.46,290,89.7
CHC-01471,Lemon Zest White Chocolate Wafer Bar,Sunset Grove Chocolate,White,Amsterdam Factory I,Netherlands,Ghana Bean Collective,4595,4526,2.01,9097.26,4457.15,4640.11,289,92.6
CHC-01472,Honeycomb Milk Chocolate Truffle Box,Auric Chocolate,Milk,Melbourne Factory N,Australia,Heritage Almond Growers,3709,3028,4.19,12687.32,9903.03,2784.29,812,93.1
CHC-01473,Marzipan Style Almond Chocolate Coated Nuts,Pure Bloom Chocolatiers,Almond,Amsterdam Factory I,Netherlands,TerraFair Trade Beans,6355,5993,5.07,30384.51,15506.2,14878.31,597,86.3
CHC-01474,Tropical Mix Fruit & Nut Chocolate Truffle Box,Ivory & Cocoa,Fruit & Nut,Hershey Falls Factory X,USA,Sunrise Vanilla Farms,6564,7010,4.84,33928.4,19035.6,14892.8,10,83.7
CHC-01475,Biscuit Milk Chocolate Drops,Terra Cacao,Milk,Bruges Factory D,Belgium,Ghana Bean Collective,2123,1705,2.35,4006.75,3142.04,864.71,653,96.1
CHC-01476,Organic Raw Cacao Chocolate Gift Box,Highland Cacao,Organic,Hershey Falls Factory X,USA,Coastal Coconut Co.,9192,9026,4.25,38360.5,19211.28,19149.22,357,83.2
CHC-01477,85% Extra Bold Dark Chocolate Truffle Box,Sunset Grove Chocolate,Dark,Dubai Factory W,UAE,Ghana Bean Collective,3017,2600,3.09,8034.0,5973.66,2060.34,506,99.7
CHC-01478,Cranberry Walnut Fruit & Nut Chocolate Squares,Pure Bloom Chocolatiers,Fruit & Nut,Shanghai Factory L,China,Nordic Milk Co.,2725,2674,2.94,7861.56,5123.0,2738.56,207,93.5
CHC-01479,Sea Salt Milk Chocolate Coated Nuts,Pure Bloom Chocolatiers,Milk,Accra Factory T,Ghana,Coastal Coconut Co.,4231,2949,3.86,11383.14,6727.29,4655.85,1530,85.3
CHC-01480,Classic Milk Chocolate Gift Box,Bean & Bloom,Milk,Zurich Factory E,Switzerland,Andes Bean Exporters,5205,5350,4.4,23540.0,14678.1,8861.9,24,97.9
CHC-01481,Cranberry Walnut Fruit & Nut Chocolate Truffle Box,Ember & Oak,Fruit & Nut,Medellin Factory R,Colombia,Continental Sugar Corp,7455,6460,3.4,21964.0,10287.9,11676.1,1021,96.7
CHC-01482,85% Extra Bold Dark Chocolate Wafer Bar,Golden Bean Co.,Dark,Lima Factory S,Peru,Continental Sugar Corp,5513,4008,3.55,14228.4,13176.07,1052.33,1657,74.6
CHC-01483,Gianduja Style Hazelnut Chocolate Squares,Copper Kettle Chocolate,Hazelnut,Abidjan Factory U,Cote d'Ivoire,Sunrise Vanilla Farms,2412,2653,4.5,11938.5,5306.4,6632.1,10,88.8
CHC-01484,Almond Crunch Chocolate Truffle Box,Cocoa Bloom,Almond,Hershey Falls Factory X,USA,Sunrise Vanilla Farms,4733,4116,5.3,21814.8,15334.92,6479.88,766,86.0
CHC-01485,Espresso Infused Dark Chocolate Drops,Maison Cacao,Dark,Cologne Factory F,Germany,Amazon Cacao Growers,1937,1578,2.5,3945.0,2595.58,1349.42,489,86.7
CHC-01486,Classic Sugar-Free Chocolate Bar,Bean & Bloom,Sugar-Free,Montreal Factory Y,Canada,Continental Sugar Corp,15104,14626,3.16,46218.16,31567.36,14650.8,726,100.0
CHC-01487,Original Ruby Chocolate Filled Bar,Pure Bloom Chocolatiers,Ruby,Abidjan Factory U,Cote d'Ivoire,EcoPack Solutions,999,1029,5.9,6071.1,2517.48,3553.62,10,97.0
CHC-01488,Coconut White Chocolate Squares,Cacao & Co.,White,Cape Town Factory V,South Africa,Alpine Dairy Co.,2761,2499,4.05,10120.95,6957.72,3163.23,372,100.0
CHC-01489,Classic Milk Chocolate Chips (Baking),Auric Chocolate,Milk,Bordeaux Factory D,France,Meridian Cacao Exchange,5879,5635,2.11,11889.85,6408.11,5481.74,502,95.5
CHC-01490,Confectionery Grade Compound Chocolate Truffle Box,Velvet Cacao,Compound,Oaxaca Factory Z,Mexico,Ivory Cocoa Traders,14643,11799,1.4,16518.6,8639.37,7879.23,3043,88.4
CHC-01491,Organic Raw Cacao Chocolate Pralines,Amber Cacao Co.,Organic,Bruges Factory D,Belgium,Heritage Almond Growers,1526,1255,6.19,7768.45,4654.3,3114.15,351,83.1
CHC-01492,Bakers Classic Compound Chocolate Filled Bar,Silk Route Chocolate,Compound,Guayaquil Factory Q,Ecuador,Global Cocoa Partners,6603,7167,1.71,12255.57,4622.1,7633.47,10,92.1
CHC-01493,Bakers Classic Compound Chocolate Wafer Bar,Cacao Nomad,Compound,Bern Factory B,Switzerland,Coastal Coconut Co.,4123,4029,1.36,5479.44,3380.86,2098.58,220,93.2
CHC-01494,Cranberry Walnut Fruit & Nut Chocolate Pralines,Cacao & Co.,Fruit & Nut,Antwerp Factory A,Belgium,Ghana Bean Collective,6152,6185,5.46,33770.1,16733.44,17036.66,64,87.2
CHC-01495,Sea Salt Caramel Chocolate Drops,Wildflower Cacao,Caramel,Accra Factory T,Ghana,Sunrise Vanilla Farms,6385,5625,3.2,18000.0,11301.45,6698.55,917,85.5
CHC-01496,Sea Salt Caramel Chocolate Wafer Bar,Bean & Bloom,Caramel,Cape Town Factory V,South Africa,EcoPack Solutions,2570,2376,3.45,8197.2,4548.9,3648.3,433,94.2
CHC-01497,Roasted Almond Chocolate Pralines,Golden Bean Co.,Almond,Accra Factory T,Ghana,Amazon Cacao Growers,1622,1130,2.89,3265.7,2076.16,1189.54,681,89.3
CHC-01498,Organic Fair-Trade Chocolate Pralines,Wildflower Cacao,Organic,Toronto Factory B,Canada,Sunrise Vanilla Farms,7430,6930,4.57,31670.1,18203.5,13466.6,655,100.0
CHC-01499,Organic Single Origin Chocolate Squares,Ivory & Cocoa,Organic,Shanghai Factory L,China,Alpine Dairy Co.,5970,5485,3.63,19910.55,13014.6,6895.95,540,84.9
CHC-01500,Praline Hazelnut Chocolate Drops,Ivory & Cocoa,Hazelnut,Melbourne Factory N,Australia,Global Cocoa Partners,8450,6578,3.94,25917.32,16393.0,9524.32,2166,93.1
