SaleID,Date,ProductID,ProductName,Region,Country,Channel,QuantitySold,UnitPrice,RevenueUSD
SALE-000001,2025-11-21,CHC-00400,Bakers Classic Compound Chocolate Pralines,Middle East & Africa,South Africa,Direct-to-Consumer,13,2.5,32.5
SALE-000002,2025-08-27,CHC-00153,Honeycomb Milk Chocolate Truffle Box,Latin America,Brazil,E-Commerce,24,3.17,76.08
SALE-000003,2026-04-21,CHC-00120,Oat Milk Blend Vegan Dark Chocolate Gift Box,Europe,France,Direct-to-Consumer,30,6.28,188.4
SALE-000004,2026-05-04,CHC-00437,Biscuit Milk Chocolate Truffle Box,North America,USA,Direct-to-Consumer,11,2.7,29.7
SALE-000005,2026-05-11,CHC-01049,Lemon Zest White Chocolate Squares,Europe,Italy,Wholesale Distributor,3,2.65,7.95
SALE-000006,2026-03-16,CHC-00190,70% Intense Dark Chocolate Gift Box,Europe,France,Wholesale Distributor,11,2.83,31.13
SALE-000007,2025-09-08,CHC-00079,Classic Milk Chocolate Coated Nuts,Europe,France,Wholesale Distributor,47,3.9,183.3
SALE-000008,2026-04-10,CHC-01436,Sea Salt Caramel Chocolate Squares,Middle East & Africa,Ghana,E-Commerce,3,4.05,12.15
SALE-000009,2026-07-09,CHC-00025,85% Extra Bold Dark Chocolate Wafer Bar,Latin America,Ecuador,Wholesale Distributor,63,3.2,201.6
SALE-000010,2026-06-10,CHC-01047,Praline Hazelnut Chocolate Squares,Latin America,Colombia,Duty-Free,5,4.61,23.05
SALE-000011,2025-12-14,CHC-00027,Diabetic Friendly Sugar-Free Chocolate Chips (Baking),Middle East & Africa,UAE,Duty-Free,18,3.81,68.58
SALE-000012,2026-01-07,CHC-00385,Berry Burst Ruby Chocolate Gift Box,Asia Pacific,Japan,Duty-Free,16,5.27,84.32
SALE-000013,2026-02-02,CHC-00642,Sea Salt Milk Chocolate Squares,Latin America,Brazil,Wholesale Distributor,55,2.41,132.55
SALE-000014,2026-03-21,CHC-00548,Sea Salt Milk Chocolate Coated Nuts,Middle East & Africa,UAE,Retail Store,48,3.79,181.92
SALE-000015,2026-01-29,CHC-01377,Classic Milk Chocolate Bar,Asia Pacific,Australia,Duty-Free,31,3.16,97.96
SALE-000016,2026-01-13,CHC-00834,Classic Sugar-Free Chocolate Wafer Bar,Asia Pacific,Japan,Duty-Free,10,5.81,58.1
SALE-000017,2025-12-29,CHC-00377,Espresso Infused Dark Chocolate Squares,Europe,Belgium,Direct-to-Consumer,20,2.75,55.0
SALE-000018,2025-12-14,CHC-00502,Single Origin Dark Chocolate Gift Box,North America,Mexico,Retail Store,22,3.18,69.96
SALE-000019,2026-04-01,CHC-00130,Praline Hazelnut Chocolate Gift Box,North America,Mexico,Direct-to-Consumer,15,3.04,45.6
SALE-000020,2025-11-11,CHC-00875,Raisin & Almond Fruit & Nut Chocolate Chips (Baking),Middle East & Africa,Cote d'Ivoire,Direct-to-Consumer,14,3.4,47.6
SALE-000021,2025-12-06,CHC-00131,Coconut White Chocolate Drops,North America,Canada,Duty-Free,21,2.68,56.28
SALE-000022,2025-10-09,CHC-00015,85% Extra Bold Dark Chocolate Filled Bar,Asia Pacific,Japan,Retail Store,51,5.24,267.24
SALE-000023,2026-03-19,CHC-01128,Honeycomb Milk Chocolate Gift Box,Latin America,Brazil,Retail Store,41,2.21,90.61
SALE-000024,2026-04-17,CHC-00321,Stevia Sweetened Sugar-Free Chocolate Chips (Baking),Asia Pacific,India,E-Commerce,32,3.91,125.12
SALE-000025,2026-01-07,CHC-00855,Coconut Sugar Vegan Dark Chocolate Gift Box,Europe,Switzerland,Direct-to-Consumer,18,3.48,62.64
SALE-000026,2025-09-25,CHC-01224,Berry Burst Ruby Chocolate Truffle Box,North America,USA,Duty-Free,15,6.28,94.2
SALE-000027,2026-07-07,CHC-00667,Espresso Infused Dark Chocolate Gift Box,Middle East & Africa,Ghana,E-Commerce,20,3.55,71.0
SALE-000028,2026-04-04,CHC-00089,Marzipan Style Almond Chocolate Drops,Europe,Switzerland,Wholesale Distributor,17,3.35,56.95
SALE-000029,2025-10-21,CHC-01114,Classic Milk Chocolate Pralines,Latin America,Ecuador,E-Commerce,23,3.38,77.74
SALE-000030,2025-12-28,CHC-01243,Diabetic Friendly Sugar-Free Chocolate Squares,Latin America,Peru,Duty-Free,17,5.23,88.91
SALE-000031,2026-05-26,CHC-00126,Almond Crunch Chocolate Bar,Latin America,Ecuador,E-Commerce,14,2.85,39.9
SALE-000032,2025-12-28,CHC-00705,Whole Hazelnut Chocolate Drops,Europe,Belgium,Wholesale Distributor,232,4.29,995.28
SALE-000033,2026-04-02,CHC-01406,Oat Milk Blend Vegan Dark Chocolate Truffle Box,Asia Pacific,Australia,E-Commerce,20,5.26,105.2
SALE-000034,2025-12-16,CHC-01139,Coconut White Chocolate Filled Bar,North America,USA,Wholesale Distributor,2,3.02,6.04
SALE-000035,2026-06-26,CHC-01299,Organic Fair-Trade Chocolate Gift Box,North America,Canada,Retail Store,14,6.39,89.46
SALE-000036,2025-09-22,CHC-00515,Coconut White Chocolate Wafer Bar,Asia Pacific,Australia,Wholesale Distributor,15,3.83,57.45
SALE-000037,2026-01-21,CHC-01014,Organic Raw Cacao Chocolate Chips (Baking),Europe,Netherlands,Duty-Free,74,5.47,404.78
SALE-000038,2026-04-28,CHC-01380,Whole Hazelnut Chocolate Wafer Bar,Europe,Italy,Wholesale Distributor,39,4.22,164.58
SALE-000039,2026-05-11,CHC-00101,Biscuit Milk Chocolate Gift Box,Europe,Belgium,Retail Store,50,4.33,216.5
SALE-000040,2026-05-10,CHC-01016,Honeycomb Milk Chocolate Pralines,Europe,Netherlands,Retail Store,13,2.03,26.39
SALE-000041,2026-01-31,CHC-01004,Cranberry Walnut Fruit & Nut Chocolate Squares,North America,Mexico,Retail Store,29,4.05,117.45
SALE-000042,2026-02-13,CHC-00428,Whole Hazelnut Chocolate Wafer Bar,Europe,Switzerland,E-Commerce,4,5.77,23.08
SALE-000043,2025-09-04,CHC-01392,Organic Single Origin Chocolate Wafer Bar,Europe,Switzerland,E-Commerce,21,6.56,137.76
SALE-000044,2026-07-01,CHC-00117,Sea Salt Caramel Chocolate Filled Bar,Asia Pacific,Indonesia,Duty-Free,2,3.94,7.88
SALE-000045,2026-07-14,CHC-01189,Citrus Ruby Chocolate Gift Box,Europe,United Kingdom,Wholesale Distributor,10,6.96,69.6
SALE-000046,2025-08-07,CHC-01043,Almond Crunch Chocolate Chips (Baking),Middle East & Africa,South Africa,Wholesale Distributor,49,3.56,174.44
SALE-000047,2026-01-04,CHC-01250,Organic Single Origin Chocolate Bar,Middle East & Africa,Cote d'Ivoire,Retail Store,15,3.77,56.55
SALE-000048,2025-12-28,CHC-01327,Sea Salt Milk Chocolate Drops,Middle East & Africa,UAE,Duty-Free,9,2.58,23.22
SALE-000049,2025-10-28,CHC-00898,Single Origin Dark Chocolate Coated Nuts,Europe,Italy,Direct-to-Consumer,27,5.78,156.06
SALE-000050,2026-05-13,CHC-00216,Raspberry Swirl White Chocolate Bar,North America,Mexico,Wholesale Distributor,102,3.09,315.18
SALE-000051,2025-11-13,CHC-01246,Bakers Classic Compound Chocolate Wafer Bar,Middle East & Africa,Ghana,Retail Store,26,1.86,48.36
SALE-000052,2025-08-20,CHC-00310,Coconut White Chocolate Pralines,Middle East & Africa,UAE,Retail Store,42,3.79,159.18
SALE-000053,2025-08-10,CHC-00702,Gianduja Style Hazelnut Chocolate Drops,Europe,France,Duty-Free,21,4.68,98.28
SALE-000054,2026-01-07,CHC-00683,Praline Hazelnut Chocolate Filled Bar,Europe,France,E-Commerce,21,3.03,63.63
SALE-000055,2026-06-26,CHC-00322,Espresso Infused Dark Chocolate Gift Box,Europe,France,Retail Store,31,4.06,125.86
SALE-000056,2026-07-05,CHC-00192,Salted Butter Caramel Chocolate Drops,Middle East & Africa,Cote d'Ivoire,Wholesale Distributor,59,3.88,228.92
SALE-000057,2026-03-04,CHC-01496,Sea Salt Caramel Chocolate Wafer Bar,Middle East & Africa,South Africa,Retail Store,13,3.45,44.85
SALE-000058,2025-11-09,CHC-00335,Soft Caramel Core Chocolate Drops,Europe,Switzerland,Duty-Free,15,4.37,65.55
SALE-000059,2026-04-04,CHC-00037,Value Pack Compound Chocolate Gift Box,Latin America,Peru,Retail Store,123,2.24,275.52
SALE-000060,2026-01-08,CHC-00141,70% Intense Dark Chocolate Coated Nuts,Middle East & Africa,South Africa,Duty-Free,132,4.64,612.48
SALE-000061,2026-03-01,CHC-00422,Biscuit Milk Chocolate Squares,Europe,France,Duty-Free,34,2.07,70.38
SALE-000062,2025-08-20,CHC-00551,Stevia Sweetened Sugar-Free Chocolate Pralines,Middle East & Africa,South Africa,Wholesale Distributor,33,4.31,142.23
SALE-000063,2026-01-19,CHC-01426,Cranberry Walnut Fruit & Nut Chocolate Gift Box,Middle East & Africa,South Africa,Wholesale Distributor,15,4.07,61.05
SALE-000064,2025-10-25,CHC-00326,Roasted Almond Chocolate Chips (Baking),Middle East & Africa,Ghana,Duty-Free,10,3.81,38.1
SALE-000065,2026-01-22,CHC-00177,Berry Burst Ruby Chocolate Coated Nuts,North America,Canada,E-Commerce,8,7.95,63.6
SALE-000066,2025-10-28,CHC-00757,Raisin & Almond Fruit & Nut Chocolate Drops,Middle East & Africa,Cote d'Ivoire,E-Commerce,26,2.99,77.74
SALE-000067,2026-05-01,CHC-00343,Tropical Mix Fruit & Nut Chocolate Wafer Bar,Latin America,Brazil,Direct-to-Consumer,23,3.42,78.66
SALE-000068,2026-05-24,CHC-01117,Salted Butter Caramel Chocolate Truffle Box,Europe,Italy,Wholesale Distributor,52,3.79,197.08
SALE-000069,2025-10-24,CHC-00927,Soft Caramel Core Chocolate Drops,Europe,Switzerland,Retail Store,26,4.37,113.62
SALE-000070,2025-11-03,CHC-00820,Stevia Sweetened Sugar-Free Chocolate Drops,Asia Pacific,Australia,Wholesale Distributor,51,4.74,241.74
SALE-000071,2025-09-28,CHC-00939,70% Intense Dark Chocolate Drops,North America,Mexico,Wholesale Distributor,4,4.56,18.24
SALE-000072,2026-02-27,CHC-00726,Sea Salt Caramel Chocolate Pralines,Europe,France,Direct-to-Consumer,87,3.13,272.31
SALE-000073,2026-02-24,CHC-01360,Cranberry Walnut Fruit & Nut Chocolate Gift Box,Europe,Italy,Retail Store,186,3.86,717.96
SALE-000074,2025-11-09,CHC-00518,Single Origin Dark Chocolate Squares,Asia Pacific,Indonesia,Duty-Free,171,4.74,810.54
SALE-000075,2025-10-23,CHC-00937,Citrus Ruby Chocolate Gift Box,Latin America,Ecuador,Wholesale Distributor,19,5.0,95.0
SALE-000076,2026-01-25,CHC-00514,Classic Milk Chocolate Filled Bar,Asia Pacific,Indonesia,Wholesale Distributor,17,4.01,68.17
SALE-000077,2025-09-13,CHC-00703,Classic Milk Chocolate Gift Box,Europe,Switzerland,Duty-Free,9,2.23,20.07
SALE-000078,2026-02-26,CHC-01223,70% Intense Dark Chocolate Pralines,Middle East & Africa,South Africa,Duty-Free,7,6.11,42.77
SALE-000079,2026-07-12,CHC-00193,Lemon Zest White Chocolate Gift Box,Europe,France,E-Commerce,33,4.21,138.93
SALE-000080,2025-11-23,CHC-01397,85% Extra Bold Dark Chocolate Filled Bar,Europe,France,Direct-to-Consumer,39,3.61,140.79
SALE-000081,2025-12-25,CHC-01329,Sea Salt Milk Chocolate Truffle Box,Asia Pacific,Australia,Duty-Free,6,4.15,24.9
SALE-000082,2026-03-26,CHC-00247,Oat Milk Blend Vegan Dark Chocolate Bar,Asia Pacific,Indonesia,Duty-Free,5,6.24,31.2
SALE-000083,2025-09-27,CHC-00308,Espresso Infused Dark Chocolate Drops,Asia Pacific,India,E-Commerce,44,3.07,135.08
SALE-000084,2026-01-19,CHC-00954,Whole Hazelnut Chocolate Wafer Bar,Asia Pacific,China,E-Commerce,28,3.67,102.76
SALE-000085,2025-08-14,CHC-01450,Marzipan Style Almond Chocolate Chips (Baking),Asia Pacific,Japan,Direct-to-Consumer,34,4.15,141.1
SALE-000086,2025-10-15,CHC-00141,70% Intense Dark Chocolate Coated Nuts,Middle East & Africa,South Africa,Retail Store,21,4.64,97.44
SALE-000087,2025-12-26,CHC-00600,Diabetic Friendly Sugar-Free Chocolate Pralines,Middle East & Africa,South Africa,Wholesale Distributor,9,5.21,46.89
SALE-000088,2026-04-27,CHC-01420,85% Extra Bold Dark Chocolate Gift Box,Europe,Belgium,Direct-to-Consumer,50,5.88,294.0
SALE-000089,2025-10-31,CHC-01095,Classic Sugar-Free Chocolate Chips (Baking),Europe,Switzerland,E-Commerce,35,5.13,179.55
SALE-000090,2026-01-30,CHC-00016,Classic Milk Chocolate Coated Nuts,Europe,Netherlands,Retail Store,69,2.74,189.06
SALE-000091,2026-05-25,CHC-01019,Roasted Almond Chocolate Drops,Asia Pacific,Japan,Duty-Free,5,3.86,19.3
SALE-000092,2025-10-04,CHC-00561,70% Intense Dark Chocolate Drops,Europe,Belgium,E-Commerce,30,3.09,92.7
SALE-000093,2025-12-13,CHC-00887,Praline Hazelnut Chocolate Coated Nuts,Europe,France,E-Commerce,11,4.64,51.04
SALE-000094,2025-12-28,CHC-01349,Coconut White Chocolate Drops,North America,Mexico,Duty-Free,19,3.37,64.03
SALE-000095,2025-12-07,CHC-01303,Almond Crunch Chocolate Gift Box,Europe,France,Direct-to-Consumer,20,5.0,100.0
SALE-000096,2026-07-31,CHC-00543,85% Extra Bold Dark Chocolate Drops,Middle East & Africa,South Africa,Wholesale Distributor,49,4.17,204.33
SALE-000097,2026-06-07,CHC-01101,Whole Hazelnut Chocolate Coated Nuts,Europe,Germany,E-Commerce,44,3.53,155.32
SALE-000098,2025-09-07,CHC-00084,Roasted Almond Chocolate Squares,Latin America,Brazil,Wholesale Distributor,15,5.14,77.1
SALE-000099,2026-07-22,CHC-00878,Almond Crunch Chocolate Bar,Europe,Germany,Direct-to-Consumer,39,4.08,159.12
SALE-000100,2026-01-18,CHC-01456,Espresso Infused Dark Chocolate Wafer Bar,Europe,Germany,Retail Store,5,4.86,24.3
SALE-000101,2026-01-18,CHC-00185,Vanilla Bean White Chocolate Coated Nuts,North America,Canada,Duty-Free,13,4.47,58.11
SALE-000102,2025-12-05,CHC-00333,Salted Butter Caramel Chocolate Wafer Bar,Europe,France,Wholesale Distributor,29,4.82,139.78
SALE-000103,2026-05-19,CHC-00168,Original Ruby Chocolate Drops,Asia Pacific,India,Duty-Free,22,4.59,100.98
SALE-000104,2026-05-20,CHC-01065,Vanilla Bean White Chocolate Gift Box,North America,USA,Direct-to-Consumer,46,2.88,132.48
SALE-000105,2025-09-06,CHC-00295,70% Intense Dark Chocolate Bar,Asia Pacific,India,Wholesale Distributor,16,3.07,49.12
SALE-000106,2026-02-11,CHC-00741,Coconut White Chocolate Gift Box,Latin America,Colombia,Retail Store,8,4.06,32.48
SALE-000107,2025-10-05,CHC-00667,Espresso Infused Dark Chocolate Gift Box,Middle East & Africa,Ghana,Wholesale Distributor,67,3.55,237.85
SALE-000108,2025-12-05,CHC-00927,Soft Caramel Core Chocolate Drops,Europe,Switzerland,Retail Store,75,4.37,327.75
SALE-000109,2025-08-18,CHC-00447,Espresso Infused Dark Chocolate Gift Box,Asia Pacific,Australia,Duty-Free,20,5.31,106.2
SALE-000110,2025-08-07,CHC-00632,Honeycomb Milk Chocolate Bar,North America,Mexico,Direct-to-Consumer,29,4.02,116.58
SALE-000111,2025-11-12,CHC-00244,Organic Raw Cacao Chocolate Gift Box,Europe,Belgium,E-Commerce,36,5.02,180.72
SALE-000112,2026-07-20,CHC-01231,Citrus Ruby Chocolate Drops,North America,Mexico,Retail Store,191,7.58,1447.78
SALE-000113,2026-05-01,CHC-00464,Raspberry Swirl White Chocolate Squares,Europe,Germany,Wholesale Distributor,59,3.61,212.99
SALE-000114,2025-10-01,CHC-01475,Biscuit Milk Chocolate Drops,Europe,Belgium,Retail Store,13,2.35,30.55
SALE-000115,2026-04-17,CHC-00482,Single Origin Dark Chocolate Filled Bar,North America,Mexico,Retail Store,94,4.41,414.54
SALE-000116,2026-07-22,CHC-01039,Honeycomb Milk Chocolate Truffle Box,Middle East & Africa,Cote d'Ivoire,Duty-Free,27,3.61,97.47
SALE-000117,2026-01-19,CHC-00749,Whole Hazelnut Chocolate Wafer Bar,Middle East & Africa,South Africa,Retail Store,42,4.39,184.38
SALE-000118,2026-05-20,CHC-00332,Whole Hazelnut Chocolate Bar,Middle East & Africa,Ghana,Direct-to-Consumer,52,3.7,192.4
SALE-000119,2025-09-06,CHC-00233,Roasted Almond Chocolate Filled Bar,North America,Mexico,Retail Store,20,3.98,79.6
SALE-000120,2026-06-27,CHC-01150,Oat Milk Blend Vegan Dark Chocolate Gift Box,Europe,Belgium,Direct-to-Consumer,51,5.15,262.65
SALE-000121,2025-10-28,CHC-01201,85% Extra Bold Dark Chocolate Gift Box,Europe,Belgium,Retail Store,6,4.63,27.78
SALE-000122,2025-12-03,CHC-01360,Cranberry Walnut Fruit & Nut Chocolate Gift Box,Europe,Italy,E-Commerce,29,3.86,111.94
SALE-000123,2026-02-15,CHC-00709,Single Origin Dark Chocolate Filled Bar,Asia Pacific,China,Retail Store,46,2.86,131.56
SALE-000124,2026-01-05,CHC-00080,Honeycomb Milk Chocolate Bar,Latin America,Brazil,Duty-Free,125,3.31,413.75
SALE-000125,2025-10-07,CHC-00670,85% Extra Bold Dark Chocolate Coated Nuts,Middle East & Africa,Ghana,Retail Store,22,2.71,59.62
SALE-000126,2025-10-11,CHC-00148,85% Extra Bold Dark Chocolate Wafer Bar,Europe,Belgium,Duty-Free,49,3.26,159.74
SALE-000127,2026-01-08,CHC-00132,Roasted Almond Chocolate Pralines,Asia Pacific,Japan,E-Commerce,22,5.19,114.18
SALE-000128,2026-07-01,CHC-00990,Value Pack Compound Chocolate Pralines,North America,USA,Wholesale Distributor,59,1.61,94.99
SALE-000129,2025-10-30,CHC-00660,Honeycomb Milk Chocolate Filled Bar,Asia Pacific,China,Duty-Free,11,4.09,44.99
SALE-000130,2026-05-30,CHC-01296,Value Pack Compound Chocolate Chips (Baking),Europe,Belgium,Wholesale Distributor,12,1.42,17.04
SALE-000131,2026-04-02,CHC-00446,Tropical Mix Fruit & Nut Chocolate Gift Box,Middle East & Africa,Ghana,E-Commerce,35,3.48,121.8
SALE-000132,2026-05-25,CHC-00506,Gianduja Style Hazelnut Chocolate Filled Bar,Asia Pacific,China,Direct-to-Consumer,43,4.07,175.01
SALE-000133,2026-03-10,CHC-00295,70% Intense Dark Chocolate Bar,Asia Pacific,India,Duty-Free,66,3.07,202.62
SALE-000134,2025-10-25,CHC-01338,Almond Crunch Chocolate Coated Nuts,Europe,Netherlands,E-Commerce,24,3.86,92.64
SALE-000135,2025-12-02,CHC-00209,Berry Burst Ruby Chocolate Pralines,Europe,Switzerland,E-Commerce,7,6.13,42.91
SALE-000136,2026-02-22,CHC-00773,70% Intense Dark Chocolate Squares,Middle East & Africa,South Africa,Direct-to-Consumer,72,4.73,340.56
SALE-000137,2026-05-10,CHC-00908,Espresso Infused Dark Chocolate Bar,Europe,Netherlands,Retail Store,17,6.05,102.85
SALE-000138,2026-07-10,CHC-00747,Cranberry Walnut Fruit & Nut Chocolate Drops,Middle East & Africa,Cote d'Ivoire,Wholesale Distributor,67,5.36,359.12
SALE-000139,2026-03-12,CHC-00726,Sea Salt Caramel Chocolate Pralines,Europe,France,Wholesale Distributor,79,3.13,247.27
SALE-000140,2026-04-02,CHC-01071,Bakers Classic Compound Chocolate Bar,Asia Pacific,Indonesia,Direct-to-Consumer,24,1.97,47.28
SALE-000141,2026-02-15,CHC-00234,Coconut Sugar Vegan Dark Chocolate Drops,North America,USA,Duty-Free,32,6.03,192.96
SALE-000142,2026-06-30,CHC-01109,Soft Caramel Core Chocolate Truffle Box,Asia Pacific,Japan,Retail Store,20,4.26,85.2
SALE-000143,2025-09-25,CHC-01466,Value Pack Compound Chocolate Gift Box,Europe,France,Retail Store,81,1.29,104.49
SALE-000144,2026-08-01,CHC-00635,Espresso Infused Dark Chocolate Drops,North America,Canada,Direct-to-Consumer,37,4.29,158.73
SALE-000145,2026-04-23,CHC-00323,Sea Salt Caramel Chocolate Filled Bar,Latin America,Peru,E-Commerce,11,3.34,36.74
SALE-000146,2026-07-18,CHC-00056,Honeycomb Milk Chocolate Bar,Europe,Germany,Direct-to-Consumer,261,3.2,835.2
SALE-000147,2026-02-06,CHC-01358,Marzipan Style Almond Chocolate Truffle Box,Europe,Germany,Retail Store,14,4.76,66.64
SALE-000148,2026-07-03,CHC-00415,Tropical Mix Fruit & Nut Chocolate Filled Bar,Europe,Germany,Duty-Free,31,5.12,158.72
SALE-000149,2026-03-04,CHC-00575,Berry Burst Ruby Chocolate Wafer Bar,North America,USA,Direct-to-Consumer,14,4.44,62.16
SALE-000150,2025-08-12,CHC-01088,Praline Hazelnut Chocolate Wafer Bar,North America,Canada,E-Commerce,63,3.28,206.64
SALE-000151,2026-02-19,CHC-00835,70% Intense Dark Chocolate Bar,Middle East & Africa,Cote d'Ivoire,E-Commerce,51,2.61,133.11
SALE-000152,2025-08-04,CHC-00349,70% Intense Dark Chocolate Truffle Box,Europe,Switzerland,E-Commerce,7,3.15,22.05
SALE-000153,2025-10-11,CHC-01316,Honeycomb Milk Chocolate Drops,Europe,Germany,Wholesale Distributor,51,2.15,109.65
SALE-000154,2026-01-06,CHC-01348,Sea Salt Milk Chocolate Pralines,Europe,Italy,Duty-Free,110,2.26,248.6
SALE-000155,2025-12-31,CHC-00592,Honeycomb Milk Chocolate Drops,Europe,Switzerland,Duty-Free,18,2.97,53.46
SALE-000156,2026-07-11,CHC-00598,Confectionery Grade Compound Chocolate Bar,Latin America,Ecuador,Duty-Free,12,1.72,20.64
SALE-000157,2025-10-27,CHC-01215,Sea Salt Caramel Chocolate Squares,Latin America,Brazil,E-Commerce,20,4.59,91.8
SALE-000158,2026-07-18,CHC-00113,Biscuit Milk Chocolate Gift Box,Europe,Germany,Retail Store,50,3.98,199.0
SALE-000159,2026-01-04,CHC-00453,Gianduja Style Hazelnut Chocolate Squares,North America,USA,Duty-Free,11,5.73,63.03
SALE-000160,2025-10-24,CHC-01424,Organic Single Origin Chocolate Coated Nuts,Latin America,Ecuador,Direct-to-Consumer,47,3.82,179.54
SALE-000161,2025-09-16,CHC-01155,Confectionery Grade Compound Chocolate Chips (Baking),Latin America,Colombia,Retail Store,7,1.26,8.82
SALE-000162,2025-10-05,CHC-00308,Espresso Infused Dark Chocolate Drops,Asia Pacific,India,E-Commerce,18,3.07,55.26
SALE-000163,2026-03-03,CHC-00146,Stevia Sweetened Sugar-Free Chocolate Filled Bar,Europe,Germany,Direct-to-Consumer,52,4.47,232.44
SALE-000164,2026-06-15,CHC-01359,Plant-Based Classic Vegan Dark Chocolate Coated Nuts,Europe,Netherlands,E-Commerce,13,6.43,83.59
SALE-000165,2025-12-30,CHC-00202,Marzipan Style Almond Chocolate Gift Box,Middle East & Africa,Cote d'Ivoire,Direct-to-Consumer,84,3.26,273.84
SALE-000166,2026-06-11,CHC-00371,Soft Caramel Core Chocolate Pralines,Asia Pacific,India,Wholesale Distributor,51,4.76,242.76
SALE-000167,2025-11-08,CHC-01301,Raisin & Almond Fruit & Nut Chocolate Filled Bar,Europe,Germany,Retail Store,49,3.94,193.06
SALE-000168,2026-02-04,CHC-00928,Raspberry Swirl White Chocolate Filled Bar,Europe,Germany,Duty-Free,8,2.65,21.2
SALE-000169,2025-12-03,CHC-00971,Cranberry Walnut Fruit & Nut Chocolate Truffle Box,North America,Canada,Wholesale Distributor,20,3.51,70.2
SALE-000170,2025-08-28,CHC-01230,Sea Salt Milk Chocolate Chips (Baking),Latin America,Brazil,Wholesale Distributor,20,2.11,42.2
SALE-000171,2025-10-08,CHC-01362,Bakers Classic Compound Chocolate Filled Bar,North America,USA,E-Commerce,107,1.74,186.18
SALE-000172,2026-06-25,CHC-00215,Organic Raw Cacao Chocolate Pralines,Middle East & Africa,South Africa,Duty-Free,10,4.44,44.4
SALE-000173,2025-08-24,CHC-01183,Raisin & Almond Fruit & Nut Chocolate Pralines,Asia Pacific,India,Retail Store,10,3.88,38.8
SALE-000174,2025-12-31,CHC-00547,Original Ruby Chocolate Chips (Baking),Latin America,Brazil,Wholesale Distributor,13,7.03,91.39
SALE-000175,2025-09-27,CHC-00524,Sea Salt Milk Chocolate Truffle Box,Asia Pacific,Japan,Wholesale Distributor,88,3.09,271.92
SALE-000176,2025-09-23,CHC-00595,Single Origin Dark Chocolate Gift Box,Europe,Germany,E-Commerce,9,6.28,56.52
SALE-000177,2026-02-09,CHC-01286,Espresso Infused Dark Chocolate Drops,Latin America,Ecuador,Wholesale Distributor,13,5.28,68.64
SALE-000178,2025-12-14,CHC-00773,70% Intense Dark Chocolate Squares,Middle East & Africa,South Africa,Retail Store,3,4.73,14.19
SALE-000179,2026-05-08,CHC-00160,Marzipan Style Almond Chocolate Filled Bar,Latin America,Ecuador,Retail Store,47,3.27,153.69
SALE-000180,2025-09-30,CHC-01010,85% Extra Bold Dark Chocolate Filled Bar,North America,Mexico,Wholesale Distributor,30,5.75,172.5
SALE-000181,2026-07-01,CHC-00981,Classic Milk Chocolate Truffle Box,Europe,Switzerland,E-Commerce,20,4.49,89.8
SALE-000182,2026-01-17,CHC-00511,Soft Caramel Core Chocolate Coated Nuts,Latin America,Ecuador,Retail Store,18,3.92,70.56
SALE-000183,2025-12-18,CHC-00889,Whole Hazelnut Chocolate Gift Box,Latin America,Ecuador,Wholesale Distributor,34,5.53,188.02
SALE-000184,2026-02-12,CHC-00729,Roasted Almond Chocolate Gift Box,Asia Pacific,India,Duty-Free,15,4.28,64.2
SALE-000185,2025-09-03,CHC-01187,Classic Milk Chocolate Bar,Europe,Switzerland,Retail Store,15,3.38,50.7
SALE-000186,2026-03-08,CHC-00791,Single Origin Dark Chocolate Bar,Europe,United Kingdom,Retail Store,42,4.66,195.72
SALE-000187,2025-12-03,CHC-01030,70% Intense Dark Chocolate Wafer Bar,Middle East & Africa,UAE,Duty-Free,31,5.95,184.45
SALE-000188,2026-01-29,CHC-00638,Raisin & Almond Fruit & Nut Chocolate Truffle Box,North America,USA,E-Commerce,47,3.63,170.61
SALE-000189,2026-02-21,CHC-00114,Whole Hazelnut Chocolate Drops,Europe,Germany,Direct-to-Consumer,13,3.01,39.13
SALE-000190,2025-10-27,CHC-01101,Whole Hazelnut Chocolate Coated Nuts,Europe,Germany,Duty-Free,66,3.53,232.98
SALE-000191,2025-11-30,CHC-00252,70% Intense Dark Chocolate Drops,Europe,France,Retail Store,17,4.98,84.66
SALE-000192,2026-02-25,CHC-01089,Sea Salt Caramel Chocolate Filled Bar,Middle East & Africa,South Africa,Duty-Free,19,4.97,94.43
SALE-000193,2025-08-15,CHC-00894,Organic Raw Cacao Chocolate Squares,Europe,Italy,Wholesale Distributor,34,6.75,229.5
SALE-000194,2026-04-05,CHC-00122,Single Origin Dark Chocolate Truffle Box,Europe,Belgium,Duty-Free,76,5.22,396.72
SALE-000195,2025-12-26,CHC-00435,Honeycomb Milk Chocolate Truffle Box,Europe,France,E-Commerce,25,3.93,98.25
SALE-000196,2025-10-02,CHC-01102,85% Extra Bold Dark Chocolate Filled Bar,Europe,France,Direct-to-Consumer,38,6.22,236.36
SALE-000197,2026-01-15,CHC-00568,Classic Milk Chocolate Filled Bar,Europe,France,Retail Store,13,4.16,54.08
SALE-000198,2026-01-09,CHC-00403,Sea Salt Caramel Chocolate Chips (Baking),Europe,France,E-Commerce,5,4.74,23.7
SALE-000199,2026-02-12,CHC-01133,Stevia Sweetened Sugar-Free Chocolate Drops,Europe,United Kingdom,Duty-Free,7,5.01,35.07
SALE-000200,2026-04-02,CHC-00116,Almond Crunch Chocolate Bar,Europe,Italy,Retail Store,17,5.44,92.48
SALE-000201,2025-11-26,CHC-01179,Single Origin Dark Chocolate Filled Bar,Europe,France,Wholesale Distributor,36,4.41,158.76
SALE-000202,2025-10-02,CHC-00047,Espresso Infused Dark Chocolate Bar,Middle East & Africa,Cote d'Ivoire,Direct-to-Consumer,7,5.32,37.24
SALE-000203,2026-07-03,CHC-01385,Classic Milk Chocolate Squares,Middle East & Africa,Ghana,Duty-Free,12,4.23,50.76
SALE-000204,2025-12-29,CHC-01351,Espresso Infused Dark Chocolate Drops,Europe,Switzerland,Retail Store,31,2.51,77.81
SALE-000205,2026-07-12,CHC-00805,Single Origin Dark Chocolate Chips (Baking),Europe,France,Direct-to-Consumer,60,5.09,305.4
SALE-000206,2026-02-05,CHC-00236,Lemon Zest White Chocolate Coated Nuts,Europe,Netherlands,Wholesale Distributor,15,3.92,58.8
SALE-000207,2025-08-27,CHC-00623,Organic Fair-Trade Chocolate Squares,Europe,United Kingdom,Retail Store,26,3.65,94.9
SALE-000208,2026-03-24,CHC-00080,Honeycomb Milk Chocolate Bar,Latin America,Brazil,Retail Store,47,3.31,155.57
SALE-000209,2026-07-11,CHC-00418,Biscuit Milk Chocolate Coated Nuts,North America,USA,E-Commerce,72,2.56,184.32
SALE-000210,2025-10-24,CHC-01217,Roasted Almond Chocolate Truffle Box,North America,Canada,Direct-to-Consumer,3,5.47,16.41
SALE-000211,2026-06-20,CHC-00011,Biscuit Milk Chocolate Bar,Europe,France,E-Commerce,15,2.92,43.8
SALE-000212,2025-09-17,CHC-00362,Whole Hazelnut Chocolate Pralines,Europe,Germany,Wholesale Distributor,17,5.45,92.65
SALE-000213,2025-08-27,CHC-00387,Original Ruby Chocolate Bar,Europe,Belgium,Retail Store,18,5.0,90.0
SALE-000214,2026-07-18,CHC-00010,70% Intense Dark Chocolate Gift Box,Europe,Belgium,Direct-to-Consumer,318,3.29,1046.22
SALE-000215,2025-12-29,CHC-00829,Sea Salt Milk Chocolate Coated Nuts,Latin America,Peru,Direct-to-Consumer,70,2.02,141.4
SALE-000216,2025-11-27,CHC-00027,Diabetic Friendly Sugar-Free Chocolate Chips (Baking),Middle East & Africa,UAE,Duty-Free,25,3.81,95.25
SALE-000217,2025-09-29,CHC-00191,Classic Sugar-Free Chocolate Filled Bar,North America,USA,E-Commerce,70,4.22,295.4
SALE-000218,2025-12-25,CHC-00040,Confectionery Grade Compound Chocolate Coated Nuts,Europe,Germany,Wholesale Distributor,145,2.32,336.4
SALE-000219,2026-05-14,CHC-00335,Soft Caramel Core Chocolate Drops,Europe,Switzerland,Duty-Free,31,4.37,135.47
SALE-000220,2026-02-12,CHC-00144,Roasted Almond Chocolate Pralines,Middle East & Africa,Ghana,Direct-to-Consumer,123,3.96,487.08
SALE-000221,2025-09-28,CHC-00363,Espresso Infused Dark Chocolate Filled Bar,Asia Pacific,India,Direct-to-Consumer,16,3.28,52.48
SALE-000222,2026-04-16,CHC-01289,Honeycomb Milk Chocolate Squares,Middle East & Africa,Ghana,Retail Store,154,3.42,526.68
SALE-000223,2026-04-08,CHC-00795,Organic Single Origin Chocolate Coated Nuts,North America,Mexico,E-Commerce,53,6.4,339.2
SALE-000224,2026-04-11,CHC-01234,70% Intense Dark Chocolate Coated Nuts,Middle East & Africa,UAE,E-Commerce,14,4.77,66.78
SALE-000225,2026-02-24,CHC-00111,Bakers Classic Compound Chocolate Wafer Bar,Asia Pacific,China,Duty-Free,5,1.87,9.35
SALE-000226,2025-12-05,CHC-00355,Raspberry Swirl White Chocolate Pralines,Europe,Netherlands,Wholesale Distributor,16,2.61,41.76
SALE-000227,2025-09-07,CHC-01311,Bakers Classic Compound Chocolate Pralines,Europe,Germany,Wholesale Distributor,86,1.37,117.82
SALE-000228,2026-05-19,CHC-01203,Whole Hazelnut Chocolate Bar,Europe,Switzerland,Direct-to-Consumer,5,4.94,24.7
SALE-000229,2026-01-19,CHC-01213,Praline Hazelnut Chocolate Wafer Bar,Europe,Switzerland,Direct-to-Consumer,27,3.96,106.92
SALE-000230,2025-08-23,CHC-00447,Espresso Infused Dark Chocolate Gift Box,Asia Pacific,Australia,Duty-Free,113,5.31,600.03
SALE-000231,2025-12-25,CHC-01045,Almond Crunch Chocolate Coated Nuts,Latin America,Brazil,Retail Store,64,3.41,218.24
SALE-000232,2026-02-21,CHC-00880,Single Origin Dark Chocolate Squares,Europe,Switzerland,Duty-Free,102,5.26,536.52
SALE-000233,2026-02-12,CHC-00394,Classic Milk Chocolate Bar,Europe,Netherlands,Retail Store,16,4.35,69.6
SALE-000234,2026-06-09,CHC-00598,Confectionery Grade Compound Chocolate Bar,Latin America,Ecuador,Duty-Free,10,1.72,17.2
SALE-000235,2026-02-10,CHC-00973,Organic Raw Cacao Chocolate Gift Box,North America,USA,Direct-to-Consumer,76,4.27,324.52
SALE-000236,2026-03-15,CHC-00937,Citrus Ruby Chocolate Gift Box,Latin America,Ecuador,Wholesale Distributor,16,5.0,80.0
SALE-000237,2026-02-09,CHC-00522,Biscuit Milk Chocolate Chips (Baking),Asia Pacific,Australia,E-Commerce,39,3.4,132.6
SALE-000238,2026-02-12,CHC-00715,70% Intense Dark Chocolate Pralines,North America,USA,E-Commerce,91,5.92,538.72
SALE-000239,2025-12-30,CHC-00397,Original Ruby Chocolate Chips (Baking),North America,USA,Retail Store,13,7.28,94.64
SALE-000240,2026-06-02,CHC-01209,Value Pack Compound Chocolate Truffle Box,North America,USA,Duty-Free,16,1.24,19.84
SALE-000241,2026-06-16,CHC-01435,85% Extra Bold Dark Chocolate Pralines,North America,Canada,E-Commerce,39,2.78,108.42
SALE-000242,2025-12-01,CHC-00440,Cranberry Walnut Fruit & Nut Chocolate Truffle Box,Europe,Germany,Retail Store,9,4.92,44.28
SALE-000243,2026-02-12,CHC-01134,Classic Sugar-Free Chocolate Truffle Box,Middle East & Africa,South Africa,Wholesale Distributor,77,5.71,439.67
SALE-000244,2025-10-02,CHC-00392,Confectionery Grade Compound Chocolate Coated Nuts,North America,Canada,Retail Store,7,2.1,14.7
SALE-000245,2025-10-22,CHC-00376,Vanilla Bean White Chocolate Filled Bar,Latin America,Peru,Direct-to-Consumer,47,2.68,125.96
SALE-000246,2026-05-21,CHC-00626,Coconut White Chocolate Wafer Bar,Asia Pacific,Indonesia,Wholesale Distributor,18,3.8,68.4
SALE-000247,2025-11-24,CHC-00946,Espresso Infused Dark Chocolate Coated Nuts,North America,Mexico,E-Commerce,20,5.02,100.4
SALE-000248,2025-11-15,CHC-00373,Almond Crunch Chocolate Squares,North America,Mexico,E-Commerce,90,4.77,429.3
SALE-000249,2026-04-13,CHC-00503,Honeycomb Milk Chocolate Drops,Middle East & Africa,Cote d'Ivoire,Wholesale Distributor,15,3.74,56.1
SALE-000250,2026-06-22,CHC-00951,Sea Salt Milk Chocolate Pralines,North America,USA,Direct-to-Consumer,27,3.7,99.9
SALE-000251,2026-05-05,CHC-00701,Original Ruby Chocolate Drops,Europe,Germany,Duty-Free,22,4.74,104.28
SALE-000252,2026-06-20,CHC-00485,Almond Crunch Chocolate Pralines,Europe,France,Direct-to-Consumer,123,3.08,378.84
SALE-000253,2026-01-31,CHC-01134,Classic Sugar-Free Chocolate Truffle Box,Middle East & Africa,South Africa,Duty-Free,22,5.71,125.62
SALE-000254,2025-10-03,CHC-00939,70% Intense Dark Chocolate Drops,North America,Mexico,Direct-to-Consumer,107,4.56,487.92
SALE-000255,2025-12-03,CHC-00048,Citrus Ruby Chocolate Filled Bar,Asia Pacific,Indonesia,Retail Store,37,6.19,229.03
SALE-000256,2025-12-15,CHC-01484,Almond Crunch Chocolate Truffle Box,North America,USA,Direct-to-Consumer,34,5.3,180.2
SALE-000257,2025-08-29,CHC-00436,Citrus Ruby Chocolate Chips (Baking),Latin America,Colombia,Duty-Free,8,5.39,43.12
SALE-000258,2025-09-06,CHC-00992,Classic Milk Chocolate Squares,Europe,Germany,Wholesale Distributor,18,4.45,80.1
SALE-000259,2025-10-07,CHC-01190,Classic Sugar-Free Chocolate Chips (Baking),Latin America,Brazil,Retail Store,10,4.18,41.8
SALE-000260,2025-08-08,CHC-00245,Sea Salt Milk Chocolate Wafer Bar,Europe,Netherlands,Wholesale Distributor,33,4.08,134.64
SALE-000261,2025-12-31,CHC-01319,Raspberry Swirl White Chocolate Gift Box,North America,Canada,Duty-Free,14,4.02,56.28
SALE-000262,2026-06-20,CHC-00593,Soft Caramel Core Chocolate Wafer Bar,Asia Pacific,Australia,Duty-Free,28,2.99,83.72
SALE-000263,2025-12-17,CHC-01444,Sea Salt Milk Chocolate Chips (Baking),Latin America,Peru,Direct-to-Consumer,18,3.9,70.2
SALE-000264,2026-02-01,CHC-01358,Marzipan Style Almond Chocolate Truffle Box,Europe,Germany,Duty-Free,168,4.76,799.68
SALE-000265,2026-05-16,CHC-00631,Stevia Sweetened Sugar-Free Chocolate Drops,Europe,Belgium,Wholesale Distributor,7,3.0,21.0
SALE-000266,2025-08-28,CHC-01192,70% Intense Dark Chocolate Coated Nuts,Asia Pacific,China,Direct-to-Consumer,38,4.22,160.36
SALE-000267,2025-08-23,CHC-01195,Classic Milk Chocolate Truffle Box,Europe,France,E-Commerce,38,4.11,156.18
SALE-000268,2026-02-16,CHC-00041,Almond Crunch Chocolate Drops,Europe,United Kingdom,Direct-to-Consumer,23,4.16,95.68
SALE-000269,2025-10-04,CHC-00664,Value Pack Compound Chocolate Chips (Baking),Europe,Belgium,Wholesale Distributor,15,1.25,18.75
SALE-000270,2026-04-20,CHC-00439,Soft Caramel Core Chocolate Coated Nuts,Asia Pacific,China,Direct-to-Consumer,5,4.25,21.25
SALE-000271,2026-05-03,CHC-00920,Plant-Based Classic Vegan Dark Chocolate Pralines,North America,USA,E-Commerce,12,6.55,78.6
SALE-000272,2025-11-09,CHC-00740,Value Pack Compound Chocolate Chips (Baking),Europe,Germany,Duty-Free,164,1.44,236.16
SALE-000273,2025-11-07,CHC-01247,Biscuit Milk Chocolate Coated Nuts,Latin America,Peru,Retail Store,17,4.05,68.85
SALE-000274,2025-11-12,CHC-00373,Almond Crunch Chocolate Squares,North America,Mexico,Retail Store,83,4.77,395.91
SALE-000275,2025-10-16,CHC-00275,Stevia Sweetened Sugar-Free Chocolate Squares,Latin America,Ecuador,E-Commerce,20,4.65,93.0
SALE-000276,2025-12-30,CHC-00450,Classic Milk Chocolate Gift Box,Asia Pacific,Indonesia,Wholesale Distributor,6,2.3,13.8
SALE-000277,2025-11-19,CHC-00813,Lemon Zest White Chocolate Filled Bar,Europe,Germany,Retail Store,30,2.42,72.6
SALE-000278,2026-04-30,CHC-00208,Value Pack Compound Chocolate Pralines,Europe,United Kingdom,Retail Store,141,2.13,300.33
SALE-000279,2026-02-16,CHC-00330,Coconut White Chocolate Coated Nuts,Middle East & Africa,South Africa,Duty-Free,51,3.61,184.11
SALE-000280,2025-12-05,CHC-00243,Coconut Sugar Vegan Dark Chocolate Coated Nuts,Asia Pacific,Indonesia,Wholesale Distributor,14,4.06,56.84
SALE-000281,2025-11-30,CHC-01317,Confectionery Grade Compound Chocolate Bar,Asia Pacific,Australia,Retail Store,11,1.39,15.29
SALE-000282,2026-05-23,CHC-00598,Confectionery Grade Compound Chocolate Bar,Latin America,Ecuador,E-Commerce,10,1.72,17.2
SALE-000283,2025-10-07,CHC-01042,Salted Butter Caramel Chocolate Pralines,Middle East & Africa,Ghana,Wholesale Distributor,17,4.45,75.65
SALE-000284,2025-10-30,CHC-01305,Biscuit Milk Chocolate Pralines,Europe,Belgium,E-Commerce,36,3.86,138.96
SALE-000285,2025-09-06,CHC-00809,Classic Sugar-Free Chocolate Chips (Baking),Asia Pacific,Japan,Wholesale Distributor,117,3.99,466.83
SALE-000286,2026-06-21,CHC-01366,Cranberry Walnut Fruit & Nut Chocolate Chips (Baking),Asia Pacific,Japan,Duty-Free,6,3.96,23.76
SALE-000287,2026-07-05,CHC-00280,Tropical Mix Fruit & Nut Chocolate Chips (Baking),Europe,Netherlands,Direct-to-Consumer,55,3.9,214.5
SALE-000288,2025-11-26,CHC-00183,Almond Crunch Chocolate Squares,North America,USA,Direct-to-Consumer,11,4.7,51.7
SALE-000289,2026-03-21,CHC-00529,Oat Milk Blend Vegan Dark Chocolate Squares,Europe,France,Direct-to-Consumer,62,5.36,332.32
SALE-000290,2026-02-20,CHC-01176,Roasted Almond Chocolate Bar,North America,USA,Retail Store,6,4.49,26.94
SALE-000291,2026-06-22,CHC-01396,Roasted Almond Chocolate Truffle Box,Asia Pacific,China,Wholesale Distributor,29,3.64,105.56
SALE-000292,2026-06-09,CHC-00979,70% Intense Dark Chocolate Coated Nuts,Asia Pacific,Australia,Retail Store,27,3.36,90.72
SALE-000293,2026-01-18,CHC-00919,Raisin & Almond Fruit & Nut Chocolate Coated Nuts,Europe,Italy,E-Commerce,77,4.48,344.96
SALE-000294,2025-08-10,CHC-00520,Bakers Classic Compound Chocolate Pralines,Asia Pacific,Australia,Wholesale Distributor,18,2.47,44.46
SALE-000295,2026-01-13,CHC-01240,Classic Milk Chocolate Truffle Box,Europe,Switzerland,Retail Store,31,2.59,80.29
SALE-000296,2025-08-18,CHC-00543,85% Extra Bold Dark Chocolate Drops,Middle East & Africa,South Africa,Wholesale Distributor,18,4.17,75.06
SALE-000297,2026-06-24,CHC-00940,Berry Burst Ruby Chocolate Truffle Box,Europe,Netherlands,Direct-to-Consumer,16,5.62,89.92
SALE-000298,2025-09-16,CHC-01123,Bakers Classic Compound Chocolate Truffle Box,Middle East & Africa,UAE,E-Commerce,42,2.37,99.54
SALE-000299,2026-03-23,CHC-00844,85% Extra Bold Dark Chocolate Drops,Latin America,Peru,Retail Store,21,4.47,93.87
SALE-000300,2026-01-25,CHC-01015,Organic Single Origin Chocolate Bar,Middle East & Africa,UAE,Wholesale Distributor,16,7.05,112.8
SALE-000301,2026-04-05,CHC-00818,Stevia Sweetened Sugar-Free Chocolate Filled Bar,Europe,France,Duty-Free,14,3.6,50.4
SALE-000302,2026-07-15,CHC-00323,Sea Salt Caramel Chocolate Filled Bar,Latin America,Peru,Retail Store,30,3.34,100.2
SALE-000303,2025-09-17,CHC-01480,Classic Milk Chocolate Gift Box,Europe,Switzerland,Direct-to-Consumer,25,4.4,110.0
SALE-000304,2026-07-15,CHC-00352,Tropical Mix Fruit & Nut Chocolate Filled Bar,Asia Pacific,Indonesia,Duty-Free,100,3.87,387.0
SALE-000305,2025-08-06,CHC-01404,Lemon Zest White Chocolate Gift Box,Latin America,Peru,Retail Store,25,4.16,104.0
SALE-000306,2026-05-07,CHC-01009,85% Extra Bold Dark Chocolate Filled Bar,Europe,Netherlands,Duty-Free,9,4.12,37.08
SALE-000307,2026-05-15,CHC-01442,Salted Butter Caramel Chocolate Bar,Latin America,Ecuador,Duty-Free,26,3.48,90.48
SALE-000308,2026-01-15,CHC-01426,Cranberry Walnut Fruit & Nut Chocolate Gift Box,Middle East & Africa,South Africa,E-Commerce,24,4.07,97.68
SALE-000309,2026-03-14,CHC-01194,Coconut Sugar Vegan Dark Chocolate Truffle Box,North America,USA,E-Commerce,21,4.5,94.5
SALE-000310,2026-08-01,CHC-00102,Sea Salt Milk Chocolate Bar,Europe,United Kingdom,Direct-to-Consumer,19,3.38,64.22
SALE-000311,2026-01-05,CHC-01303,Almond Crunch Chocolate Gift Box,Europe,France,Duty-Free,15,5.0,75.0
SALE-000312,2026-03-07,CHC-00645,85% Extra Bold Dark Chocolate Filled Bar,Asia Pacific,Indonesia,Wholesale Distributor,18,5.19,93.42
SALE-000313,2025-08-17,CHC-00237,Classic Milk Chocolate Squares,Middle East & Africa,Cote d'Ivoire,Direct-to-Consumer,18,3.61,64.98
SALE-000314,2025-09-20,CHC-00306,Organic Single Origin Chocolate Filled Bar,Europe,Germany,Retail Store,19,4.73,89.87
SALE-000315,2025-08-10,CHC-01287,Original Ruby Chocolate Truffle Box,Europe,Germany,Duty-Free,40,5.75,230.0
SALE-000316,2026-04-28,CHC-00663,85% Extra Bold Dark Chocolate Wafer Bar,Middle East & Africa,Cote d'Ivoire,Wholesale Distributor,35,2.51,87.85
SALE-000317,2025-08-26,CHC-00804,Single Origin Dark Chocolate Wafer Bar,Asia Pacific,Japan,Wholesale Distributor,73,5.22,381.06
SALE-000318,2026-06-23,CHC-00872,Lemon Zest White Chocolate Gift Box,North America,USA,Wholesale Distributor,108,2.87,309.96
SALE-000319,2026-07-05,CHC-01103,Organic Raw Cacao Chocolate Drops,Asia Pacific,Japan,E-Commerce,25,5.96,149.0
SALE-000320,2025-09-09,CHC-01044,Diabetic Friendly Sugar-Free Chocolate Truffle Box,Europe,France,Retail Store,37,3.82,141.34
SALE-000321,2026-05-05,CHC-00026,Organic Single Origin Chocolate Coated Nuts,Asia Pacific,Indonesia,Retail Store,31,3.77,116.87
SALE-000322,2025-08-09,CHC-01388,70% Intense Dark Chocolate Filled Bar,Europe,France,E-Commerce,48,6.34,304.32
SALE-000323,2025-11-20,CHC-00365,Whole Hazelnut Chocolate Wafer Bar,Europe,Germany,Direct-to-Consumer,11,5.36,58.96
SALE-000324,2025-08-23,CHC-00633,Soft Caramel Core Chocolate Filled Bar,Latin America,Ecuador,Direct-to-Consumer,72,4.6,331.2
SALE-000325,2026-01-18,CHC-01248,Soft Caramel Core Chocolate Coated Nuts,Europe,Switzerland,Direct-to-Consumer,22,2.51,55.22
SALE-000326,2026-06-27,CHC-00820,Stevia Sweetened Sugar-Free Chocolate Drops,Asia Pacific,Australia,Retail Store,12,4.74,56.88
SALE-000327,2026-01-16,CHC-00270,Roasted Almond Chocolate Bar,Asia Pacific,India,Retail Store,6,3.07,18.42
SALE-000328,2026-07-28,CHC-00175,Berry Burst Ruby Chocolate Coated Nuts,Asia Pacific,India,Direct-to-Consumer,7,5.62,39.34
SALE-000329,2025-10-05,CHC-00686,Praline Hazelnut Chocolate Squares,Europe,Netherlands,Direct-to-Consumer,33,3.62,119.46
SALE-000330,2025-09-08,CHC-00659,Raisin & Almond Fruit & Nut Chocolate Bar,Europe,United Kingdom,Direct-to-Consumer,22,3.42,75.24
SALE-000331,2025-11-10,CHC-01025,Salted Butter Caramel Chocolate Coated Nuts,Europe,Germany,E-Commerce,70,4.14,289.8
SALE-000332,2025-11-17,CHC-00830,Whole Hazelnut Chocolate Bar,Europe,Germany,Duty-Free,54,3.74,201.96
SALE-000333,2026-06-18,CHC-00569,Coconut White Chocolate Chips (Baking),North America,Canada,Direct-to-Consumer,41,3.59,147.19
SALE-000334,2026-06-16,CHC-01432,Roasted Almond Chocolate Filled Bar,Asia Pacific,China,Wholesale Distributor,12,4.03,48.36
SALE-000335,2025-08-24,CHC-01043,Almond Crunch Chocolate Chips (Baking),Middle East & Africa,South Africa,E-Commerce,14,3.56,49.84
SALE-000336,2026-02-23,CHC-01470,Classic Milk Chocolate Drops,Europe,Germany,Retail Store,46,2.22,102.12
SALE-000337,2026-01-02,CHC-00535,Marzipan Style Almond Chocolate Squares,Europe,Germany,Duty-Free,75,4.27,320.25
SALE-000338,2026-05-24,CHC-00138,Tropical Mix Fruit & Nut Chocolate Bar,Europe,Belgium,E-Commerce,8,3.17,25.36
SALE-000339,2026-06-20,CHC-01216,Sea Salt Milk Chocolate Bar,North America,USA,Duty-Free,117,2.99,349.83
SALE-000340,2026-06-05,CHC-00501,70% Intense Dark Chocolate Bar,Europe,France,Direct-to-Consumer,13,4.08,53.04
SALE-000341,2026-02-19,CHC-00113,Biscuit Milk Chocolate Gift Box,Europe,Germany,Duty-Free,40,3.98,159.2
SALE-000342,2025-11-01,CHC-00053,Organic Raw Cacao Chocolate Bar,Asia Pacific,Indonesia,Retail Store,16,6.55,104.8
SALE-000343,2026-02-07,CHC-00313,Organic Single Origin Chocolate Coated Nuts,Europe,Germany,Duty-Free,104,4.12,428.48
SALE-000344,2026-04-20,CHC-00418,Biscuit Milk Chocolate Coated Nuts,North America,USA,Retail Store,29,2.56,74.24
SALE-000345,2025-08-21,CHC-01237,Organic Raw Cacao Chocolate Truffle Box,Asia Pacific,China,E-Commerce,26,6.63,172.38
SALE-000346,2026-04-05,CHC-01460,Sea Salt Caramel Chocolate Gift Box,Middle East & Africa,Cote d'Ivoire,Direct-to-Consumer,3,3.86,11.58
SALE-000347,2026-04-13,CHC-00640,Salted Butter Caramel Chocolate Drops,Asia Pacific,Australia,Direct-to-Consumer,25,2.58,64.5
SALE-000348,2025-12-22,CHC-00654,Espresso Infused Dark Chocolate Filled Bar,Europe,France,Wholesale Distributor,8,5.62,44.96
SALE-000349,2026-01-29,CHC-00688,Raspberry Swirl White Chocolate Bar,Latin America,Peru,E-Commerce,26,2.23,57.98
SALE-000350,2025-09-16,CHC-01249,Gianduja Style Hazelnut Chocolate Drops,Middle East & Africa,Cote d'Ivoire,E-Commerce,13,4.38,56.94
SALE-000351,2025-10-15,CHC-00369,Sea Salt Milk Chocolate Filled Bar,North America,USA,Direct-to-Consumer,20,4.37,87.4
SALE-000352,2026-02-09,CHC-00002,Raspberry Swirl White Chocolate Coated Nuts,North America,USA,Duty-Free,41,3.78,154.98
SALE-000353,2025-10-12,CHC-01014,Organic Raw Cacao Chocolate Chips (Baking),Europe,Netherlands,Direct-to-Consumer,12,5.47,65.64
SALE-000354,2026-02-15,CHC-01295,Organic Raw Cacao Chocolate Bar,Asia Pacific,Japan,Direct-to-Consumer,13,6.2,80.6
SALE-000355,2025-12-08,CHC-01173,Praline Hazelnut Chocolate Gift Box,North America,Mexico,Duty-Free,14,5.73,80.22
SALE-000356,2025-11-17,CHC-00425,Almond Crunch Chocolate Chips (Baking),North America,Canada,Wholesale Distributor,17,3.89,66.13
SALE-000357,2026-01-29,CHC-00488,Stevia Sweetened Sugar-Free Chocolate Gift Box,Asia Pacific,China,E-Commerce,22,3.24,71.28
SALE-000358,2025-09-04,CHC-00355,Raspberry Swirl White Chocolate Pralines,Europe,Netherlands,Wholesale Distributor,33,2.61,86.13
SALE-000359,2026-04-06,CHC-00821,Original Ruby Chocolate Bar,Middle East & Africa,South Africa,Retail Store,4,4.17,16.68
SALE-000360,2025-08-23,CHC-01389,Berry Burst Ruby Chocolate Bar,Asia Pacific,China,E-Commerce,68,4.65,316.2
SALE-000361,2026-06-15,CHC-00643,Confectionery Grade Compound Chocolate Pralines,Middle East & Africa,UAE,Direct-to-Consumer,47,2.33,109.51
SALE-000362,2026-07-20,CHC-01500,Praline Hazelnut Chocolate Drops,Asia Pacific,Australia,Direct-to-Consumer,37,3.94,145.78
SALE-000363,2026-03-17,CHC-00861,Tropical Mix Fruit & Nut Chocolate Squares,Europe,Italy,E-Commerce,41,5.23,214.43
SALE-000364,2025-09-02,CHC-00014,Sea Salt Milk Chocolate Chips (Baking),Europe,France,Duty-Free,68,2.09,142.12
SALE-000365,2025-12-10,CHC-00902,Whole Hazelnut Chocolate Wafer Bar,Europe,Belgium,Direct-to-Consumer,55,5.82,320.1
SALE-000366,2026-06-08,CHC-00064,Citrus Ruby Chocolate Pralines,North America,Mexico,Retail Store,12,5.71,68.52
SALE-000367,2026-02-24,CHC-01048,Cranberry Walnut Fruit & Nut Chocolate Gift Box,Europe,Italy,Direct-to-Consumer,49,5.35,262.15
SALE-000368,2026-01-06,CHC-00640,Salted Butter Caramel Chocolate Drops,Asia Pacific,Australia,Wholesale Distributor,3,2.58,7.74
SALE-000369,2025-09-17,CHC-01449,Berry Burst Ruby Chocolate Squares,Europe,France,Wholesale Distributor,20,7.44,148.8
SALE-000370,2026-01-10,CHC-01312,Citrus Ruby Chocolate Squares,Middle East & Africa,South Africa,Duty-Free,17,6.68,113.56
SALE-000371,2025-09-05,CHC-00961,Raspberry Swirl White Chocolate Coated Nuts,Europe,France,E-Commerce,24,3.84,92.16
SALE-000372,2025-10-29,CHC-00717,Whole Hazelnut Chocolate Truffle Box,Europe,Italy,Retail Store,34,3.14,106.76
SALE-000373,2026-04-10,CHC-00233,Roasted Almond Chocolate Filled Bar,North America,Mexico,E-Commerce,22,3.98,87.56
SALE-000374,2025-11-07,CHC-00416,Classic Milk Chocolate Filled Bar,Asia Pacific,Australia,Wholesale Distributor,4,4.39,17.56
SALE-000375,2025-09-11,CHC-01191,70% Intense Dark Chocolate Pralines,North America,USA,Retail Store,25,3.92,98.0
SALE-000376,2026-04-15,CHC-01356,Sea Salt Milk Chocolate Drops,Europe,Switzerland,Retail Store,7,2.28,15.96
SALE-000377,2026-05-11,CHC-01272,Stevia Sweetened Sugar-Free Chocolate Wafer Bar,Europe,Switzerland,Retail Store,40,4.47,178.8
SALE-000378,2026-03-18,CHC-00916,Coconut White Chocolate Coated Nuts,Asia Pacific,Australia,Wholesale Distributor,125,2.56,320.0
SALE-000379,2026-01-12,CHC-00721,Sea Salt Caramel Chocolate Filled Bar,Europe,France,Wholesale Distributor,9,2.67,24.03
SALE-000380,2026-01-01,CHC-01406,Oat Milk Blend Vegan Dark Chocolate Truffle Box,Asia Pacific,Australia,E-Commerce,9,5.26,47.34
SALE-000381,2026-05-24,CHC-00146,Stevia Sweetened Sugar-Free Chocolate Filled Bar,Europe,Germany,Duty-Free,84,4.47,375.48
SALE-000382,2026-03-07,CHC-00475,Coconut White Chocolate Filled Bar,North America,Canada,Retail Store,40,2.79,111.6
SALE-000383,2025-08-11,CHC-01438,Tropical Mix Fruit & Nut Chocolate Filled Bar,Europe,Italy,Duty-Free,12,4.72,56.64
SALE-000384,2026-05-30,CHC-00425,Almond Crunch Chocolate Chips (Baking),North America,Canada,E-Commerce,17,3.89,66.13
SALE-000385,2025-09-22,CHC-00592,Honeycomb Milk Chocolate Drops,Europe,Switzerland,E-Commerce,22,2.97,65.34
SALE-000386,2026-02-02,CHC-01045,Almond Crunch Chocolate Coated Nuts,Latin America,Brazil,Retail Store,54,3.41,184.14
SALE-000387,2026-06-29,CHC-01383,70% Intense Dark Chocolate Filled Bar,Europe,Italy,Wholesale Distributor,180,3.38,608.4
SALE-000388,2025-10-26,CHC-00030,Citrus Ruby Chocolate Truffle Box,North America,USA,Direct-to-Consumer,281,7.12,2000.72
SALE-000389,2025-09-25,CHC-00557,Honeycomb Milk Chocolate Truffle Box,Europe,Belgium,Direct-to-Consumer,191,3.22,615.02
SALE-000390,2026-01-06,CHC-00583,Original Ruby Chocolate Chips (Baking),Europe,Netherlands,Direct-to-Consumer,8,7.23,57.84
SALE-000391,2025-12-12,CHC-00450,Classic Milk Chocolate Gift Box,Asia Pacific,Indonesia,Wholesale Distributor,41,2.3,94.3
SALE-000392,2026-05-29,CHC-00493,Soft Caramel Core Chocolate Bar,Europe,United Kingdom,Retail Store,8,4.24,33.92
SALE-000393,2026-06-03,CHC-00103,Almond Crunch Chocolate Squares,Europe,Germany,Wholesale Distributor,12,3.86,46.32
SALE-000394,2025-09-01,CHC-00124,Gianduja Style Hazelnut Chocolate Gift Box,Europe,Germany,Retail Store,65,4.37,284.05
SALE-000395,2026-07-23,CHC-00360,Classic Milk Chocolate Filled Bar,North America,USA,Retail Store,112,4.21,471.52
SALE-000396,2025-09-25,CHC-01222,Soft Caramel Core Chocolate Chips (Baking),Middle East & Africa,UAE,Retail Store,103,4.89,503.67
SALE-000397,2026-07-20,CHC-00705,Whole Hazelnut Chocolate Drops,Europe,Belgium,Retail Store,28,4.29,120.12
SALE-000398,2026-01-05,CHC-00333,Salted Butter Caramel Chocolate Wafer Bar,Europe,France,Retail Store,49,4.82,236.18
SALE-000399,2025-09-17,CHC-00591,Bakers Classic Compound Chocolate Pralines,Latin America,Colombia,Direct-to-Consumer,29,1.62,46.98
SALE-000400,2025-08-23,CHC-01360,Cranberry Walnut Fruit & Nut Chocolate Gift Box,Europe,Italy,Duty-Free,42,3.86,162.12
SALE-000401,2026-07-26,CHC-01444,Sea Salt Milk Chocolate Chips (Baking),Latin America,Peru,Duty-Free,185,3.9,721.5
SALE-000402,2026-04-14,CHC-01179,Single Origin Dark Chocolate Filled Bar,Europe,France,E-Commerce,11,4.41,48.51
SALE-000403,2026-05-03,CHC-00729,Roasted Almond Chocolate Gift Box,Asia Pacific,India,Duty-Free,15,4.28,64.2
SALE-000404,2026-02-12,CHC-00321,Stevia Sweetened Sugar-Free Chocolate Chips (Baking),Asia Pacific,India,Duty-Free,18,3.91,70.38
SALE-000405,2025-12-23,CHC-00187,Roasted Almond Chocolate Drops,North America,Mexico,Duty-Free,7,4.15,29.05
SALE-000406,2026-05-13,CHC-00544,Confectionery Grade Compound Chocolate Truffle Box,Asia Pacific,India,Duty-Free,15,2.3,34.5
SALE-000407,2026-01-30,CHC-00359,Plant-Based Classic Vegan Dark Chocolate Bar,Europe,Netherlands,Direct-to-Consumer,6,4.06,24.36
SALE-000408,2026-06-29,CHC-01443,Plant-Based Classic Vegan Dark Chocolate Drops,Europe,Switzerland,Duty-Free,50,5.56,278.0
SALE-000409,2026-02-16,CHC-00663,85% Extra Bold Dark Chocolate Wafer Bar,Middle East & Africa,Cote d'Ivoire,E-Commerce,24,2.51,60.24
SALE-000410,2025-09-15,CHC-00448,Classic Milk Chocolate Pralines,Middle East & Africa,Cote d'Ivoire,E-Commerce,15,2.79,41.85
SALE-000411,2026-05-09,CHC-00686,Praline Hazelnut Chocolate Squares,Europe,Netherlands,Retail Store,17,3.62,61.54
SALE-000412,2026-07-04,CHC-00909,Value Pack Compound Chocolate Coated Nuts,North America,USA,E-Commerce,24,2.47,59.28
SALE-000413,2025-12-22,CHC-01483,Gianduja Style Hazelnut Chocolate Squares,Middle East & Africa,Cote d'Ivoire,Retail Store,65,4.5,292.5
SALE-000414,2026-02-06,CHC-01229,Salted Butter Caramel Chocolate Filled Bar,Europe,Belgium,Wholesale Distributor,58,4.81,278.98
SALE-000415,2026-01-09,CHC-00447,Espresso Infused Dark Chocolate Gift Box,Asia Pacific,Australia,Duty-Free,21,5.31,111.51
SALE-000416,2025-10-18,CHC-00170,Sea Salt Caramel Chocolate Pralines,Europe,Belgium,Wholesale Distributor,10,4.89,48.9
SALE-000417,2026-03-10,CHC-00969,Biscuit Milk Chocolate Truffle Box,North America,Mexico,Direct-to-Consumer,62,3.7,229.4
SALE-000418,2026-04-10,CHC-01046,Whole Hazelnut Chocolate Pralines,Europe,Belgium,Retail Store,69,5.19,358.11
SALE-000419,2026-03-21,CHC-01223,70% Intense Dark Chocolate Pralines,Middle East & Africa,South Africa,E-Commerce,47,6.11,287.17
SALE-000420,2026-02-15,CHC-00171,Honeycomb Milk Chocolate Drops,Asia Pacific,India,Retail Store,36,3.05,109.8
SALE-000421,2025-12-16,CHC-00333,Salted Butter Caramel Chocolate Wafer Bar,Europe,France,Retail Store,24,4.82,115.68
SALE-000422,2025-08-29,CHC-01284,Coconut Sugar Vegan Dark Chocolate Chips (Baking),Europe,Germany,Duty-Free,36,6.17,222.12
SALE-000423,2026-07-28,CHC-00191,Classic Sugar-Free Chocolate Filled Bar,North America,USA,Direct-to-Consumer,27,4.22,113.94
SALE-000424,2026-03-13,CHC-00472,Biscuit Milk Chocolate Squares,North America,Canada,Direct-to-Consumer,18,2.31,41.58
SALE-000425,2026-06-02,CHC-00133,Classic Sugar-Free Chocolate Truffle Box,North America,Mexico,Retail Store,11,5.33,58.63
SALE-000426,2026-03-14,CHC-01457,Gianduja Style Hazelnut Chocolate Filled Bar,Middle East & Africa,Ghana,E-Commerce,5,3.72,18.6
SALE-000427,2025-08-28,CHC-01387,Praline Hazelnut Chocolate Coated Nuts,Asia Pacific,Japan,Retail Store,21,5.34,112.14
SALE-000428,2025-09-12,CHC-00468,Organic Fair-Trade Chocolate Bar,Europe,Germany,Retail Store,6,6.26,37.56
SALE-000429,2026-05-05,CHC-01363,Stevia Sweetened Sugar-Free Chocolate Pralines,Asia Pacific,India,Duty-Free,26,3.04,79.04
SALE-000430,2025-11-21,CHC-00421,Raisin & Almond Fruit & Nut Chocolate Bar,Europe,France,E-Commerce,20,5.43,108.6
SALE-000431,2025-08-16,CHC-00079,Classic Milk Chocolate Coated Nuts,Europe,France,E-Commerce,29,3.9,113.1
SALE-000432,2026-03-05,CHC-00872,Lemon Zest White Chocolate Gift Box,North America,USA,Wholesale Distributor,9,2.87,25.83
SALE-000433,2026-03-06,CHC-00954,Whole Hazelnut Chocolate Wafer Bar,Asia Pacific,China,Direct-to-Consumer,30,3.67,110.1
SALE-000434,2025-08-25,CHC-01152,Honeycomb Milk Chocolate Bar,Asia Pacific,Japan,Wholesale Distributor,19,3.81,72.39
SALE-000435,2026-02-10,CHC-00208,Value Pack Compound Chocolate Pralines,Europe,United Kingdom,Duty-Free,8,2.13,17.04
SALE-000436,2026-03-02,CHC-01403,Bakers Classic Compound Chocolate Pralines,Middle East & Africa,UAE,Wholesale Distributor,7,2.02,14.14
SALE-000437,2026-05-05,CHC-00705,Whole Hazelnut Chocolate Drops,Europe,Belgium,Direct-to-Consumer,13,4.29,55.77
SALE-000438,2025-12-04,CHC-00080,Honeycomb Milk Chocolate Bar,Latin America,Brazil,Retail Store,6,3.31,19.86
SALE-000439,2026-06-25,CHC-01408,Espresso Infused Dark Chocolate Pralines,Europe,Germany,Retail Store,36,4.13,148.68
SALE-000440,2025-10-22,CHC-00401,Original Ruby Chocolate Coated Nuts,Latin America,Ecuador,Retail Store,25,7.79,194.75
SALE-000441,2026-06-23,CHC-01353,Salted Butter Caramel Chocolate Wafer Bar,Asia Pacific,India,Retail Store,29,3.97,115.13
SALE-000442,2026-04-20,CHC-00991,Espresso Infused Dark Chocolate Filled Bar,Latin America,Colombia,E-Commerce,7,5.02,35.14
SALE-000443,2026-07-15,CHC-00003,Confectionery Grade Compound Chocolate Pralines,Europe,Italy,Direct-to-Consumer,15,2.21,33.15
SALE-000444,2026-02-23,CHC-00269,Organic Fair-Trade Chocolate Drops,Europe,Germany,Wholesale Distributor,17,5.63,95.71
SALE-000445,2026-07-10,CHC-00004,Cranberry Walnut Fruit & Nut Chocolate Pralines,Europe,Germany,E-Commerce,115,3.65,419.75
SALE-000446,2026-05-20,CHC-01269,Gianduja Style Hazelnut Chocolate Wafer Bar,Europe,Switzerland,Direct-to-Consumer,31,3.24,100.44
SALE-000447,2026-03-29,CHC-00656,Confectionery Grade Compound Chocolate Pralines,North America,Mexico,Wholesale Distributor,32,1.61,51.52
SALE-000448,2025-12-30,CHC-00426,Plant-Based Classic Vegan Dark Chocolate Chips (Baking),Europe,France,Duty-Free,7,3.4,23.8
SALE-000449,2026-02-28,CHC-00921,Biscuit Milk Chocolate Chips (Baking),Europe,Germany,Duty-Free,106,3.34,354.04
SALE-000450,2025-11-03,CHC-00377,Espresso Infused Dark Chocolate Squares,Europe,Belgium,Direct-to-Consumer,109,2.75,299.75
SALE-000451,2026-03-01,CHC-00746,Gianduja Style Hazelnut Chocolate Bar,North America,USA,Direct-to-Consumer,22,4.48,98.56
SALE-000452,2025-09-12,CHC-00874,Espresso Infused Dark Chocolate Filled Bar,Europe,Germany,Direct-to-Consumer,28,4.79,134.12
SALE-000453,2026-03-23,CHC-00737,Sea Salt Caramel Chocolate Coated Nuts,Europe,Germany,Wholesale Distributor,8,2.65,21.2
SALE-000454,2025-09-05,CHC-00510,Oat Milk Blend Vegan Dark Chocolate Gift Box,Middle East & Africa,UAE,Duty-Free,18,6.38,114.84
SALE-000455,2025-11-23,CHC-01190,Classic Sugar-Free Chocolate Chips (Baking),Latin America,Brazil,Retail Store,123,4.18,514.14
SALE-000456,2026-01-19,CHC-00647,Soft Caramel Core Chocolate Drops,Latin America,Peru,E-Commerce,15,3.16,47.4
SALE-000457,2025-09-27,CHC-00814,Honeycomb Milk Chocolate Truffle Box,Europe,Belgium,Direct-to-Consumer,8,3.21,25.68
SALE-000458,2026-04-01,CHC-00645,85% Extra Bold Dark Chocolate Filled Bar,Asia Pacific,Indonesia,Wholesale Distributor,82,5.19,425.58
SALE-000459,2026-01-22,CHC-01100,Coconut White Chocolate Wafer Bar,Latin America,Colombia,E-Commerce,7,3.2,22.4
SALE-000460,2026-01-07,CHC-00352,Tropical Mix Fruit & Nut Chocolate Filled Bar,Asia Pacific,Indonesia,Retail Store,28,3.87,108.36
SALE-000461,2026-06-15,CHC-01134,Classic Sugar-Free Chocolate Truffle Box,Middle East & Africa,South Africa,Direct-to-Consumer,31,5.71,177.01
SALE-000462,2025-12-30,CHC-01397,85% Extra Bold Dark Chocolate Filled Bar,Europe,France,E-Commerce,15,3.61,54.15
SALE-000463,2025-12-10,CHC-00613,Marzipan Style Almond Chocolate Wafer Bar,North America,USA,Wholesale Distributor,78,4.96,386.88
SALE-000464,2026-02-21,CHC-01412,Organic Single Origin Chocolate Pralines,Europe,France,Retail Store,3,6.32,18.96
SALE-000465,2026-01-15,CHC-01243,Diabetic Friendly Sugar-Free Chocolate Squares,Latin America,Peru,Direct-to-Consumer,75,5.23,392.25
SALE-000466,2026-01-01,CHC-00942,Classic Milk Chocolate Wafer Bar,Middle East & Africa,UAE,Wholesale Distributor,166,2.07,343.62
SALE-000467,2026-06-15,CHC-00843,Coconut White Chocolate Chips (Baking),Europe,Netherlands,E-Commerce,22,3.94,86.68
SALE-000468,2025-08-08,CHC-00952,Whole Hazelnut Chocolate Squares,Europe,Germany,Retail Store,36,5.0,180.0
SALE-000469,2026-07-25,CHC-01470,Classic Milk Chocolate Drops,Europe,Germany,E-Commerce,10,2.22,22.2
SALE-000470,2026-05-03,CHC-00158,Classic Sugar-Free Chocolate Filled Bar,Asia Pacific,Indonesia,Retail Store,47,4.76,223.72
SALE-000471,2025-08-20,CHC-01272,Stevia Sweetened Sugar-Free Chocolate Wafer Bar,Europe,Switzerland,Wholesale Distributor,42,4.47,187.74
SALE-000472,2026-01-31,CHC-00319,Sea Salt Milk Chocolate Truffle Box,Asia Pacific,China,Wholesale Distributor,27,2.43,65.61
SALE-000473,2026-03-21,CHC-00178,70% Intense Dark Chocolate Squares,Latin America,Brazil,Wholesale Distributor,7,6.49,45.43
SALE-000474,2026-01-28,CHC-01091,Tropical Mix Fruit & Nut Chocolate Pralines,North America,Canada,Direct-to-Consumer,26,4.42,114.92
SALE-000475,2025-11-28,CHC-00089,Marzipan Style Almond Chocolate Drops,Europe,Switzerland,Duty-Free,32,3.35,107.2
SALE-000476,2026-07-23,CHC-00490,Soft Caramel Core Chocolate Pralines,Europe,Belgium,Duty-Free,12,3.65,43.8
SALE-000477,2025-10-04,CHC-01066,Honeycomb Milk Chocolate Truffle Box,Latin America,Ecuador,Duty-Free,18,2.33,41.94
SALE-000478,2025-12-24,CHC-01166,Cranberry Walnut Fruit & Nut Chocolate Truffle Box,Latin America,Peru,Direct-to-Consumer,10,3.94,39.4
SALE-000479,2026-07-18,CHC-00559,Organic Fair-Trade Chocolate Wafer Bar,Middle East & Africa,Cote d'Ivoire,Retail Store,36,4.82,173.52
SALE-000480,2025-10-11,CHC-00044,Raspberry Swirl White Chocolate Chips (Baking),Europe,France,Direct-to-Consumer,15,4.17,62.55
SALE-000481,2026-05-30,CHC-00667,Espresso Infused Dark Chocolate Gift Box,Middle East & Africa,Ghana,Direct-to-Consumer,11,3.55,39.05
SALE-000482,2026-03-03,CHC-00207,Classic Sugar-Free Chocolate Truffle Box,Europe,Belgium,E-Commerce,22,3.03,66.66
SALE-000483,2026-06-28,CHC-00683,Praline Hazelnut Chocolate Filled Bar,Europe,France,E-Commerce,12,3.03,36.36
SALE-000484,2025-10-12,CHC-00861,Tropical Mix Fruit & Nut Chocolate Squares,Europe,Italy,Retail Store,19,5.23,99.37
SALE-000485,2025-12-09,CHC-00391,Lemon Zest White Chocolate Coated Nuts,Latin America,Peru,E-Commerce,26,4.2,109.2
SALE-000486,2025-10-28,CHC-00822,Salted Butter Caramel Chocolate Wafer Bar,Middle East & Africa,Cote d'Ivoire,E-Commerce,50,4.48,224.0
SALE-000487,2025-12-04,CHC-00511,Soft Caramel Core Chocolate Coated Nuts,Latin America,Ecuador,Retail Store,6,3.92,23.52
SALE-000488,2026-07-02,CHC-00695,Diabetic Friendly Sugar-Free Chocolate Drops,Europe,Belgium,Retail Store,11,5.74,63.14
SALE-000489,2026-05-06,CHC-00442,Soft Caramel Core Chocolate Bar,Europe,Switzerland,E-Commerce,13,3.61,46.93
SALE-000490,2025-08-10,CHC-01038,Classic Milk Chocolate Coated Nuts,Europe,France,Wholesale Distributor,5,4.48,22.4
SALE-000491,2026-01-09,CHC-00591,Bakers Classic Compound Chocolate Pralines,Latin America,Colombia,Direct-to-Consumer,14,1.62,22.68
SALE-000492,2026-01-30,CHC-00781,Value Pack Compound Chocolate Bar,North America,USA,Direct-to-Consumer,87,2.42,210.54
SALE-000493,2026-03-03,CHC-00744,Organic Raw Cacao Chocolate Coated Nuts,Middle East & Africa,Cote d'Ivoire,Direct-to-Consumer,37,7.35,271.95
SALE-000494,2026-05-21,CHC-01282,Soft Caramel Core Chocolate Gift Box,Middle East & Africa,South Africa,Duty-Free,20,5.0,100.0
SALE-000495,2026-06-24,CHC-00459,Diabetic Friendly Sugar-Free Chocolate Gift Box,North America,Mexico,Retail Store,48,4.13,198.24
SALE-000496,2026-06-04,CHC-01099,Raspberry Swirl White Chocolate Drops,Europe,Italy,Wholesale Distributor,22,3.8,83.6
SALE-000497,2026-01-07,CHC-00372,Tropical Mix Fruit & Nut Chocolate Truffle Box,Asia Pacific,Indonesia,Duty-Free,83,2.99,248.17
SALE-000498,2026-02-16,CHC-00344,Espresso Infused Dark Chocolate Squares,Europe,United Kingdom,Duty-Free,7,5.58,39.06
SALE-000499,2025-09-27,CHC-00430,Coconut White Chocolate Wafer Bar,Europe,France,Wholesale Distributor,19,2.13,40.47
SALE-000500,2026-05-27,CHC-00347,Stevia Sweetened Sugar-Free Chocolate Gift Box,Asia Pacific,Japan,Wholesale Distributor,26,5.81,151.06
SALE-000501,2025-12-02,CHC-00464,Raspberry Swirl White Chocolate Squares,Europe,Germany,Duty-Free,272,3.61,981.92
SALE-000502,2026-07-10,CHC-00279,Lemon Zest White Chocolate Coated Nuts,Europe,Netherlands,Duty-Free,12,4.07,48.84
SALE-000503,2026-03-19,CHC-00348,Almond Crunch Chocolate Chips (Baking),North America,Canada,E-Commerce,223,3.18,709.14
SALE-000504,2026-07-26,CHC-01491,Organic Raw Cacao Chocolate Pralines,Europe,Belgium,Wholesale Distributor,71,6.19,439.49
SALE-000505,2026-04-17,CHC-01104,70% Intense Dark Chocolate Squares,Latin America,Colombia,Wholesale Distributor,130,4.33,562.9
SALE-000506,2026-05-26,CHC-01038,Classic Milk Chocolate Coated Nuts,Europe,France,Duty-Free,41,4.48,183.68
SALE-000507,2025-11-12,CHC-00377,Espresso Infused Dark Chocolate Squares,Europe,Belgium,Duty-Free,57,2.75,156.75
SALE-000508,2025-09-24,CHC-01486,Classic Sugar-Free Chocolate Bar,North America,Canada,Duty-Free,73,3.16,230.68
SALE-000509,2025-09-29,CHC-00310,Coconut White Chocolate Pralines,Middle East & Africa,UAE,Direct-to-Consumer,16,3.79,60.64
SALE-000510,2026-06-19,CHC-01101,Whole Hazelnut Chocolate Coated Nuts,Europe,Germany,Retail Store,63,3.53,222.39
SALE-000511,2026-05-30,CHC-00792,Lemon Zest White Chocolate Wafer Bar,Middle East & Africa,Ghana,Direct-to-Consumer,33,2.4,79.2
SALE-000512,2025-11-13,CHC-00802,Single Origin Dark Chocolate Gift Box,Middle East & Africa,UAE,Direct-to-Consumer,34,5.1,173.4
SALE-000513,2026-02-06,CHC-00607,Raisin & Almond Fruit & Nut Chocolate Squares,North America,USA,Direct-to-Consumer,39,3.57,139.23
SALE-000514,2026-01-07,CHC-00581,Honeycomb Milk Chocolate Filled Bar,Europe,Switzerland,Duty-Free,17,3.72,63.24
SALE-000515,2026-06-07,CHC-01253,Citrus Ruby Chocolate Coated Nuts,Asia Pacific,China,Duty-Free,57,6.11,348.27
SALE-000516,2025-12-13,CHC-00064,Citrus Ruby Chocolate Pralines,North America,Mexico,E-Commerce,11,5.71,62.81
SALE-000517,2025-10-02,CHC-01170,Single Origin Dark Chocolate Pralines,Middle East & Africa,Cote d'Ivoire,E-Commerce,34,3.85,130.9
SALE-000518,2026-05-31,CHC-01453,Honeycomb Milk Chocolate Coated Nuts,Europe,Germany,Retail Store,17,4.12,70.04
SALE-000519,2025-09-06,CHC-01460,Sea Salt Caramel Chocolate Gift Box,Middle East & Africa,Cote d'Ivoire,Retail Store,19,3.86,73.34
SALE-000520,2026-04-25,CHC-00252,70% Intense Dark Chocolate Drops,Europe,France,Direct-to-Consumer,13,4.98,64.74
SALE-000521,2026-04-27,CHC-01485,Espresso Infused Dark Chocolate Drops,Europe,Germany,E-Commerce,20,2.5,50.0
SALE-000522,2025-10-22,CHC-00455,Coconut White Chocolate Filled Bar,North America,USA,Wholesale Distributor,34,2.26,76.84
SALE-000523,2025-10-20,CHC-00028,Raspberry Swirl White Chocolate Gift Box,Europe,France,Direct-to-Consumer,54,2.57,138.78
SALE-000524,2026-03-15,CHC-01230,Sea Salt Milk Chocolate Chips (Baking),Latin America,Brazil,Retail Store,14,2.11,29.54
SALE-000525,2025-08-31,CHC-00315,70% Intense Dark Chocolate Coated Nuts,Middle East & Africa,Cote d'Ivoire,Duty-Free,11,2.98,32.78
SALE-000526,2026-03-20,CHC-00158,Classic Sugar-Free Chocolate Filled Bar,Asia Pacific,Indonesia,Wholesale Distributor,15,4.76,71.4
SALE-000527,2026-05-06,CHC-01316,Honeycomb Milk Chocolate Drops,Europe,Germany,Wholesale Distributor,12,2.15,25.8
SALE-000528,2026-05-27,CHC-00624,Vanilla Bean White Chocolate Truffle Box,Asia Pacific,Australia,Wholesale Distributor,52,2.89,150.28
SALE-000529,2025-10-12,CHC-00777,Sea Salt Milk Chocolate Coated Nuts,North America,USA,Wholesale Distributor,64,3.16,202.24
SALE-000530,2025-12-18,CHC-00913,Bakers Classic Compound Chocolate Coated Nuts,Asia Pacific,Japan,Wholesale Distributor,8,1.74,13.92
SALE-000531,2026-06-30,CHC-00599,Confectionery Grade Compound Chocolate Coated Nuts,North America,Canada,E-Commerce,19,1.66,31.54
SALE-000532,2025-10-23,CHC-00175,Berry Burst Ruby Chocolate Coated Nuts,Asia Pacific,India,Duty-Free,7,5.62,39.34
SALE-000533,2026-03-30,CHC-00314,Marzipan Style Almond Chocolate Gift Box,North America,Mexico,Direct-to-Consumer,28,4.72,132.16
SALE-000534,2026-05-16,CHC-00579,70% Intense Dark Chocolate Pralines,Europe,France,Wholesale Distributor,52,3.32,172.64
SALE-000535,2025-12-24,CHC-00535,Marzipan Style Almond Chocolate Squares,Europe,Germany,Wholesale Distributor,7,4.27,29.89
SALE-000536,2025-09-25,CHC-00076,Espresso Infused Dark Chocolate Truffle Box,Latin America,Colombia,E-Commerce,18,4.95,89.1
SALE-000537,2026-02-09,CHC-00379,Biscuit Milk Chocolate Gift Box,Asia Pacific,Australia,Direct-to-Consumer,3,4.49,13.47
SALE-000538,2026-07-28,CHC-00427,Biscuit Milk Chocolate Coated Nuts,Latin America,Brazil,Duty-Free,41,3.82,156.62
SALE-000539,2026-03-07,CHC-01410,Sea Salt Caramel Chocolate Gift Box,Latin America,Brazil,Retail Store,76,4.2,319.2
SALE-000540,2026-04-01,CHC-00304,Espresso Infused Dark Chocolate Bar,North America,Mexico,Duty-Free,80,6.24,499.2
SALE-000541,2026-06-07,CHC-00275,Stevia Sweetened Sugar-Free Chocolate Squares,Latin America,Ecuador,Retail Store,174,4.65,809.1
SALE-000542,2025-12-28,CHC-01291,Diabetic Friendly Sugar-Free Chocolate Wafer Bar,Europe,Switzerland,Wholesale Distributor,17,5.09,86.53
SALE-000543,2025-08-16,CHC-01228,Marzipan Style Almond Chocolate Coated Nuts,Middle East & Africa,South Africa,Wholesale Distributor,58,3.82,221.56
SALE-000544,2026-06-15,CHC-00609,Marzipan Style Almond Chocolate Filled Bar,Europe,France,E-Commerce,58,5.22,302.76
SALE-000545,2026-07-09,CHC-00983,Biscuit Milk Chocolate Coated Nuts,Latin America,Brazil,Duty-Free,9,2.53,22.77
SALE-000546,2026-04-04,CHC-00242,Whole Hazelnut Chocolate Truffle Box,North America,Canada,Direct-to-Consumer,34,3.1,105.4
SALE-000547,2025-10-21,CHC-01174,Biscuit Milk Chocolate Coated Nuts,Asia Pacific,Australia,Duty-Free,18,3.61,64.98
SALE-000548,2025-10-12,CHC-00832,Sea Salt Caramel Chocolate Coated Nuts,Latin America,Brazil,E-Commerce,29,4.33,125.57
SALE-000549,2026-06-26,CHC-00853,Single Origin Dark Chocolate Truffle Box,Europe,France,E-Commerce,5,2.55,12.75
SALE-000550,2026-03-02,CHC-01003,Stevia Sweetened Sugar-Free Chocolate Coated Nuts,Europe,Belgium,E-Commerce,17,4.73,80.41
SALE-000551,2026-02-13,CHC-00374,Biscuit Milk Chocolate Bar,North America,Canada,Wholesale Distributor,32,2.44,78.08
SALE-000552,2026-03-28,CHC-01487,Original Ruby Chocolate Filled Bar,Middle East & Africa,Cote d'Ivoire,Direct-to-Consumer,10,5.9,59.0
SALE-000553,2026-07-27,CHC-00234,Coconut Sugar Vegan Dark Chocolate Drops,North America,USA,Direct-to-Consumer,13,6.03,78.39
SALE-000554,2025-11-28,CHC-01079,Organic Fair-Trade Chocolate Squares,Asia Pacific,China,Direct-to-Consumer,19,6.9,131.1
SALE-000555,2026-04-21,CHC-00123,Vanilla Bean White Chocolate Gift Box,Middle East & Africa,Cote d'Ivoire,Retail Store,25,2.06,51.5
SALE-000556,2026-05-20,CHC-00112,Soft Caramel Core Chocolate Pralines,North America,USA,Direct-to-Consumer,255,3.38,861.9
SALE-000557,2026-03-12,CHC-00177,Berry Burst Ruby Chocolate Coated Nuts,North America,Canada,Retail Store,86,7.95,683.7
SALE-000558,2026-06-02,CHC-01148,Marzipan Style Almond Chocolate Gift Box,Latin America,Brazil,Wholesale Distributor,19,4.26,80.94
SALE-000559,2026-05-27,CHC-00410,Tropical Mix Fruit & Nut Chocolate Coated Nuts,Asia Pacific,Australia,Direct-to-Consumer,20,3.79,75.8
SALE-000560,2025-09-07,CHC-00333,Salted Butter Caramel Chocolate Wafer Bar,Europe,France,E-Commerce,2,4.82,9.64
SALE-000561,2026-07-09,CHC-01133,Stevia Sweetened Sugar-Free Chocolate Drops,Europe,United Kingdom,Retail Store,99,5.01,495.99
SALE-000562,2025-11-10,CHC-00573,70% Intense Dark Chocolate Drops,Asia Pacific,China,Duty-Free,40,5.06,202.4
SALE-000563,2025-11-11,CHC-00701,Original Ruby Chocolate Drops,Europe,Germany,E-Commerce,35,4.74,165.9
SALE-000564,2025-10-24,CHC-00521,Confectionery Grade Compound Chocolate Pralines,North America,Canada,E-Commerce,26,1.61,41.86
SALE-000565,2026-01-19,CHC-00612,85% Extra Bold Dark Chocolate Bar,Europe,Switzerland,Wholesale Distributor,10,5.5,55.0
SALE-000566,2026-06-05,CHC-00281,Plant-Based Classic Vegan Dark Chocolate Drops,Middle East & Africa,UAE,Duty-Free,12,5.59,67.08
SALE-000567,2025-08-06,CHC-00490,Soft Caramel Core Chocolate Pralines,Europe,Belgium,E-Commerce,26,3.65,94.9
SALE-000568,2026-02-11,CHC-01118,Single Origin Dark Chocolate Pralines,Europe,Switzerland,Direct-to-Consumer,52,3.28,170.56
SALE-000569,2025-11-01,CHC-00064,Citrus Ruby Chocolate Pralines,North America,Mexico,E-Commerce,19,5.71,108.49
SALE-000570,2026-03-24,CHC-01479,Sea Salt Milk Chocolate Coated Nuts,Middle East & Africa,Ghana,Retail Store,58,3.86,223.88
SALE-000571,2026-07-16,CHC-01419,Plant-Based Classic Vegan Dark Chocolate Truffle Box,Europe,France,Retail Store,27,3.86,104.22
SALE-000572,2026-05-12,CHC-00012,Whole Hazelnut Chocolate Drops,Europe,Netherlands,Duty-Free,61,5.87,358.07
SALE-000573,2025-08-15,CHC-00336,Salted Butter Caramel Chocolate Chips (Baking),Europe,Italy,Wholesale Distributor,58,4.02,233.16
SALE-000574,2026-05-16,CHC-00392,Confectionery Grade Compound Chocolate Coated Nuts,North America,Canada,Retail Store,13,2.1,27.3
SALE-000575,2026-07-24,CHC-00539,Salted Butter Caramel Chocolate Filled Bar,Europe,France,E-Commerce,9,3.18,28.62
SALE-000576,2026-05-07,CHC-00146,Stevia Sweetened Sugar-Free Chocolate Filled Bar,Europe,Germany,E-Commerce,45,4.47,201.15
SALE-000577,2025-08-18,CHC-01272,Stevia Sweetened Sugar-Free Chocolate Wafer Bar,Europe,Switzerland,Duty-Free,26,4.47,116.22
SALE-000578,2026-02-04,CHC-00394,Classic Milk Chocolate Bar,Europe,Netherlands,Direct-to-Consumer,31,4.35,134.85
SALE-000579,2025-09-06,CHC-00985,Praline Hazelnut Chocolate Filled Bar,Asia Pacific,Indonesia,Wholesale Distributor,70,5.05,353.5
SALE-000580,2026-05-14,CHC-01107,Gianduja Style Hazelnut Chocolate Drops,Europe,Switzerland,Retail Store,117,5.04,589.68
SALE-000581,2026-06-08,CHC-01354,Lemon Zest White Chocolate Squares,Asia Pacific,Australia,Duty-Free,24,3.1,74.4
SALE-000582,2025-11-13,CHC-00231,Sea Salt Milk Chocolate Pralines,Asia Pacific,Japan,Direct-to-Consumer,7,3.73,26.11
SALE-000583,2026-01-12,CHC-00750,Coconut White Chocolate Truffle Box,Europe,Switzerland,Duty-Free,14,2.5,35.0
SALE-000584,2026-06-19,CHC-01220,Biscuit Milk Chocolate Gift Box,Europe,Germany,Retail Store,13,3.74,48.62
SALE-000585,2025-09-25,CHC-00530,Cranberry Walnut Fruit & Nut Chocolate Chips (Baking),Europe,Belgium,E-Commerce,4,2.96,11.84
SALE-000586,2026-04-19,CHC-01313,Diabetic Friendly Sugar-Free Chocolate Chips (Baking),Middle East & Africa,South Africa,Duty-Free,56,4.24,237.44
SALE-000587,2025-12-03,CHC-00307,Bakers Classic Compound Chocolate Wafer Bar,Europe,Belgium,E-Commerce,13,1.26,16.38
SALE-000588,2026-04-28,CHC-01490,Confectionery Grade Compound Chocolate Truffle Box,North America,Mexico,Direct-to-Consumer,12,1.4,16.8
SALE-000589,2026-02-18,CHC-00860,Coconut Sugar Vegan Dark Chocolate Wafer Bar,Europe,Switzerland,E-Commerce,31,6.61,204.91
SALE-000590,2026-01-10,CHC-00931,70% Intense Dark Chocolate Filled Bar,Asia Pacific,Japan,Duty-Free,18,4.65,83.7
SALE-000591,2025-08-24,CHC-01351,Espresso Infused Dark Chocolate Drops,Europe,Switzerland,Wholesale Distributor,47,2.51,117.97
SALE-000592,2026-06-07,CHC-01079,Organic Fair-Trade Chocolate Squares,Asia Pacific,China,E-Commerce,32,6.9,220.8
SALE-000593,2026-07-19,CHC-00203,70% Intense Dark Chocolate Drops,Europe,Belgium,Duty-Free,11,2.9,31.9
SALE-000594,2026-04-29,CHC-00565,Roasted Almond Chocolate Pralines,North America,Mexico,E-Commerce,113,4.5,508.5
SALE-000595,2025-10-01,CHC-00477,Whole Hazelnut Chocolate Gift Box,Europe,Belgium,Retail Store,20,3.54,70.8
SALE-000596,2026-06-04,CHC-00518,Single Origin Dark Chocolate Squares,Asia Pacific,Indonesia,Duty-Free,32,4.74,151.68
SALE-000597,2026-01-24,CHC-01077,Roasted Almond Chocolate Truffle Box,Latin America,Colombia,E-Commerce,39,4.68,182.52
SALE-000598,2026-05-22,CHC-01430,Single Origin Dark Chocolate Chips (Baking),Middle East & Africa,Cote d'Ivoire,Direct-to-Consumer,64,3.27,209.28
SALE-000599,2026-06-01,CHC-00176,85% Extra Bold Dark Chocolate Drops,Middle East & Africa,Ghana,Retail Store,66,3.82,252.12
SALE-000600,2026-05-17,CHC-01354,Lemon Zest White Chocolate Squares,Asia Pacific,Australia,Wholesale Distributor,21,3.1,65.1
SALE-000601,2026-01-11,CHC-00125,Whole Hazelnut Chocolate Gift Box,North America,USA,Retail Store,17,4.76,80.92
SALE-000602,2026-08-03,CHC-00455,Coconut White Chocolate Filled Bar,North America,USA,Direct-to-Consumer,142,2.26,320.92
SALE-000603,2025-10-05,CHC-00838,Whole Hazelnut Chocolate Filled Bar,Middle East & Africa,UAE,Duty-Free,10,5.0,50.0
SALE-000604,2025-11-29,CHC-00248,Confectionery Grade Compound Chocolate Gift Box,Latin America,Ecuador,Direct-to-Consumer,5,2.31,11.55
SALE-000605,2026-05-31,CHC-00211,Single Origin Dark Chocolate Squares,North America,Canada,Duty-Free,44,4.66,205.04
SALE-000606,2026-07-26,CHC-00317,70% Intense Dark Chocolate Bar,Latin America,Brazil,Direct-to-Consumer,10,4.91,49.1
SALE-000607,2026-07-31,CHC-01391,Single Origin Dark Chocolate Wafer Bar,Middle East & Africa,Ghana,Direct-to-Consumer,8,4.11,32.88
SALE-000608,2025-10-29,CHC-00698,Marzipan Style Almond Chocolate Coated Nuts,North America,Mexico,Direct-to-Consumer,53,4.66,246.98
SALE-000609,2025-09-08,CHC-01343,Gianduja Style Hazelnut Chocolate Drops,Europe,Switzerland,Duty-Free,13,5.6,72.8
SALE-000610,2025-10-14,CHC-01445,Confectionery Grade Compound Chocolate Filled Bar,Latin America,Ecuador,Wholesale Distributor,29,1.39,40.31
SALE-000611,2025-12-01,CHC-00770,Stevia Sweetened Sugar-Free Chocolate Squares,Europe,Germany,Duty-Free,55,3.41,187.55
SALE-000612,2026-04-23,CHC-01024,Plant-Based Classic Vegan Dark Chocolate Drops,Europe,Italy,Retail Store,37,4.09,151.33
SALE-000613,2025-09-27,CHC-00871,Cranberry Walnut Fruit & Nut Chocolate Wafer Bar,Europe,France,E-Commerce,35,3.17,110.95
SALE-000614,2026-02-03,CHC-00612,85% Extra Bold Dark Chocolate Bar,Europe,Switzerland,Direct-to-Consumer,42,5.5,231.0
SALE-000615,2025-08-16,CHC-00355,Raspberry Swirl White Chocolate Pralines,Europe,Netherlands,Direct-to-Consumer,28,2.61,73.08
SALE-000616,2026-04-24,CHC-01187,Classic Milk Chocolate Bar,Europe,Switzerland,E-Commerce,31,3.38,104.78
SALE-000617,2025-12-23,CHC-00480,Salted Butter Caramel Chocolate Wafer Bar,Middle East & Africa,UAE,Duty-Free,32,2.59,82.88
SALE-000618,2025-11-04,CHC-00622,Value Pack Compound Chocolate Gift Box,Middle East & Africa,Cote d'Ivoire,Duty-Free,21,1.99,41.79
SALE-000619,2025-08-25,CHC-00556,Roasted Almond Chocolate Drops,Europe,Germany,Retail Store,18,2.95,53.1
SALE-000620,2025-12-05,CHC-00192,Salted Butter Caramel Chocolate Drops,Middle East & Africa,Cote d'Ivoire,Direct-to-Consumer,23,3.88,89.24
SALE-000621,2025-11-17,CHC-01273,Sea Salt Milk Chocolate Gift Box,Asia Pacific,Indonesia,Direct-to-Consumer,17,3.28,55.76
SALE-000622,2026-01-15,CHC-00507,Single Origin Dark Chocolate Chips (Baking),Middle East & Africa,Ghana,Duty-Free,11,4.03,44.33
SALE-000623,2026-03-19,CHC-01051,85% Extra Bold Dark Chocolate Gift Box,North America,USA,Direct-to-Consumer,13,6.13,79.69
SALE-000624,2026-05-09,CHC-01023,Confectionery Grade Compound Chocolate Chips (Baking),North America,USA,Wholesale Distributor,78,1.87,145.86
SALE-000625,2026-07-31,CHC-01176,Roasted Almond Chocolate Bar,North America,USA,Direct-to-Consumer,20,4.49,89.8
SALE-000626,2026-05-05,CHC-01163,Espresso Infused Dark Chocolate Drops,Europe,Netherlands,Wholesale Distributor,47,5.19,243.93
SALE-000627,2025-08-04,CHC-00954,Whole Hazelnut Chocolate Wafer Bar,Asia Pacific,China,E-Commerce,4,3.67,14.68
SALE-000628,2025-12-18,CHC-00738,Espresso Infused Dark Chocolate Wafer Bar,North America,Mexico,E-Commerce,50,3.49,174.5
SALE-000629,2026-04-19,CHC-00254,Espresso Infused Dark Chocolate Chips (Baking),Latin America,Peru,Direct-to-Consumer,131,4.92,644.52
SALE-000630,2026-03-21,CHC-00743,Citrus Ruby Chocolate Filled Bar,Middle East & Africa,Cote d'Ivoire,E-Commerce,15,5.92,88.8
SALE-000631,2026-07-05,CHC-00009,Confectionery Grade Compound Chocolate Drops,Europe,Germany,Direct-to-Consumer,34,1.57,53.38
SALE-000632,2025-12-10,CHC-01263,Sea Salt Caramel Chocolate Pralines,Europe,United Kingdom,E-Commerce,59,3.5,206.5
SALE-000633,2025-08-25,CHC-00020,Lemon Zest White Chocolate Chips (Baking),Europe,Switzerland,Direct-to-Consumer,11,4.46,49.06
SALE-000634,2026-06-06,CHC-01165,Vanilla Bean White Chocolate Chips (Baking),Europe,Switzerland,Wholesale Distributor,20,2.46,49.2
SALE-000635,2025-12-19,CHC-01296,Value Pack Compound Chocolate Chips (Baking),Europe,Belgium,Direct-to-Consumer,58,1.42,82.36
SALE-000636,2026-04-29,CHC-00340,Bakers Classic Compound Chocolate Chips (Baking),Europe,Italy,Direct-to-Consumer,18,1.69,30.42
SALE-000637,2026-04-30,CHC-01261,70% Intense Dark Chocolate Chips (Baking),North America,USA,Retail Store,43,5.37,230.91
SALE-000638,2025-12-08,CHC-00588,Sea Salt Milk Chocolate Truffle Box,Middle East & Africa,South Africa,Duty-Free,32,2.68,85.76
SALE-000639,2025-12-28,CHC-00876,Original Ruby Chocolate Coated Nuts,Asia Pacific,India,Direct-to-Consumer,38,7.24,275.12
SALE-000640,2025-09-22,CHC-01272,Stevia Sweetened Sugar-Free Chocolate Wafer Bar,Europe,Switzerland,Direct-to-Consumer,23,4.47,102.81
SALE-000641,2025-10-03,CHC-00830,Whole Hazelnut Chocolate Bar,Europe,Germany,E-Commerce,12,3.74,44.88
SALE-000642,2025-11-21,CHC-00688,Raspberry Swirl White Chocolate Bar,Latin America,Peru,E-Commerce,69,2.23,153.87
SALE-000643,2026-06-22,CHC-00585,Value Pack Compound Chocolate Squares,Middle East & Africa,South Africa,Direct-to-Consumer,73,1.34,97.82
SALE-000644,2025-11-06,CHC-00565,Roasted Almond Chocolate Pralines,North America,Mexico,E-Commerce,24,4.5,108.0
SALE-000645,2025-10-13,CHC-01190,Classic Sugar-Free Chocolate Chips (Baking),Latin America,Brazil,Direct-to-Consumer,9,4.18,37.62
SALE-000646,2025-10-23,CHC-01103,Organic Raw Cacao Chocolate Drops,Asia Pacific,Japan,Retail Store,45,5.96,268.2
SALE-000647,2026-01-13,CHC-01300,Espresso Infused Dark Chocolate Drops,Asia Pacific,China,Direct-to-Consumer,12,5.83,69.96
SALE-000648,2026-07-31,CHC-00199,Praline Hazelnut Chocolate Wafer Bar,Europe,France,Wholesale Distributor,24,5.59,134.16
SALE-000649,2026-05-05,CHC-01058,Vanilla Bean White Chocolate Coated Nuts,Europe,Netherlands,Retail Store,11,2.17,23.87
SALE-000650,2025-10-26,CHC-01291,Diabetic Friendly Sugar-Free Chocolate Wafer Bar,Europe,Switzerland,Direct-to-Consumer,7,5.09,35.63
SALE-000651,2026-07-13,CHC-00439,Soft Caramel Core Chocolate Coated Nuts,Asia Pacific,China,Wholesale Distributor,6,4.25,25.5
SALE-000652,2026-07-29,CHC-00223,Bakers Classic Compound Chocolate Gift Box,Asia Pacific,Australia,Retail Store,53,1.69,89.57
SALE-000653,2025-08-20,CHC-01125,Plant-Based Classic Vegan Dark Chocolate Filled Bar,North America,Canada,Direct-to-Consumer,82,4.65,381.3
SALE-000654,2025-10-19,CHC-00060,Bakers Classic Compound Chocolate Wafer Bar,Middle East & Africa,South Africa,Retail Store,24,1.3,31.2
SALE-000655,2025-09-17,CHC-00458,Raspberry Swirl White Chocolate Filled Bar,North America,Canada,Retail Store,15,2.72,40.8
SALE-000656,2026-07-24,CHC-01072,Raspberry Swirl White Chocolate Gift Box,Europe,Belgium,Duty-Free,48,3.51,168.48
SALE-000657,2026-01-19,CHC-00318,Espresso Infused Dark Chocolate Wafer Bar,Middle East & Africa,South Africa,Direct-to-Consumer,42,5.56,233.52
SALE-000658,2025-08-18,CHC-00227,Plant-Based Classic Vegan Dark Chocolate Gift Box,Europe,Switzerland,Direct-to-Consumer,59,4.09,241.31
SALE-000659,2026-03-25,CHC-00096,Biscuit Milk Chocolate Squares,Europe,Germany,E-Commerce,52,2.48,128.96
SALE-000660,2026-02-11,CHC-00436,Citrus Ruby Chocolate Chips (Baking),Latin America,Colombia,Wholesale Distributor,16,5.39,86.24
SALE-000661,2026-06-21,CHC-01249,Gianduja Style Hazelnut Chocolate Drops,Middle East & Africa,Cote d'Ivoire,Retail Store,26,4.38,113.88
SALE-000662,2026-03-07,CHC-00388,Praline Hazelnut Chocolate Chips (Baking),Asia Pacific,Indonesia,E-Commerce,92,5.93,545.56
SALE-000663,2026-05-30,CHC-00020,Lemon Zest White Chocolate Chips (Baking),Europe,Switzerland,Direct-to-Consumer,9,4.46,40.14
SALE-000664,2026-04-15,CHC-00920,Plant-Based Classic Vegan Dark Chocolate Pralines,North America,USA,Retail Store,40,6.55,262.0
SALE-000665,2025-08-12,CHC-00841,Organic Raw Cacao Chocolate Squares,Europe,Germany,Retail Store,21,3.8,79.8
SALE-000666,2026-07-14,CHC-00576,Single Origin Dark Chocolate Truffle Box,North America,USA,Wholesale Distributor,2,2.82,5.64
SALE-000667,2026-05-20,CHC-00119,Soft Caramel Core Chocolate Coated Nuts,Europe,United Kingdom,E-Commerce,29,3.45,100.05
SALE-000668,2026-05-18,CHC-01164,Raspberry Swirl White Chocolate Wafer Bar,Europe,Switzerland,Retail Store,44,4.25,187.0
SALE-000669,2025-12-04,CHC-00363,Espresso Infused Dark Chocolate Filled Bar,Asia Pacific,India,Wholesale Distributor,9,3.28,29.52
SALE-000670,2025-12-20,CHC-01039,Honeycomb Milk Chocolate Truffle Box,Middle East & Africa,Cote d'Ivoire,Wholesale Distributor,25,3.61,90.25
SALE-000671,2026-06-05,CHC-00173,Stevia Sweetened Sugar-Free Chocolate Drops,Latin America,Brazil,Wholesale Distributor,12,4.65,55.8
SALE-000672,2026-05-26,CHC-00273,Salted Butter Caramel Chocolate Bar,Europe,Belgium,Wholesale Distributor,22,4.89,107.58
SALE-000673,2026-04-06,CHC-01386,Oat Milk Blend Vegan Dark Chocolate Drops,North America,Mexico,Duty-Free,5,3.47,17.35
SALE-000674,2026-01-04,CHC-00292,85% Extra Bold Dark Chocolate Squares,North America,Mexico,E-Commerce,32,3.73,119.36
SALE-000675,2026-08-02,CHC-01313,Diabetic Friendly Sugar-Free Chocolate Chips (Baking),Middle East & Africa,South Africa,E-Commerce,24,4.24,101.76
SALE-000676,2026-04-22,CHC-01413,Diabetic Friendly Sugar-Free Chocolate Squares,Latin America,Brazil,Wholesale Distributor,67,5.36,359.12
SALE-000677,2025-12-09,CHC-01130,Organic Raw Cacao Chocolate Coated Nuts,Europe,Germany,Wholesale Distributor,24,4.31,103.44
SALE-000678,2026-03-25,CHC-00950,Whole Hazelnut Chocolate Wafer Bar,Asia Pacific,Australia,Wholesale Distributor,38,5.8,220.4
SALE-000679,2026-07-22,CHC-01291,Diabetic Friendly Sugar-Free Chocolate Wafer Bar,Europe,Switzerland,E-Commerce,6,5.09,30.54
SALE-000680,2026-06-06,CHC-00624,Vanilla Bean White Chocolate Truffle Box,Asia Pacific,Australia,Direct-to-Consumer,40,2.89,115.6
SALE-000681,2026-06-15,CHC-00350,Tropical Mix Fruit & Nut Chocolate Drops,Europe,France,Duty-Free,9,4.83,43.47
SALE-000682,2026-01-14,CHC-00155,Coconut Sugar Vegan Dark Chocolate Chips (Baking),Europe,France,Direct-to-Consumer,19,4.85,92.15
SALE-000683,2026-03-05,CHC-00905,Organic Fair-Trade Chocolate Squares,Asia Pacific,Indonesia,Retail Store,37,6.44,238.28
SALE-000684,2026-02-14,CHC-01291,Diabetic Friendly Sugar-Free Chocolate Wafer Bar,Europe,Switzerland,Wholesale Distributor,13,5.09,66.17
SALE-000685,2026-01-17,CHC-00860,Coconut Sugar Vegan Dark Chocolate Wafer Bar,Europe,Switzerland,Wholesale Distributor,40,6.61,264.4
SALE-000686,2025-08-29,CHC-00471,Single Origin Dark Chocolate Bar,Middle East & Africa,Cote d'Ivoire,Retail Store,17,3.07,52.19
SALE-000687,2026-04-28,CHC-01266,Soft Caramel Core Chocolate Gift Box,Asia Pacific,Indonesia,Direct-to-Consumer,17,3.82,64.94
SALE-000688,2025-12-31,CHC-00140,Organic Single Origin Chocolate Coated Nuts,Asia Pacific,India,Duty-Free,21,5.89,123.69
SALE-000689,2026-05-16,CHC-01424,Organic Single Origin Chocolate Coated Nuts,Latin America,Ecuador,Retail Store,22,3.82,84.04
SALE-000690,2026-03-31,CHC-01025,Salted Butter Caramel Chocolate Coated Nuts,Europe,Germany,Retail Store,24,4.14,99.36
SALE-000691,2026-06-20,CHC-00763,Sea Salt Milk Chocolate Coated Nuts,Latin America,Peru,Retail Store,169,3.79,640.51
SALE-000692,2026-06-22,CHC-00421,Raisin & Almond Fruit & Nut Chocolate Bar,Europe,France,Direct-to-Consumer,8,5.43,43.44
SALE-000693,2026-03-02,CHC-01366,Cranberry Walnut Fruit & Nut Chocolate Chips (Baking),Asia Pacific,Japan,Wholesale Distributor,43,3.96,170.28
SALE-000694,2026-06-22,CHC-00542,Tropical Mix Fruit & Nut Chocolate Bar,Middle East & Africa,Cote d'Ivoire,E-Commerce,32,4.06,129.92
SALE-000695,2025-08-07,CHC-00128,Berry Burst Ruby Chocolate Truffle Box,Asia Pacific,Australia,Retail Store,21,6.86,144.06
SALE-000696,2025-10-28,CHC-01165,Vanilla Bean White Chocolate Chips (Baking),Europe,Switzerland,Duty-Free,40,2.46,98.4
SALE-000697,2026-06-12,CHC-01482,85% Extra Bold Dark Chocolate Wafer Bar,Latin America,Peru,Direct-to-Consumer,98,3.55,347.9
SALE-000698,2025-11-29,CHC-00380,Sea Salt Milk Chocolate Wafer Bar,Latin America,Ecuador,Wholesale Distributor,56,2.79,156.24
SALE-000699,2025-08-23,CHC-01019,Roasted Almond Chocolate Drops,Asia Pacific,Japan,Retail Store,16,3.86,61.76
SALE-000700,2025-12-29,CHC-00567,Roasted Almond Chocolate Squares,Europe,Germany,Duty-Free,51,4.67,238.17
SALE-000701,2026-05-16,CHC-01389,Berry Burst Ruby Chocolate Bar,Asia Pacific,China,Wholesale Distributor,27,4.65,125.55
SALE-000702,2025-10-13,CHC-00911,Berry Burst Ruby Chocolate Filled Bar,Latin America,Colombia,Direct-to-Consumer,65,7.78,505.7
SALE-000703,2025-09-15,CHC-01335,Organic Single Origin Chocolate Wafer Bar,North America,Mexico,Direct-to-Consumer,42,7.39,310.38
SALE-000704,2025-09-09,CHC-00271,Stevia Sweetened Sugar-Free Chocolate Pralines,Europe,Germany,Wholesale Distributor,13,4.24,55.12
SALE-000705,2026-06-18,CHC-00575,Berry Burst Ruby Chocolate Wafer Bar,North America,USA,Retail Store,13,4.44,57.72
SALE-000706,2025-11-04,CHC-00388,Praline Hazelnut Chocolate Chips (Baking),Asia Pacific,Indonesia,Direct-to-Consumer,97,5.93,575.21
SALE-000707,2025-11-23,CHC-01385,Classic Milk Chocolate Squares,Middle East & Africa,Ghana,Wholesale Distributor,7,4.23,29.61
SALE-000708,2025-11-15,CHC-00943,Praline Hazelnut Chocolate Coated Nuts,North America,Canada,Direct-to-Consumer,133,4.31,573.23
SALE-000709,2026-07-21,CHC-01336,Sea Salt Caramel Chocolate Chips (Baking),Middle East & Africa,Ghana,Wholesale Distributor,4,3.53,14.12
SALE-000710,2026-01-11,CHC-00234,Coconut Sugar Vegan Dark Chocolate Drops,North America,USA,E-Commerce,21,6.03,126.63
SALE-000711,2025-10-05,CHC-00837,Cranberry Walnut Fruit & Nut Chocolate Chips (Baking),Europe,Switzerland,Wholesale Distributor,10,4.56,45.6
SALE-000712,2026-05-04,CHC-01183,Raisin & Almond Fruit & Nut Chocolate Pralines,Asia Pacific,India,Retail Store,133,3.88,516.04
SALE-000713,2026-06-03,CHC-00434,Organic Raw Cacao Chocolate Coated Nuts,Europe,Germany,Duty-Free,37,4.29,158.73
SALE-000714,2025-09-19,CHC-00417,Raspberry Swirl White Chocolate Drops,Asia Pacific,Indonesia,Wholesale Distributor,13,2.57,33.41
SALE-000715,2025-12-08,CHC-01321,Sea Salt Caramel Chocolate Wafer Bar,Europe,France,Direct-to-Consumer,11,3.79,41.69
SALE-000716,2026-06-04,CHC-00898,Single Origin Dark Chocolate Coated Nuts,Europe,Italy,Duty-Free,96,5.78,554.88
SALE-000717,2026-07-16,CHC-00041,Almond Crunch Chocolate Drops,Europe,United Kingdom,Retail Store,33,4.16,137.28
SALE-000718,2026-03-11,CHC-00642,Sea Salt Milk Chocolate Squares,Latin America,Brazil,Retail Store,24,2.41,57.84
SALE-000719,2025-08-27,CHC-00349,70% Intense Dark Chocolate Truffle Box,Europe,Switzerland,Duty-Free,24,3.15,75.6
SALE-000720,2025-10-02,CHC-00882,Diabetic Friendly Sugar-Free Chocolate Pralines,Europe,Switzerland,Direct-to-Consumer,8,3.6,28.8
SALE-000721,2025-09-16,CHC-00658,Whole Hazelnut Chocolate Wafer Bar,Europe,United Kingdom,Wholesale Distributor,8,5.01,40.08
SALE-000722,2025-08-18,CHC-01013,Almond Crunch Chocolate Filled Bar,North America,Mexico,Retail Store,9,4.41,39.69
SALE-000723,2026-05-11,CHC-00329,Honeycomb Milk Chocolate Filled Bar,Europe,Italy,Direct-to-Consumer,34,3.19,108.46
SALE-000724,2025-11-06,CHC-01089,Sea Salt Caramel Chocolate Filled Bar,Middle East & Africa,South Africa,Direct-to-Consumer,33,4.97,164.01
SALE-000725,2025-10-19,CHC-00192,Salted Butter Caramel Chocolate Drops,Middle East & Africa,Cote d'Ivoire,Duty-Free,4,3.88,15.52
SALE-000726,2026-02-15,CHC-00279,Lemon Zest White Chocolate Coated Nuts,Europe,Netherlands,E-Commerce,188,4.07,765.16
SALE-000727,2026-02-19,CHC-00819,Gianduja Style Hazelnut Chocolate Drops,Europe,United Kingdom,Retail Store,21,4.97,104.37
SALE-000728,2025-10-27,CHC-00020,Lemon Zest White Chocolate Chips (Baking),Europe,Switzerland,E-Commerce,15,4.46,66.9
SALE-000729,2026-05-25,CHC-00465,Diabetic Friendly Sugar-Free Chocolate Wafer Bar,Latin America,Peru,Direct-to-Consumer,16,5.12,81.92
SALE-000730,2026-06-21,CHC-01019,Roasted Almond Chocolate Drops,Asia Pacific,Japan,Direct-to-Consumer,33,3.86,127.38
SALE-000731,2026-02-01,CHC-00862,Roasted Almond Chocolate Filled Bar,North America,Mexico,E-Commerce,28,3.97,111.16
SALE-000732,2026-05-21,CHC-01173,Praline Hazelnut Chocolate Gift Box,North America,Mexico,E-Commerce,74,5.73,424.02
SALE-000733,2026-07-08,CHC-00233,Roasted Almond Chocolate Filled Bar,North America,Mexico,Duty-Free,26,3.98,103.48
SALE-000734,2025-11-11,CHC-00416,Classic Milk Chocolate Filled Bar,Asia Pacific,Australia,E-Commerce,52,4.39,228.28
SALE-000735,2026-07-12,CHC-00458,Raspberry Swirl White Chocolate Filled Bar,North America,Canada,Retail Store,48,2.72,130.56
SALE-000736,2025-10-08,CHC-00481,Honeycomb Milk Chocolate Pralines,Middle East & Africa,South Africa,Wholesale Distributor,22,2.68,58.96
SALE-000737,2025-12-30,CHC-01090,Salted Butter Caramel Chocolate Squares,Asia Pacific,China,Direct-to-Consumer,58,3.48,201.84
SALE-000738,2025-12-22,CHC-01281,Value Pack Compound Chocolate Squares,North America,Canada,Duty-Free,9,1.29,11.61
SALE-000739,2025-09-25,CHC-00802,Single Origin Dark Chocolate Gift Box,Middle East & Africa,UAE,Retail Store,15,5.1,76.5
SALE-000740,2026-06-12,CHC-00023,Sea Salt Caramel Chocolate Wafer Bar,Europe,Belgium,Retail Store,39,2.88,112.32
SALE-000741,2025-08-31,CHC-00587,Marzipan Style Almond Chocolate Gift Box,Europe,Germany,Wholesale Distributor,31,2.87,88.97
SALE-000742,2025-10-29,CHC-00952,Whole Hazelnut Chocolate Squares,Europe,Germany,Retail Store,17,5.0,85.0
SALE-000743,2026-04-27,CHC-00120,Oat Milk Blend Vegan Dark Chocolate Gift Box,Europe,France,E-Commerce,28,6.28,175.84
SALE-000744,2026-04-05,CHC-00976,Classic Milk Chocolate Bar,North America,Canada,Duty-Free,12,2.66,31.92
SALE-000745,2025-11-20,CHC-01475,Biscuit Milk Chocolate Drops,Europe,Belgium,E-Commerce,7,2.35,16.45
SALE-000746,2025-10-24,CHC-00591,Bakers Classic Compound Chocolate Pralines,Latin America,Colombia,Direct-to-Consumer,27,1.62,43.74
SALE-000747,2026-03-03,CHC-00585,Value Pack Compound Chocolate Squares,Middle East & Africa,South Africa,Retail Store,6,1.34,8.04
SALE-000748,2026-02-08,CHC-01390,Espresso Infused Dark Chocolate Bar,Asia Pacific,Japan,E-Commerce,17,5.75,97.75
SALE-000749,2026-05-20,CHC-01285,85% Extra Bold Dark Chocolate Wafer Bar,Europe,France,E-Commerce,30,5.44,163.2
SALE-000750,2026-07-05,CHC-00732,70% Intense Dark Chocolate Pralines,Middle East & Africa,South Africa,Wholesale Distributor,45,4.04,181.8
SALE-000751,2025-12-17,CHC-00489,85% Extra Bold Dark Chocolate Bar,Europe,Belgium,Duty-Free,99,4.12,407.88
SALE-000752,2026-03-11,CHC-00662,Espresso Infused Dark Chocolate Drops,Middle East & Africa,Cote d'Ivoire,Retail Store,42,2.88,120.96
SALE-000753,2025-09-18,CHC-00001,Berry Burst Ruby Chocolate Pralines,Europe,United Kingdom,Wholesale Distributor,22,4.15,91.3
SALE-000754,2025-12-16,CHC-00510,Oat Milk Blend Vegan Dark Chocolate Gift Box,Middle East & Africa,UAE,Wholesale Distributor,13,6.38,82.94
SALE-000755,2026-07-23,CHC-01119,70% Intense Dark Chocolate Wafer Bar,Asia Pacific,India,Retail Store,30,5.94,178.2
SALE-000756,2025-11-01,CHC-00201,Salted Butter Caramel Chocolate Chips (Baking),Asia Pacific,India,Retail Store,137,4.69,642.53
SALE-000757,2025-12-10,CHC-00697,Salted Butter Caramel Chocolate Filled Bar,North America,Canada,Duty-Free,108,3.74,403.92
SALE-000758,2026-06-24,CHC-00782,Vanilla Bean White Chocolate Gift Box,Asia Pacific,Australia,E-Commerce,14,4.2,58.8
SALE-000759,2026-04-26,CHC-00941,Classic Sugar-Free Chocolate Truffle Box,North America,Canada,Retail Store,13,4.89,63.57
SALE-000760,2025-11-24,CHC-00305,Confectionery Grade Compound Chocolate Coated Nuts,Europe,Netherlands,Retail Store,56,2.29,128.24
SALE-000761,2026-06-30,CHC-00738,Espresso Infused Dark Chocolate Wafer Bar,North America,Mexico,Direct-to-Consumer,8,3.49,27.92
SALE-000762,2026-05-28,CHC-00142,Almond Crunch Chocolate Drops,Middle East & Africa,Cote d'Ivoire,E-Commerce,12,3.47,41.64
SALE-000763,2025-09-12,CHC-00091,Sea Salt Caramel Chocolate Bar,Latin America,Peru,E-Commerce,8,4.73,37.84
SALE-000764,2025-11-01,CHC-01373,Cranberry Walnut Fruit & Nut Chocolate Chips (Baking),Europe,United Kingdom,Direct-to-Consumer,39,3.25,126.75
SALE-000765,2026-03-19,CHC-00924,Tropical Mix Fruit & Nut Chocolate Wafer Bar,Asia Pacific,India,Wholesale Distributor,23,4.2,96.6
SALE-000766,2026-01-25,CHC-01450,Marzipan Style Almond Chocolate Chips (Baking),Asia Pacific,Japan,Duty-Free,12,4.15,49.8
SALE-000767,2026-02-10,CHC-00904,Marzipan Style Almond Chocolate Pralines,Latin America,Colombia,Wholesale Distributor,18,4.38,78.84
SALE-000768,2025-11-30,CHC-00294,Salted Butter Caramel Chocolate Wafer Bar,Europe,France,Direct-to-Consumer,17,2.76,46.92
SALE-000769,2026-01-18,CHC-00420,Roasted Almond Chocolate Drops,Asia Pacific,Japan,E-Commerce,16,3.14,50.24
SALE-000770,2025-09-13,CHC-01351,Espresso Infused Dark Chocolate Drops,Europe,Switzerland,Wholesale Distributor,15,2.51,37.65
SALE-000771,2026-03-21,CHC-01385,Classic Milk Chocolate Squares,Middle East & Africa,Ghana,Duty-Free,141,4.23,596.43
SALE-000772,2026-02-03,CHC-00682,Soft Caramel Core Chocolate Drops,Asia Pacific,Japan,Duty-Free,11,4.6,50.6
SALE-000773,2025-12-25,CHC-01144,Cranberry Walnut Fruit & Nut Chocolate Filled Bar,Latin America,Ecuador,Duty-Free,24,4.6,110.4
SALE-000774,2025-09-20,CHC-00662,Espresso Infused Dark Chocolate Drops,Middle East & Africa,Cote d'Ivoire,Duty-Free,29,2.88,83.52
SALE-000775,2026-07-18,CHC-00561,70% Intense Dark Chocolate Drops,Europe,Belgium,E-Commerce,93,3.09,287.37
SALE-000776,2026-03-08,CHC-01431,Single Origin Dark Chocolate Truffle Box,North America,Mexico,Retail Store,27,2.85,76.95
SALE-000777,2026-07-04,CHC-01442,Salted Butter Caramel Chocolate Bar,Latin America,Ecuador,Direct-to-Consumer,61,3.48,212.28
SALE-000778,2026-05-04,CHC-00309,Organic Fair-Trade Chocolate Filled Bar,Europe,Netherlands,Direct-to-Consumer,17,5.41,91.97
SALE-000779,2026-06-06,CHC-00747,Cranberry Walnut Fruit & Nut Chocolate Drops,Middle East & Africa,Cote d'Ivoire,Duty-Free,16,5.36,85.76
SALE-000780,2026-05-19,CHC-00977,Single Origin Dark Chocolate Chips (Baking),Middle East & Africa,South Africa,Duty-Free,158,4.8,758.4
SALE-000781,2026-03-28,CHC-00495,Coconut Sugar Vegan Dark Chocolate Pralines,Asia Pacific,Australia,Wholesale Distributor,25,6.44,161.0
SALE-000782,2026-04-15,CHC-01202,85% Extra Bold Dark Chocolate Coated Nuts,Asia Pacific,Australia,Direct-to-Consumer,3,6.0,18.0
SALE-000783,2026-04-20,CHC-00585,Value Pack Compound Chocolate Squares,Middle East & Africa,South Africa,Wholesale Distributor,16,1.34,21.44
SALE-000784,2026-02-06,CHC-00412,Single Origin Dark Chocolate Bar,North America,Canada,Duty-Free,110,3.51,386.1
SALE-000785,2026-05-07,CHC-00009,Confectionery Grade Compound Chocolate Drops,Europe,Germany,Direct-to-Consumer,13,1.57,20.41
SALE-000786,2025-10-08,CHC-01454,Classic Milk Chocolate Bar,Asia Pacific,Australia,Retail Store,17,2.75,46.75
SALE-000787,2025-09-08,CHC-01419,Plant-Based Classic Vegan Dark Chocolate Truffle Box,Europe,France,Duty-Free,47,3.86,181.42
SALE-000788,2026-01-07,CHC-00654,Espresso Infused Dark Chocolate Filled Bar,Europe,France,Retail Store,40,5.62,224.8
SALE-000789,2026-05-07,CHC-01328,Raspberry Swirl White Chocolate Coated Nuts,Middle East & Africa,South Africa,Direct-to-Consumer,36,3.31,119.16
SALE-000790,2026-04-01,CHC-00158,Classic Sugar-Free Chocolate Filled Bar,Asia Pacific,Indonesia,E-Commerce,141,4.76,671.16
SALE-000791,2026-02-20,CHC-00208,Value Pack Compound Chocolate Pralines,Europe,United Kingdom,Retail Store,34,2.13,72.42
SALE-000792,2026-03-29,CHC-00064,Citrus Ruby Chocolate Pralines,North America,Mexico,E-Commerce,21,5.71,119.91
SALE-000793,2026-03-08,CHC-01100,Coconut White Chocolate Wafer Bar,Latin America,Colombia,Retail Store,81,3.2,259.2
SALE-000794,2025-09-30,CHC-01342,Espresso Infused Dark Chocolate Coated Nuts,Asia Pacific,Australia,Duty-Free,18,5.53,99.54
SALE-000795,2025-09-18,CHC-00089,Marzipan Style Almond Chocolate Drops,Europe,Switzerland,E-Commerce,45,3.35,150.75
SALE-000796,2026-02-11,CHC-00765,Confectionery Grade Compound Chocolate Coated Nuts,Latin America,Colombia,Duty-Free,64,1.57,100.48
SALE-000797,2026-07-15,CHC-00326,Roasted Almond Chocolate Chips (Baking),Middle East & Africa,Ghana,Retail Store,39,3.81,148.59
SALE-000798,2025-08-09,CHC-00256,Classic Milk Chocolate Gift Box,Asia Pacific,India,Retail Store,9,2.49,22.41
SALE-000799,2025-12-24,CHC-00287,Classic Sugar-Free Chocolate Filled Bar,Middle East & Africa,South Africa,E-Commerce,17,5.34,90.78
SALE-000800,2026-04-14,CHC-00346,Raisin & Almond Fruit & Nut Chocolate Drops,Asia Pacific,Japan,Duty-Free,68,4.13,280.84
SALE-000801,2025-08-28,CHC-01431,Single Origin Dark Chocolate Truffle Box,North America,Mexico,Wholesale Distributor,51,2.85,145.35
SALE-000802,2026-03-28,CHC-00502,Single Origin Dark Chocolate Gift Box,North America,Mexico,Duty-Free,11,3.18,34.98
SALE-000803,2025-11-08,CHC-01384,85% Extra Bold Dark Chocolate Chips (Baking),Asia Pacific,India,Direct-to-Consumer,74,6.27,463.98
SALE-000804,2025-08-09,CHC-00126,Almond Crunch Chocolate Bar,Latin America,Ecuador,Direct-to-Consumer,60,2.85,171.0
SALE-000805,2025-08-31,CHC-01096,70% Intense Dark Chocolate Bar,Latin America,Ecuador,Direct-to-Consumer,27,3.02,81.54
SALE-000806,2026-05-12,CHC-01381,Citrus Ruby Chocolate Coated Nuts,Latin America,Peru,Duty-Free,5,7.77,38.85
SALE-000807,2026-07-15,CHC-01012,Bakers Classic Compound Chocolate Squares,North America,Mexico,Retail Store,8,1.61,12.88
SALE-000808,2026-06-20,CHC-00674,Espresso Infused Dark Chocolate Filled Bar,Latin America,Colombia,Duty-Free,26,3.7,96.2
SALE-000809,2025-11-22,CHC-00916,Coconut White Chocolate Coated Nuts,Asia Pacific,Australia,Wholesale Distributor,16,2.56,40.96
SALE-000810,2026-03-30,CHC-01287,Original Ruby Chocolate Truffle Box,Europe,Germany,Retail Store,32,5.75,184.0
SALE-000811,2025-12-05,CHC-00540,Raisin & Almond Fruit & Nut Chocolate Chips (Baking),Europe,Belgium,Direct-to-Consumer,11,5.14,56.54
SALE-000812,2026-03-15,CHC-00976,Classic Milk Chocolate Bar,North America,Canada,Duty-Free,18,2.66,47.88
SALE-000813,2026-02-02,CHC-00342,Classic Milk Chocolate Drops,Asia Pacific,Indonesia,Direct-to-Consumer,45,3.29,148.05
SALE-000814,2026-03-31,CHC-00380,Sea Salt Milk Chocolate Wafer Bar,Latin America,Ecuador,E-Commerce,71,2.79,198.09
SALE-000815,2025-10-01,CHC-00947,Citrus Ruby Chocolate Bar,North America,Canada,E-Commerce,13,4.43,57.59
SALE-000816,2025-12-09,CHC-01319,Raspberry Swirl White Chocolate Gift Box,North America,Canada,Direct-to-Consumer,52,4.02,209.04
SALE-000817,2026-05-30,CHC-00697,Salted Butter Caramel Chocolate Filled Bar,North America,Canada,Duty-Free,75,3.74,280.5
SALE-000818,2026-06-17,CHC-00002,Raspberry Swirl White Chocolate Coated Nuts,North America,USA,Wholesale Distributor,26,3.78,98.28
SALE-000819,2026-02-08,CHC-00867,Whole Hazelnut Chocolate Filled Bar,Europe,Germany,E-Commerce,37,3.41,126.17
SALE-000820,2026-02-25,CHC-00550,70% Intense Dark Chocolate Coated Nuts,Latin America,Ecuador,Direct-to-Consumer,37,5.1,188.7
SALE-000821,2025-11-25,CHC-00224,85% Extra Bold Dark Chocolate Wafer Bar,Asia Pacific,Japan,Duty-Free,37,3.13,115.81
SALE-000822,2026-07-29,CHC-01196,Tropical Mix Fruit & Nut Chocolate Coated Nuts,Europe,Switzerland,E-Commerce,9,3.88,34.92
SALE-000823,2025-12-08,CHC-01148,Marzipan Style Almond Chocolate Gift Box,Latin America,Brazil,Direct-to-Consumer,12,4.26,51.12
SALE-000824,2025-09-22,CHC-01452,Value Pack Compound Chocolate Drops,Middle East & Africa,South Africa,Direct-to-Consumer,26,1.99,51.74
SALE-000825,2025-08-05,CHC-01231,Citrus Ruby Chocolate Drops,North America,Mexico,Duty-Free,9,7.58,68.22
SALE-000826,2026-05-15,CHC-00140,Organic Single Origin Chocolate Coated Nuts,Asia Pacific,India,E-Commerce,37,5.89,217.93
SALE-000827,2026-02-25,CHC-00688,Raspberry Swirl White Chocolate Bar,Latin America,Peru,Duty-Free,21,2.23,46.83
SALE-000828,2025-12-01,CHC-01135,Praline Hazelnut Chocolate Truffle Box,Europe,Netherlands,Duty-Free,12,4.87,58.44
SALE-000829,2026-05-26,CHC-00026,Organic Single Origin Chocolate Coated Nuts,Asia Pacific,Indonesia,E-Commerce,23,3.77,86.71
SALE-000830,2026-05-12,CHC-01245,Whole Hazelnut Chocolate Truffle Box,Europe,Switzerland,Retail Store,29,4.1,118.9
SALE-000831,2026-06-25,CHC-00903,Bakers Classic Compound Chocolate Chips (Baking),Latin America,Brazil,Duty-Free,4,1.32,5.28
SALE-000832,2025-11-03,CHC-01034,Roasted Almond Chocolate Chips (Baking),Middle East & Africa,Ghana,E-Commerce,4,3.63,14.52
SALE-000833,2025-09-26,CHC-00879,Biscuit Milk Chocolate Pralines,Europe,Belgium,Wholesale Distributor,25,2.18,54.5
SALE-000834,2026-02-17,CHC-00144,Roasted Almond Chocolate Pralines,Middle East & Africa,Ghana,E-Commerce,9,3.96,35.64
SALE-000835,2025-08-24,CHC-00280,Tropical Mix Fruit & Nut Chocolate Chips (Baking),Europe,Netherlands,Direct-to-Consumer,16,3.9,62.4
SALE-000836,2025-08-22,CHC-00021,Espresso Infused Dark Chocolate Wafer Bar,Asia Pacific,Japan,E-Commerce,45,6.02,270.9
SALE-000837,2026-05-26,CHC-00092,Praline Hazelnut Chocolate Squares,North America,Mexico,Duty-Free,17,5.78,98.26
SALE-000838,2025-10-22,CHC-01485,Espresso Infused Dark Chocolate Drops,Europe,Germany,Retail Store,11,2.5,27.5
SALE-000839,2026-05-31,CHC-00137,Organic Raw Cacao Chocolate Bar,North America,Mexico,Duty-Free,37,6.47,239.39
SALE-000840,2025-11-20,CHC-00743,Citrus Ruby Chocolate Filled Bar,Middle East & Africa,Cote d'Ivoire,Retail Store,27,5.92,159.84
SALE-000841,2026-01-13,CHC-00795,Organic Single Origin Chocolate Coated Nuts,North America,Mexico,Direct-to-Consumer,16,6.4,102.4
SALE-000842,2025-10-27,CHC-01395,Espresso Infused Dark Chocolate Squares,Asia Pacific,China,Wholesale Distributor,35,6.25,218.75
SALE-000843,2026-03-26,CHC-00493,Soft Caramel Core Chocolate Bar,Europe,United Kingdom,Direct-to-Consumer,11,4.24,46.64
SALE-000844,2025-10-19,CHC-01400,Tropical Mix Fruit & Nut Chocolate Drops,Europe,Germany,Retail Store,3,3.84,11.52
SALE-000845,2025-12-17,CHC-00999,Single Origin Dark Chocolate Coated Nuts,Europe,France,Retail Store,172,3.79,651.88
SALE-000846,2025-09-03,CHC-01443,Plant-Based Classic Vegan Dark Chocolate Drops,Europe,Switzerland,Duty-Free,46,5.56,255.76
SALE-000847,2026-03-06,CHC-01070,Classic Sugar-Free Chocolate Gift Box,Middle East & Africa,Cote d'Ivoire,Direct-to-Consumer,42,3.13,131.46
SALE-000848,2025-11-26,CHC-00349,70% Intense Dark Chocolate Truffle Box,Europe,Switzerland,E-Commerce,47,3.15,148.05
SALE-000849,2026-01-23,CHC-00646,Biscuit Milk Chocolate Gift Box,North America,USA,Wholesale Distributor,49,2.13,104.37
SALE-000850,2026-07-29,CHC-00205,Salted Butter Caramel Chocolate Squares,Europe,France,Wholesale Distributor,10,2.79,27.9
SALE-000851,2026-05-25,CHC-00907,Roasted Almond Chocolate Squares,Europe,Belgium,Wholesale Distributor,22,3.0,66.0
SALE-000852,2026-04-06,CHC-01153,Classic Sugar-Free Chocolate Pralines,Asia Pacific,Australia,Direct-to-Consumer,6,4.52,27.12
SALE-000853,2026-05-26,CHC-00454,Biscuit Milk Chocolate Pralines,Europe,Switzerland,Duty-Free,41,2.2,90.2
SALE-000854,2026-02-05,CHC-00529,Oat Milk Blend Vegan Dark Chocolate Squares,Europe,France,Duty-Free,32,5.36,171.52
SALE-000855,2025-11-17,CHC-01013,Almond Crunch Chocolate Filled Bar,North America,Mexico,Retail Store,50,4.41,220.5
SALE-000856,2026-04-10,CHC-00262,Biscuit Milk Chocolate Drops,North America,Mexico,Retail Store,19,4.47,84.93
SALE-000857,2025-10-08,CHC-00726,Sea Salt Caramel Chocolate Pralines,Europe,France,Duty-Free,33,3.13,103.29
SALE-000858,2025-10-08,CHC-00130,Praline Hazelnut Chocolate Gift Box,North America,Mexico,E-Commerce,11,3.04,33.44
SALE-000859,2025-08-30,CHC-00440,Cranberry Walnut Fruit & Nut Chocolate Truffle Box,Europe,Germany,Direct-to-Consumer,30,4.92,147.6
SALE-000860,2026-07-30,CHC-01176,Roasted Almond Chocolate Bar,North America,USA,Wholesale Distributor,31,4.49,139.19
SALE-000861,2026-07-26,CHC-01408,Espresso Infused Dark Chocolate Pralines,Europe,Germany,E-Commerce,31,4.13,128.03
SALE-000862,2026-01-25,CHC-01278,Organic Single Origin Chocolate Truffle Box,Latin America,Peru,E-Commerce,22,6.64,146.08
SALE-000863,2026-07-15,CHC-00338,Marzipan Style Almond Chocolate Bar,Latin America,Colombia,E-Commerce,4,3.39,13.56
SALE-000864,2025-08-09,CHC-00259,85% Extra Bold Dark Chocolate Filled Bar,North America,USA,E-Commerce,14,4.07,56.98
SALE-000865,2026-04-24,CHC-00845,Gianduja Style Hazelnut Chocolate Pralines,Europe,France,Retail Store,43,5.23,224.89
SALE-000866,2026-07-27,CHC-01305,Biscuit Milk Chocolate Pralines,Europe,Belgium,Wholesale Distributor,20,3.86,77.2
SALE-000867,2026-06-07,CHC-00790,Roasted Almond Chocolate Drops,Middle East & Africa,UAE,Wholesale Distributor,139,3.27,454.53
SALE-000868,2025-08-10,CHC-00786,Cranberry Walnut Fruit & Nut Chocolate Drops,Middle East & Africa,UAE,Direct-to-Consumer,31,5.24,162.44
SALE-000869,2026-06-13,CHC-00805,Single Origin Dark Chocolate Chips (Baking),Europe,France,Retail Store,18,5.09,91.62
SALE-000870,2026-07-18,CHC-00731,Praline Hazelnut Chocolate Drops,North America,Mexico,Retail Store,13,4.94,64.22
SALE-000871,2025-12-09,CHC-00767,70% Intense Dark Chocolate Bar,Latin America,Peru,Retail Store,9,6.24,56.16
SALE-000872,2026-07-19,CHC-01105,Biscuit Milk Chocolate Wafer Bar,Middle East & Africa,UAE,Direct-to-Consumer,38,3.22,122.36
SALE-000873,2026-03-16,CHC-01458,Classic Sugar-Free Chocolate Wafer Bar,North America,Mexico,E-Commerce,9,5.46,49.14
SALE-000874,2026-06-18,CHC-01113,Organic Fair-Trade Chocolate Chips (Baking),Asia Pacific,Japan,Duty-Free,55,4.82,265.1
SALE-000875,2025-09-07,CHC-00199,Praline Hazelnut Chocolate Wafer Bar,Europe,France,Retail Store,42,5.59,234.78
SALE-000876,2026-07-08,CHC-00011,Biscuit Milk Chocolate Bar,Europe,France,Duty-Free,13,2.92,37.96
SALE-000877,2025-09-03,CHC-00464,Raspberry Swirl White Chocolate Squares,Europe,Germany,Direct-to-Consumer,84,3.61,303.24
SALE-000878,2025-11-14,CHC-01027,Single Origin Dark Chocolate Coated Nuts,Latin America,Brazil,Direct-to-Consumer,40,4.03,161.2
SALE-000879,2026-02-16,CHC-00311,Classic Sugar-Free Chocolate Filled Bar,Asia Pacific,Japan,Direct-to-Consumer,16,3.36,53.76
SALE-000880,2026-06-05,CHC-01094,Gianduja Style Hazelnut Chocolate Pralines,Asia Pacific,Japan,Direct-to-Consumer,47,3.12,146.64
SALE-000881,2025-10-07,CHC-01212,Raisin & Almond Fruit & Nut Chocolate Gift Box,North America,USA,Retail Store,20,5.43,108.6
SALE-000882,2026-08-03,CHC-01480,Classic Milk Chocolate Gift Box,Europe,Switzerland,Direct-to-Consumer,23,4.4,101.2
SALE-000883,2026-01-27,CHC-01065,Vanilla Bean White Chocolate Gift Box,North America,USA,Wholesale Distributor,72,2.88,207.36
SALE-000884,2025-12-27,CHC-00354,Plant-Based Classic Vegan Dark Chocolate Pralines,Europe,Switzerland,Wholesale Distributor,157,5.3,832.1
SALE-000885,2026-02-28,CHC-01167,Bakers Classic Compound Chocolate Coated Nuts,Europe,France,E-Commerce,102,1.83,186.66
SALE-000886,2025-10-19,CHC-00820,Stevia Sweetened Sugar-Free Chocolate Drops,Asia Pacific,Australia,E-Commerce,32,4.74,151.68
SALE-000887,2025-12-02,CHC-00431,Salted Butter Caramel Chocolate Coated Nuts,Europe,Belgium,Direct-to-Consumer,53,4.43,234.79
SALE-000888,2025-08-06,CHC-00918,Almond Crunch Chocolate Bar,Asia Pacific,Australia,Retail Store,4,3.02,12.08
SALE-000889,2025-11-23,CHC-00916,Coconut White Chocolate Coated Nuts,Asia Pacific,Australia,Direct-to-Consumer,28,2.56,71.68
SALE-000890,2026-04-11,CHC-00078,Tropical Mix Fruit & Nut Chocolate Coated Nuts,North America,Mexico,Wholesale Distributor,39,3.36,131.04
SALE-000891,2025-10-27,CHC-00713,Marzipan Style Almond Chocolate Squares,Latin America,Peru,E-Commerce,5,3.43,17.15
SALE-000892,2025-10-22,CHC-00774,Original Ruby Chocolate Coated Nuts,Europe,Netherlands,E-Commerce,30,4.09,122.7
SALE-000893,2025-12-17,CHC-00557,Honeycomb Milk Chocolate Truffle Box,Europe,Belgium,Duty-Free,8,3.22,25.76
SALE-000894,2025-12-31,CHC-01222,Soft Caramel Core Chocolate Chips (Baking),Middle East & Africa,UAE,Wholesale Distributor,17,4.89,83.13
SALE-000895,2025-11-09,CHC-00208,Value Pack Compound Chocolate Pralines,Europe,United Kingdom,Direct-to-Consumer,26,2.13,55.38
SALE-000896,2025-11-16,CHC-00696,85% Extra Bold Dark Chocolate Coated Nuts,North America,Mexico,Direct-to-Consumer,6,4.24,25.44
SALE-000897,2026-04-18,CHC-00374,Biscuit Milk Chocolate Bar,North America,Canada,Direct-to-Consumer,24,2.44,58.56
SALE-000898,2026-07-26,CHC-01069,Sea Salt Milk Chocolate Wafer Bar,Asia Pacific,China,Wholesale Distributor,35,2.39,83.65
SALE-000899,2025-09-06,CHC-00380,Sea Salt Milk Chocolate Wafer Bar,Latin America,Ecuador,Duty-Free,143,2.79,398.97
SALE-000900,2026-03-31,CHC-01256,Sea Salt Caramel Chocolate Pralines,Latin America,Peru,Duty-Free,4,2.87,11.48
SALE-000901,2025-09-04,CHC-00362,Whole Hazelnut Chocolate Pralines,Europe,Germany,Direct-to-Consumer,23,5.45,125.35
SALE-000902,2026-02-20,CHC-01258,Marzipan Style Almond Chocolate Squares,Latin America,Ecuador,Wholesale Distributor,19,5.25,99.75
SALE-000903,2026-06-08,CHC-01253,Citrus Ruby Chocolate Coated Nuts,Asia Pacific,China,Duty-Free,20,6.11,122.2
SALE-000904,2026-05-27,CHC-01318,Vanilla Bean White Chocolate Wafer Bar,North America,Mexico,Direct-to-Consumer,19,4.29,81.51
SALE-000905,2026-05-03,CHC-01205,Berry Burst Ruby Chocolate Squares,Europe,Netherlands,Wholesale Distributor,5,4.45,22.25
SALE-000906,2025-10-30,CHC-01380,Whole Hazelnut Chocolate Wafer Bar,Europe,Italy,Direct-to-Consumer,141,4.22,595.02
SALE-000907,2026-02-21,CHC-00210,Diabetic Friendly Sugar-Free Chocolate Squares,Asia Pacific,Australia,Duty-Free,6,3.49,20.94
SALE-000908,2025-12-03,CHC-00307,Bakers Classic Compound Chocolate Wafer Bar,Europe,Belgium,Direct-to-Consumer,50,1.26,63.0
SALE-000909,2026-06-07,CHC-00949,Tropical Mix Fruit & Nut Chocolate Squares,Europe,Belgium,Wholesale Distributor,66,4.38,289.08
SALE-000910,2026-07-14,CHC-01198,85% Extra Bold Dark Chocolate Filled Bar,North America,Mexico,E-Commerce,16,3.84,61.44
SALE-000911,2026-01-28,CHC-00784,Roasted Almond Chocolate Gift Box,Asia Pacific,India,Duty-Free,17,3.29,55.93
SALE-000912,2025-11-16,CHC-00028,Raspberry Swirl White Chocolate Gift Box,Europe,France,Retail Store,20,2.57,51.4
SALE-000913,2026-03-29,CHC-01326,Coconut White Chocolate Wafer Bar,North America,Mexico,Duty-Free,7,4.23,29.61
SALE-000914,2026-01-18,CHC-00980,Almond Crunch Chocolate Truffle Box,Europe,France,Duty-Free,43,4.2,180.6
SALE-000915,2026-02-13,CHC-01146,Tropical Mix Fruit & Nut Chocolate Chips (Baking),Latin America,Ecuador,Retail Store,10,4.68,46.8
SALE-000916,2025-12-31,CHC-00244,Organic Raw Cacao Chocolate Gift Box,Europe,Belgium,Wholesale Distributor,27,5.02,135.54
SALE-000917,2025-08-20,CHC-00040,Confectionery Grade Compound Chocolate Coated Nuts,Europe,Germany,Direct-to-Consumer,23,2.32,53.36
SALE-000918,2026-05-17,CHC-00577,Tropical Mix Fruit & Nut Chocolate Bar,Europe,Germany,E-Commerce,18,3.57,64.26
SALE-000919,2025-11-23,CHC-01072,Raspberry Swirl White Chocolate Gift Box,Europe,Belgium,E-Commerce,3,3.51,10.53
SALE-000920,2025-11-17,CHC-01451,Tropical Mix Fruit & Nut Chocolate Squares,Asia Pacific,Indonesia,Retail Store,42,4.85,203.7
SALE-000921,2025-12-04,CHC-00228,Raspberry Swirl White Chocolate Drops,Europe,Switzerland,Direct-to-Consumer,47,4.46,209.62
SALE-000922,2025-08-08,CHC-00075,Salted Butter Caramel Chocolate Gift Box,Europe,Germany,Duty-Free,88,4.15,365.2
SALE-000923,2026-07-29,CHC-00443,Tropical Mix Fruit & Nut Chocolate Gift Box,North America,USA,Duty-Free,29,4.48,129.92
SALE-000924,2025-08-11,CHC-00255,Sea Salt Caramel Chocolate Gift Box,Europe,Netherlands,E-Commerce,12,4.01,48.12
SALE-000925,2026-05-06,CHC-00702,Gianduja Style Hazelnut Chocolate Drops,Europe,France,Duty-Free,9,4.68,42.12
SALE-000926,2026-06-30,CHC-01147,Confectionery Grade Compound Chocolate Gift Box,Latin America,Ecuador,E-Commerce,17,1.3,22.1
SALE-000927,2026-07-05,CHC-00801,Biscuit Milk Chocolate Bar,Europe,Belgium,E-Commerce,4,2.03,8.12
SALE-000928,2025-09-27,CHC-00981,Classic Milk Chocolate Truffle Box,Europe,Switzerland,Duty-Free,43,4.49,193.07
SALE-000929,2026-05-02,CHC-00657,Coconut White Chocolate Filled Bar,Europe,Netherlands,Direct-to-Consumer,39,4.46,173.94
SALE-000930,2026-05-21,CHC-01382,Almond Crunch Chocolate Drops,Europe,France,Wholesale Distributor,27,4.68,126.36
SALE-000931,2026-06-08,CHC-01259,Classic Milk Chocolate Drops,North America,Mexico,Wholesale Distributor,41,3.78,154.98
SALE-000932,2026-03-17,CHC-00876,Original Ruby Chocolate Coated Nuts,Asia Pacific,India,Direct-to-Consumer,22,7.24,159.28
SALE-000933,2025-10-13,CHC-00760,Raspberry Swirl White Chocolate Bar,Latin America,Peru,Direct-to-Consumer,47,2.9,136.3
SALE-000934,2026-05-10,CHC-00769,Roasted Almond Chocolate Pralines,Asia Pacific,Japan,Duty-Free,36,3.57,128.52
SALE-000935,2026-01-13,CHC-00260,Honeycomb Milk Chocolate Drops,North America,Canada,Wholesale Distributor,18,3.69,66.42
SALE-000936,2026-04-10,CHC-00839,Cranberry Walnut Fruit & Nut Chocolate Bar,Middle East & Africa,Cote d'Ivoire,Retail Store,23,5.24,120.52
SALE-000937,2026-01-25,CHC-01229,Salted Butter Caramel Chocolate Filled Bar,Europe,Belgium,Direct-to-Consumer,9,4.81,43.29
SALE-000938,2026-04-09,CHC-00129,70% Intense Dark Chocolate Truffle Box,Europe,Belgium,Duty-Free,64,5.27,337.28
SALE-000939,2025-11-06,CHC-01118,Single Origin Dark Chocolate Pralines,Europe,Switzerland,E-Commerce,109,3.28,357.52
SALE-000940,2026-01-17,CHC-00296,Single Origin Dark Chocolate Filled Bar,Europe,France,Duty-Free,26,4.63,120.38
SALE-000941,2026-03-16,CHC-01327,Sea Salt Milk Chocolate Drops,Middle East & Africa,UAE,E-Commerce,10,2.58,25.8
SALE-000942,2026-07-21,CHC-00963,Honeycomb Milk Chocolate Truffle Box,Asia Pacific,India,E-Commerce,20,2.43,48.6
SALE-000943,2026-02-12,CHC-01451,Tropical Mix Fruit & Nut Chocolate Squares,Asia Pacific,Indonesia,Duty-Free,13,4.85,63.05
SALE-000944,2026-04-09,CHC-01187,Classic Milk Chocolate Bar,Europe,Switzerland,E-Commerce,27,3.38,91.26
SALE-000945,2026-01-13,CHC-00261,Coconut Sugar Vegan Dark Chocolate Coated Nuts,Europe,Switzerland,Direct-to-Consumer,56,5.45,305.2
SALE-000946,2026-05-27,CHC-00846,Sea Salt Milk Chocolate Filled Bar,Asia Pacific,Japan,Retail Store,18,4.45,80.1
SALE-000947,2026-07-18,CHC-00774,Original Ruby Chocolate Coated Nuts,Europe,Netherlands,Duty-Free,19,4.09,77.71
SALE-000948,2025-09-28,CHC-00481,Honeycomb Milk Chocolate Pralines,Middle East & Africa,South Africa,Duty-Free,25,2.68,67.0
SALE-000949,2026-07-29,CHC-00328,Vanilla Bean White Chocolate Chips (Baking),Europe,Belgium,E-Commerce,55,3.61,198.55
SALE-000950,2025-10-08,CHC-01214,Stevia Sweetened Sugar-Free Chocolate Gift Box,Asia Pacific,Australia,Direct-to-Consumer,11,5.68,62.48
SALE-000951,2025-11-30,CHC-01241,Vanilla Bean White Chocolate Pralines,Latin America,Peru,Wholesale Distributor,37,4.05,149.85
SALE-000952,2025-08-05,CHC-00681,Coconut White Chocolate Squares,North America,USA,Wholesale Distributor,26,2.33,60.58
SALE-000953,2026-03-24,CHC-01107,Gianduja Style Hazelnut Chocolate Drops,Europe,Switzerland,E-Commerce,37,5.04,186.48
SALE-000954,2026-03-18,CHC-00274,Classic Sugar-Free Chocolate Wafer Bar,Asia Pacific,Indonesia,E-Commerce,166,3.29,546.14
SALE-000955,2025-10-20,CHC-00265,Vanilla Bean White Chocolate Squares,Asia Pacific,Indonesia,Retail Store,88,4.31,379.28
SALE-000956,2026-02-27,CHC-01448,Sea Salt Caramel Chocolate Chips (Baking),Europe,Belgium,E-Commerce,27,3.04,82.08
SALE-000957,2026-07-19,CHC-00369,Sea Salt Milk Chocolate Filled Bar,North America,USA,Retail Store,65,4.37,284.05
SALE-000958,2026-05-31,CHC-01406,Oat Milk Blend Vegan Dark Chocolate Truffle Box,Asia Pacific,Australia,Wholesale Distributor,9,5.26,47.34
SALE-000959,2026-04-09,CHC-00898,Single Origin Dark Chocolate Coated Nuts,Europe,Italy,Direct-to-Consumer,77,5.78,445.06
SALE-000960,2026-07-18,CHC-00687,Diabetic Friendly Sugar-Free Chocolate Chips (Baking),Europe,Italy,Retail Store,138,5.54,764.52
SALE-000961,2025-11-13,CHC-00488,Stevia Sweetened Sugar-Free Chocolate Gift Box,Asia Pacific,China,Duty-Free,5,3.24,16.2
SALE-000962,2025-11-25,CHC-00273,Salted Butter Caramel Chocolate Bar,Europe,Belgium,Wholesale Distributor,27,4.89,132.03
SALE-000963,2025-12-23,CHC-00005,Roasted Almond Chocolate Wafer Bar,Europe,United Kingdom,E-Commerce,23,3.74,86.02
SALE-000964,2025-10-28,CHC-01089,Sea Salt Caramel Chocolate Filled Bar,Middle East & Africa,South Africa,Wholesale Distributor,50,4.97,248.5
SALE-000965,2026-03-23,CHC-00935,Organic Raw Cacao Chocolate Wafer Bar,Europe,Belgium,Retail Store,49,6.5,318.5
SALE-000966,2026-06-25,CHC-01422,Confectionery Grade Compound Chocolate Drops,Europe,United Kingdom,Wholesale Distributor,19,1.42,26.98
SALE-000967,2026-01-27,CHC-00701,Original Ruby Chocolate Drops,Europe,Germany,Wholesale Distributor,30,4.74,142.2
SALE-000968,2026-02-07,CHC-00273,Salted Butter Caramel Chocolate Bar,Europe,Belgium,Duty-Free,13,4.89,63.57
SALE-000969,2026-03-13,CHC-01222,Soft Caramel Core Chocolate Chips (Baking),Middle East & Africa,UAE,E-Commerce,73,4.89,356.97
SALE-000970,2025-10-29,CHC-00090,Value Pack Compound Chocolate Coated Nuts,Europe,Switzerland,Direct-to-Consumer,22,1.86,40.92
SALE-000971,2025-11-15,CHC-00010,70% Intense Dark Chocolate Gift Box,Europe,Belgium,Direct-to-Consumer,36,3.29,118.44
SALE-000972,2025-12-31,CHC-00793,Coconut White Chocolate Drops,Latin America,Colombia,Retail Store,13,4.44,57.72
SALE-000973,2026-04-09,CHC-01014,Organic Raw Cacao Chocolate Chips (Baking),Europe,Netherlands,E-Commerce,15,5.47,82.05
SALE-000974,2026-04-06,CHC-00374,Biscuit Milk Chocolate Bar,North America,Canada,Retail Store,84,2.44,204.96
SALE-000975,2026-01-18,CHC-01358,Marzipan Style Almond Chocolate Truffle Box,Europe,Germany,Direct-to-Consumer,33,4.76,157.08
SALE-000976,2025-09-01,CHC-00936,Raspberry Swirl White Chocolate Drops,Europe,France,Direct-to-Consumer,8,3.2,25.6
SALE-000977,2026-01-15,CHC-01494,Cranberry Walnut Fruit & Nut Chocolate Pralines,Europe,Belgium,Wholesale Distributor,16,5.46,87.36
SALE-000978,2026-01-13,CHC-01343,Gianduja Style Hazelnut Chocolate Drops,Europe,Switzerland,Wholesale Distributor,29,5.6,162.4
SALE-000979,2026-05-10,CHC-01292,Value Pack Compound Chocolate Bar,Asia Pacific,India,Duty-Free,89,1.82,161.98
SALE-000980,2025-10-23,CHC-01165,Vanilla Bean White Chocolate Chips (Baking),Europe,Switzerland,Retail Store,29,2.46,71.34
SALE-000981,2026-03-30,CHC-00101,Biscuit Milk Chocolate Gift Box,Europe,Belgium,Direct-to-Consumer,19,4.33,82.27
SALE-000982,2025-11-22,CHC-00283,70% Intense Dark Chocolate Coated Nuts,Europe,Switzerland,Duty-Free,8,2.89,23.12
SALE-000983,2025-11-19,CHC-00142,Almond Crunch Chocolate Drops,Middle East & Africa,Cote d'Ivoire,Retail Store,6,3.47,20.82
SALE-000984,2025-10-22,CHC-00950,Whole Hazelnut Chocolate Wafer Bar,Asia Pacific,Australia,Direct-to-Consumer,21,5.8,121.8
SALE-000985,2025-09-10,CHC-00329,Honeycomb Milk Chocolate Filled Bar,Europe,Italy,E-Commerce,39,3.19,124.41
SALE-000986,2025-08-08,CHC-01173,Praline Hazelnut Chocolate Gift Box,North America,Mexico,Duty-Free,31,5.73,177.63
SALE-000987,2025-10-13,CHC-00792,Lemon Zest White Chocolate Wafer Bar,Middle East & Africa,Ghana,Retail Store,29,2.4,69.6
SALE-000988,2026-02-03,CHC-00585,Value Pack Compound Chocolate Squares,Middle East & Africa,South Africa,Direct-to-Consumer,81,1.34,108.54
SALE-000989,2026-07-10,CHC-01425,Sea Salt Milk Chocolate Drops,Europe,Switzerland,Retail Store,33,3.46,114.18
SALE-000990,2026-07-13,CHC-01363,Stevia Sweetened Sugar-Free Chocolate Pralines,Asia Pacific,India,Duty-Free,55,3.04,167.2
SALE-000991,2026-06-18,CHC-01100,Coconut White Chocolate Wafer Bar,Latin America,Colombia,Wholesale Distributor,32,3.2,102.4
SALE-000992,2025-11-08,CHC-00735,Raspberry Swirl White Chocolate Squares,Middle East & Africa,Cote d'Ivoire,Duty-Free,68,2.97,201.96
SALE-000993,2026-06-20,CHC-01296,Value Pack Compound Chocolate Chips (Baking),Europe,Belgium,Duty-Free,11,1.42,15.62
SALE-000994,2025-12-16,CHC-00451,85% Extra Bold Dark Chocolate Gift Box,Europe,France,Duty-Free,22,2.53,55.66
SALE-000995,2026-01-26,CHC-00166,Coconut Sugar Vegan Dark Chocolate Squares,Asia Pacific,Japan,Retail Store,138,3.41,470.58
SALE-000996,2026-04-23,CHC-01125,Plant-Based Classic Vegan Dark Chocolate Filled Bar,North America,Canada,Duty-Free,114,4.65,530.1
SALE-000997,2026-04-10,CHC-00767,70% Intense Dark Chocolate Bar,Latin America,Peru,Wholesale Distributor,87,6.24,542.88
SALE-000998,2025-12-08,CHC-01075,Lemon Zest White Chocolate Filled Bar,North America,USA,Direct-to-Consumer,7,3.61,25.27
SALE-000999,2026-07-30,CHC-01338,Almond Crunch Chocolate Coated Nuts,Europe,Netherlands,Duty-Free,12,3.86,46.32
SALE-001000,2026-05-03,CHC-00430,Coconut White Chocolate Wafer Bar,Europe,France,Duty-Free,23,2.13,48.99
SALE-001001,2025-11-02,CHC-00032,Espresso Infused Dark Chocolate Truffle Box,Latin America,Peru,Wholesale Distributor,23,5.34,122.82
SALE-001002,2026-06-14,CHC-00223,Bakers Classic Compound Chocolate Gift Box,Asia Pacific,Australia,Retail Store,20,1.69,33.8
SALE-001003,2025-09-20,CHC-00150,Coconut Sugar Vegan Dark Chocolate Chips (Baking),Middle East & Africa,Cote d'Ivoire,E-Commerce,6,4.37,26.22
SALE-001004,2025-08-24,CHC-00575,Berry Burst Ruby Chocolate Wafer Bar,North America,USA,Retail Store,19,4.44,84.36
SALE-001005,2025-10-08,CHC-00284,Sea Salt Milk Chocolate Truffle Box,Asia Pacific,Japan,Duty-Free,45,2.87,129.15
SALE-001006,2025-08-28,CHC-01404,Lemon Zest White Chocolate Gift Box,Latin America,Peru,Duty-Free,10,4.16,41.6
SALE-001007,2025-12-12,CHC-00835,70% Intense Dark Chocolate Bar,Middle East & Africa,Cote d'Ivoire,Wholesale Distributor,108,2.61,281.88
SALE-001008,2025-12-19,CHC-00201,Salted Butter Caramel Chocolate Chips (Baking),Asia Pacific,India,Duty-Free,15,4.69,70.35
SALE-001009,2025-11-23,CHC-01129,Vanilla Bean White Chocolate Truffle Box,Asia Pacific,Australia,Duty-Free,26,2.31,60.06
SALE-001010,2025-10-04,CHC-00567,Roasted Almond Chocolate Squares,Europe,Germany,Wholesale Distributor,54,4.67,252.18
SALE-001011,2026-07-10,CHC-00755,Original Ruby Chocolate Squares,Asia Pacific,Australia,Wholesale Distributor,41,4.87,199.67
SALE-001012,2026-06-03,CHC-00205,Salted Butter Caramel Chocolate Squares,Europe,France,Retail Store,25,2.79,69.75
SALE-001013,2026-07-28,CHC-00498,Original Ruby Chocolate Chips (Baking),Asia Pacific,Indonesia,Direct-to-Consumer,14,6.37,89.18
SALE-001014,2025-11-27,CHC-00120,Oat Milk Blend Vegan Dark Chocolate Gift Box,Europe,France,Duty-Free,208,6.28,1306.24
SALE-001015,2026-06-19,CHC-00045,Organic Single Origin Chocolate Truffle Box,Asia Pacific,China,Retail Store,29,7.02,203.58
SALE-001016,2025-10-31,CHC-00809,Classic Sugar-Free Chocolate Chips (Baking),Asia Pacific,Japan,Duty-Free,36,3.99,143.64
SALE-001017,2026-05-15,CHC-00934,Biscuit Milk Chocolate Wafer Bar,Europe,Germany,Retail Store,56,2.32,129.92
SALE-001018,2025-11-08,CHC-00772,Coconut Sugar Vegan Dark Chocolate Filled Bar,Middle East & Africa,Cote d'Ivoire,Wholesale Distributor,44,5.98,263.12
SALE-001019,2026-05-26,CHC-01213,Praline Hazelnut Chocolate Wafer Bar,Europe,Switzerland,Direct-to-Consumer,14,3.96,55.44
SALE-001020,2026-02-18,CHC-00349,70% Intense Dark Chocolate Truffle Box,Europe,Switzerland,E-Commerce,60,3.15,189.0
SALE-001021,2026-08-02,CHC-00011,Biscuit Milk Chocolate Bar,Europe,France,E-Commerce,85,2.92,248.2
SALE-001022,2026-02-16,CHC-00551,Stevia Sweetened Sugar-Free Chocolate Pralines,Middle East & Africa,South Africa,Wholesale Distributor,36,4.31,155.16
SALE-001023,2026-07-26,CHC-01496,Sea Salt Caramel Chocolate Wafer Bar,Middle East & Africa,South Africa,Retail Store,56,3.45,193.2
SALE-001024,2026-08-02,CHC-00312,Honeycomb Milk Chocolate Wafer Bar,Asia Pacific,Australia,Retail Store,17,3.1,52.7
SALE-001025,2025-08-18,CHC-00556,Roasted Almond Chocolate Drops,Europe,Germany,E-Commerce,28,2.95,82.6
SALE-001026,2026-06-29,CHC-00602,Confectionery Grade Compound Chocolate Truffle Box,Europe,United Kingdom,E-Commerce,23,2.49,57.27
SALE-001027,2026-03-27,CHC-01423,Honeycomb Milk Chocolate Gift Box,Asia Pacific,Japan,E-Commerce,13,2.07,26.91
SALE-001028,2026-03-02,CHC-01184,Raspberry Swirl White Chocolate Coated Nuts,Middle East & Africa,UAE,Direct-to-Consumer,41,3.53,144.73
SALE-001029,2026-07-12,CHC-00813,Lemon Zest White Chocolate Filled Bar,Europe,Germany,Retail Store,25,2.42,60.5
SALE-001030,2026-05-13,CHC-00572,Organic Single Origin Chocolate Wafer Bar,Europe,Belgium,Wholesale Distributor,50,5.8,290.0
SALE-001031,2026-06-13,CHC-00404,Vanilla Bean White Chocolate Squares,Europe,Switzerland,E-Commerce,43,3.75,161.25
SALE-001032,2025-09-14,CHC-01330,Praline Hazelnut Chocolate Chips (Baking),North America,USA,Duty-Free,55,3.51,193.05
SALE-001033,2026-06-09,CHC-00892,Diabetic Friendly Sugar-Free Chocolate Wafer Bar,Middle East & Africa,Ghana,Direct-to-Consumer,11,5.12,56.32
SALE-001034,2026-04-03,CHC-00700,Classic Sugar-Free Chocolate Wafer Bar,North America,Mexico,Wholesale Distributor,45,3.31,148.95
SALE-001035,2026-07-19,CHC-01016,Honeycomb Milk Chocolate Pralines,Europe,Netherlands,Duty-Free,75,2.03,152.25
SALE-001036,2026-03-20,CHC-01285,85% Extra Bold Dark Chocolate Wafer Bar,Europe,France,Wholesale Distributor,19,5.44,103.36
SALE-001037,2026-01-05,CHC-00312,Honeycomb Milk Chocolate Wafer Bar,Asia Pacific,Australia,E-Commerce,19,3.1,58.9
SALE-001038,2025-10-01,CHC-00912,Citrus Ruby Chocolate Truffle Box,Europe,France,E-Commerce,47,4.85,227.95
SALE-001039,2026-01-27,CHC-00467,Tropical Mix Fruit & Nut Chocolate Truffle Box,North America,USA,E-Commerce,86,4.31,370.66
SALE-001040,2025-12-21,CHC-01021,Tropical Mix Fruit & Nut Chocolate Squares,Europe,Switzerland,Duty-Free,21,3.96,83.16
SALE-001041,2026-07-25,CHC-01151,Almond Crunch Chocolate Squares,Middle East & Africa,Ghana,Duty-Free,28,5.36,150.08
SALE-001042,2025-12-28,CHC-01296,Value Pack Compound Chocolate Chips (Baking),Europe,Belgium,Duty-Free,32,1.42,45.44
SALE-001043,2025-09-03,CHC-00639,Original Ruby Chocolate Pralines,North America,Canada,Retail Store,25,5.79,144.75
SALE-001044,2025-08-29,CHC-00380,Sea Salt Milk Chocolate Wafer Bar,Latin America,Ecuador,E-Commerce,127,2.79,354.33
SALE-001045,2025-12-05,CHC-00820,Stevia Sweetened Sugar-Free Chocolate Drops,Asia Pacific,Australia,E-Commerce,76,4.74,360.24
SALE-001046,2025-12-01,CHC-00038,Espresso Infused Dark Chocolate Wafer Bar,Europe,Belgium,Wholesale Distributor,47,5.28,248.16
SALE-001047,2026-02-07,CHC-01079,Organic Fair-Trade Chocolate Squares,Asia Pacific,China,Duty-Free,99,6.9,683.1
SALE-001048,2026-05-13,CHC-01366,Cranberry Walnut Fruit & Nut Chocolate Chips (Baking),Asia Pacific,Japan,Duty-Free,13,3.96,51.48
SALE-001049,2025-12-07,CHC-01328,Raspberry Swirl White Chocolate Coated Nuts,Middle East & Africa,South Africa,E-Commerce,26,3.31,86.06
SALE-001050,2025-10-28,CHC-00940,Berry Burst Ruby Chocolate Truffle Box,Europe,Netherlands,E-Commerce,27,5.62,151.74
SALE-001051,2026-07-25,CHC-00945,Biscuit Milk Chocolate Chips (Baking),Europe,France,Wholesale Distributor,27,3.84,103.68
SALE-001052,2025-09-01,CHC-01133,Stevia Sweetened Sugar-Free Chocolate Drops,Europe,United Kingdom,E-Commerce,24,5.01,120.24
SALE-001053,2026-03-22,CHC-00674,Espresso Infused Dark Chocolate Filled Bar,Latin America,Colombia,Direct-to-Consumer,27,3.7,99.9
SALE-001054,2026-08-01,CHC-01335,Organic Single Origin Chocolate Wafer Bar,North America,Mexico,Retail Store,38,7.39,280.82
SALE-001055,2025-12-08,CHC-01071,Bakers Classic Compound Chocolate Bar,Asia Pacific,Indonesia,Duty-Free,25,1.97,49.25
SALE-001056,2025-09-18,CHC-00408,Salted Butter Caramel Chocolate Truffle Box,North America,Mexico,Duty-Free,19,3.39,64.41
SALE-001057,2026-06-16,CHC-00468,Organic Fair-Trade Chocolate Bar,Europe,Germany,Wholesale Distributor,16,6.26,100.16
SALE-001058,2026-04-19,CHC-00163,Honeycomb Milk Chocolate Coated Nuts,Europe,Belgium,Duty-Free,61,3.05,186.05
SALE-001059,2026-07-01,CHC-01055,85% Extra Bold Dark Chocolate Pralines,Europe,Switzerland,E-Commerce,66,3.57,235.62
SALE-001060,2025-12-15,CHC-00400,Bakers Classic Compound Chocolate Pralines,Middle East & Africa,South Africa,Direct-to-Consumer,89,2.5,222.5
SALE-001061,2025-12-15,CHC-00566,Honeycomb Milk Chocolate Squares,North America,USA,Duty-Free,11,2.11,23.21
SALE-001062,2026-01-15,CHC-00018,Praline Hazelnut Chocolate Pralines,Middle East & Africa,UAE,Retail Store,24,3.3,79.2
SALE-001063,2026-05-25,CHC-00265,Vanilla Bean White Chocolate Squares,Asia Pacific,Indonesia,Duty-Free,27,4.31,116.37
SALE-001064,2026-03-10,CHC-00085,Classic Milk Chocolate Bar,Latin America,Brazil,Retail Store,92,3.72,342.24
SALE-001065,2026-07-20,CHC-00246,Plant-Based Classic Vegan Dark Chocolate Truffle Box,Europe,France,Wholesale Distributor,17,5.52,93.84
SALE-001066,2026-02-10,CHC-01068,Vanilla Bean White Chocolate Filled Bar,Latin America,Colombia,Direct-to-Consumer,37,3.54,130.98
SALE-001067,2025-09-29,CHC-01168,Sea Salt Caramel Chocolate Drops,North America,USA,Direct-to-Consumer,18,2.79,50.22
SALE-001068,2026-07-13,CHC-00987,Gianduja Style Hazelnut Chocolate Bar,Europe,Germany,Wholesale Distributor,9,4.2,37.8
SALE-001069,2026-05-30,CHC-00907,Roasted Almond Chocolate Squares,Europe,Belgium,Duty-Free,77,3.0,231.0
SALE-001070,2026-04-03,CHC-00596,Sea Salt Caramel Chocolate Filled Bar,Middle East & Africa,UAE,E-Commerce,4,2.54,10.16
SALE-001071,2025-09-23,CHC-00778,Praline Hazelnut Chocolate Drops,Middle East & Africa,Cote d'Ivoire,E-Commerce,26,4.49,116.74
SALE-001072,2026-06-22,CHC-00639,Original Ruby Chocolate Pralines,North America,Canada,Direct-to-Consumer,65,5.79,376.35
SALE-001073,2026-01-29,CHC-01099,Raspberry Swirl White Chocolate Drops,Europe,Italy,Retail Store,5,3.8,19.0
SALE-001074,2026-03-13,CHC-01073,Honeycomb Milk Chocolate Drops,Middle East & Africa,Ghana,Wholesale Distributor,6,4.46,26.76
SALE-001075,2025-10-21,CHC-00664,Value Pack Compound Chocolate Chips (Baking),Europe,Belgium,Direct-to-Consumer,21,1.25,26.25
SALE-001076,2026-02-26,CHC-00337,85% Extra Bold Dark Chocolate Filled Bar,Middle East & Africa,UAE,Duty-Free,27,6.03,162.81
SALE-001077,2026-04-07,CHC-00927,Soft Caramel Core Chocolate Drops,Europe,Switzerland,E-Commerce,60,4.37,262.2
SALE-001078,2025-11-12,CHC-01451,Tropical Mix Fruit & Nut Chocolate Squares,Asia Pacific,Indonesia,Wholesale Distributor,53,4.85,257.05
SALE-001079,2026-05-19,CHC-01316,Honeycomb Milk Chocolate Drops,Europe,Germany,Wholesale Distributor,63,2.15,135.45
SALE-001080,2026-06-08,CHC-00643,Confectionery Grade Compound Chocolate Pralines,Middle East & Africa,UAE,Duty-Free,54,2.33,125.82
SALE-001081,2026-03-23,CHC-01397,85% Extra Bold Dark Chocolate Filled Bar,Europe,France,Duty-Free,68,3.61,245.48
SALE-001082,2026-03-31,CHC-00879,Biscuit Milk Chocolate Pralines,Europe,Belgium,Retail Store,92,2.18,200.56
SALE-001083,2026-05-11,CHC-00437,Biscuit Milk Chocolate Truffle Box,North America,USA,Direct-to-Consumer,6,2.7,16.2
SALE-001084,2025-11-18,CHC-01002,Stevia Sweetened Sugar-Free Chocolate Pralines,Europe,Switzerland,Direct-to-Consumer,91,3.33,303.03
SALE-001085,2026-03-22,CHC-00824,Bakers Classic Compound Chocolate Wafer Bar,Europe,France,E-Commerce,17,1.57,26.69
SALE-001086,2025-08-31,CHC-01331,Single Origin Dark Chocolate Drops,Latin America,Peru,E-Commerce,73,4.67,340.91
SALE-001087,2025-10-22,CHC-00943,Praline Hazelnut Chocolate Coated Nuts,North America,Canada,Wholesale Distributor,73,4.31,314.63
SALE-001088,2025-09-16,CHC-01033,Classic Milk Chocolate Chips (Baking),Asia Pacific,Japan,Retail Store,196,3.17,621.32
SALE-001089,2026-07-25,CHC-00754,Stevia Sweetened Sugar-Free Chocolate Truffle Box,Middle East & Africa,Ghana,Wholesale Distributor,14,5.42,75.88
SALE-001090,2025-11-14,CHC-00558,70% Intense Dark Chocolate Pralines,Europe,France,E-Commerce,19,4.0,76.0
SALE-001091,2025-11-28,CHC-00115,Praline Hazelnut Chocolate Coated Nuts,Asia Pacific,India,E-Commerce,124,4.69,581.56
SALE-001092,2026-01-15,CHC-00519,Cranberry Walnut Fruit & Nut Chocolate Pralines,Latin America,Peru,Duty-Free,29,4.58,132.82
SALE-001093,2025-10-13,CHC-01154,Sea Salt Milk Chocolate Squares,Europe,France,E-Commerce,109,4.05,441.45
SALE-001094,2026-08-02,CHC-01103,Organic Raw Cacao Chocolate Drops,Asia Pacific,Japan,Duty-Free,102,5.96,607.92
SALE-001095,2026-02-04,CHC-01198,85% Extra Bold Dark Chocolate Filled Bar,North America,Mexico,Wholesale Distributor,49,3.84,188.16
SALE-001096,2025-08-09,CHC-00471,Single Origin Dark Chocolate Bar,Middle East & Africa,Cote d'Ivoire,Direct-to-Consumer,124,3.07,380.68
SALE-001097,2026-06-11,CHC-01231,Citrus Ruby Chocolate Drops,North America,Mexico,E-Commerce,6,7.58,45.48
SALE-001098,2025-09-06,CHC-01187,Classic Milk Chocolate Bar,Europe,Switzerland,Wholesale Distributor,13,3.38,43.94
SALE-001099,2026-03-25,CHC-00963,Honeycomb Milk Chocolate Truffle Box,Asia Pacific,India,Duty-Free,19,2.43,46.17
SALE-001100,2025-11-12,CHC-00169,Diabetic Friendly Sugar-Free Chocolate Bar,Europe,Switzerland,Duty-Free,21,5.18,108.78
SALE-001101,2026-06-16,CHC-01372,Organic Fair-Trade Chocolate Squares,Europe,France,E-Commerce,28,3.51,98.28
SALE-001102,2025-12-06,CHC-00565,Roasted Almond Chocolate Pralines,North America,Mexico,Duty-Free,23,4.5,103.5
SALE-001103,2026-02-16,CHC-00155,Coconut Sugar Vegan Dark Chocolate Chips (Baking),Europe,France,E-Commerce,54,4.85,261.9
SALE-001104,2026-05-26,CHC-00327,Gianduja Style Hazelnut Chocolate Bar,Latin America,Colombia,Duty-Free,9,5.04,45.36
SALE-001105,2025-10-08,CHC-01124,Salted Butter Caramel Chocolate Squares,Europe,United Kingdom,Duty-Free,146,4.5,657.0
SALE-001106,2025-12-24,CHC-01449,Berry Burst Ruby Chocolate Squares,Europe,France,Duty-Free,18,7.44,133.92
SALE-001107,2025-09-13,CHC-01365,Confectionery Grade Compound Chocolate Drops,Latin America,Colombia,Retail Store,41,2.08,85.28
SALE-001108,2025-09-09,CHC-00257,Confectionery Grade Compound Chocolate Coated Nuts,North America,Mexico,Duty-Free,45,1.41,63.45
SALE-001109,2025-09-01,CHC-00671,Honeycomb Milk Chocolate Squares,Europe,Switzerland,Retail Store,3,3.16,9.48
SALE-001110,2026-07-19,CHC-01158,Almond Crunch Chocolate Chips (Baking),Europe,Netherlands,Retail Store,6,5.0,30.0
SALE-001111,2025-09-15,CHC-00292,85% Extra Bold Dark Chocolate Squares,North America,Mexico,Wholesale Distributor,82,3.73,305.86
SALE-001112,2026-04-16,CHC-00691,Berry Burst Ruby Chocolate Chips (Baking),Middle East & Africa,UAE,Wholesale Distributor,61,6.72,409.92
SALE-001113,2026-05-30,CHC-01181,Whole Hazelnut Chocolate Chips (Baking),Europe,France,Wholesale Distributor,16,4.58,73.28
SALE-001114,2025-11-22,CHC-01009,85% Extra Bold Dark Chocolate Filled Bar,Europe,Netherlands,Direct-to-Consumer,13,4.12,53.56
SALE-001115,2026-07-28,CHC-01159,Biscuit Milk Chocolate Chips (Baking),Asia Pacific,Australia,Direct-to-Consumer,78,2.16,168.48
SALE-001116,2026-01-14,CHC-00150,Coconut Sugar Vegan Dark Chocolate Chips (Baking),Middle East & Africa,Cote d'Ivoire,Direct-to-Consumer,7,4.37,30.59
SALE-001117,2026-03-31,CHC-00177,Berry Burst Ruby Chocolate Coated Nuts,North America,Canada,Retail Store,20,7.95,159.0
SALE-001118,2026-07-14,CHC-00475,Coconut White Chocolate Filled Bar,North America,Canada,Wholesale Distributor,15,2.79,41.85
SALE-001119,2026-07-05,CHC-01300,Espresso Infused Dark Chocolate Drops,Asia Pacific,China,Duty-Free,20,5.83,116.6
SALE-001120,2026-05-28,CHC-00777,Sea Salt Milk Chocolate Coated Nuts,North America,USA,Retail Store,38,3.16,120.08
SALE-001121,2026-04-08,CHC-00643,Confectionery Grade Compound Chocolate Pralines,Middle East & Africa,UAE,Retail Store,53,2.33,123.49
SALE-001122,2025-11-26,CHC-00347,Stevia Sweetened Sugar-Free Chocolate Gift Box,Asia Pacific,Japan,Direct-to-Consumer,84,5.81,488.04
SALE-001123,2026-01-15,CHC-00052,85% Extra Bold Dark Chocolate Pralines,Latin America,Ecuador,Duty-Free,37,6.28,232.36
SALE-001124,2025-10-04,CHC-00639,Original Ruby Chocolate Pralines,North America,Canada,Duty-Free,23,5.79,133.17
SALE-001125,2026-03-16,CHC-00770,Stevia Sweetened Sugar-Free Chocolate Squares,Europe,Germany,Retail Store,153,3.41,521.73
SALE-001126,2025-11-27,CHC-00900,Classic Milk Chocolate Filled Bar,North America,USA,Direct-to-Consumer,58,2.77,160.66
SALE-001127,2025-11-11,CHC-00721,Sea Salt Caramel Chocolate Filled Bar,Europe,France,E-Commerce,34,2.67,90.78
SALE-001128,2025-12-19,CHC-01387,Praline Hazelnut Chocolate Coated Nuts,Asia Pacific,Japan,E-Commerce,6,5.34,32.04
SALE-001129,2025-11-23,CHC-01443,Plant-Based Classic Vegan Dark Chocolate Drops,Europe,Switzerland,Direct-to-Consumer,14,5.56,77.84
SALE-001130,2026-05-02,CHC-00595,Single Origin Dark Chocolate Gift Box,Europe,Germany,Retail Store,3,6.28,18.84
SALE-001131,2026-06-20,CHC-00449,Raisin & Almond Fruit & Nut Chocolate Coated Nuts,North America,Canada,Wholesale Distributor,67,5.05,338.35
SALE-001132,2026-06-29,CHC-00754,Stevia Sweetened Sugar-Free Chocolate Truffle Box,Middle East & Africa,Ghana,Duty-Free,33,5.42,178.86
SALE-001133,2026-03-02,CHC-01429,Coconut White Chocolate Wafer Bar,North America,Mexico,Retail Store,9,3.49,31.41
SALE-001134,2026-03-20,CHC-01053,Berry Burst Ruby Chocolate Gift Box,Europe,United Kingdom,E-Commerce,9,4.46,40.14
SALE-001135,2026-06-21,CHC-00801,Biscuit Milk Chocolate Bar,Europe,Belgium,Direct-to-Consumer,43,2.03,87.29
SALE-001136,2026-02-18,CHC-01297,Sea Salt Milk Chocolate Pralines,North America,Canada,Retail Store,18,2.51,45.18
SALE-001137,2026-02-26,CHC-00306,Organic Single Origin Chocolate Filled Bar,Europe,Germany,Duty-Free,16,4.73,75.68
SALE-001138,2025-09-06,CHC-01161,70% Intense Dark Chocolate Coated Nuts,Europe,Germany,Duty-Free,8,5.73,45.84
SALE-001139,2026-01-17,CHC-00690,Single Origin Dark Chocolate Truffle Box,North America,USA,E-Commerce,12,5.87,70.44
SALE-001140,2026-07-31,CHC-00034,Soft Caramel Core Chocolate Gift Box,Europe,Switzerland,Wholesale Distributor,45,3.93,176.85
SALE-001141,2025-10-31,CHC-00179,Coconut White Chocolate Chips (Baking),Asia Pacific,Indonesia,Retail Store,24,3.56,85.44
SALE-001142,2026-04-03,CHC-01156,Single Origin Dark Chocolate Coated Nuts,North America,Canada,Duty-Free,35,5.51,192.85
SALE-001143,2026-01-12,CHC-00433,Citrus Ruby Chocolate Pralines,Europe,Germany,Retail Store,15,4.69,70.35
SALE-001144,2025-08-08,CHC-00611,Biscuit Milk Chocolate Wafer Bar,Europe,Netherlands,Direct-to-Consumer,3,3.15,9.45
SALE-001145,2025-11-10,CHC-00574,Coconut White Chocolate Drops,Asia Pacific,Indonesia,Direct-to-Consumer,14,3.77,52.78
SALE-001146,2025-09-05,CHC-01376,Bakers Classic Compound Chocolate Coated Nuts,Europe,Italy,Duty-Free,10,2.1,21.0
SALE-001147,2025-09-27,CHC-00191,Classic Sugar-Free Chocolate Filled Bar,North America,USA,E-Commerce,18,4.22,75.96
SALE-001148,2025-09-23,CHC-00357,Lemon Zest White Chocolate Drops,Middle East & Africa,UAE,Retail Store,103,3.51,361.53
SALE-001149,2026-08-02,CHC-00286,Vanilla Bean White Chocolate Truffle Box,Europe,Belgium,E-Commerce,136,2.05,278.8
SALE-001150,2025-12-30,CHC-01351,Espresso Infused Dark Chocolate Drops,Europe,Switzerland,Retail Store,73,2.51,183.23
SALE-001151,2025-11-06,CHC-01258,Marzipan Style Almond Chocolate Squares,Latin America,Ecuador,Wholesale Distributor,29,5.25,152.25
SALE-001152,2025-12-29,CHC-01370,Espresso Infused Dark Chocolate Chips (Baking),Asia Pacific,Australia,Direct-to-Consumer,15,3.71,55.65
SALE-001153,2025-10-01,CHC-01178,Organic Single Origin Chocolate Truffle Box,Latin America,Brazil,Wholesale Distributor,27,6.84,184.68
SALE-001154,2025-08-30,CHC-00525,Biscuit Milk Chocolate Wafer Bar,Europe,Switzerland,Direct-to-Consumer,6,4.2,25.2
SALE-001155,2026-04-10,CHC-01389,Berry Burst Ruby Chocolate Bar,Asia Pacific,China,Duty-Free,70,4.65,325.5
SALE-001156,2026-01-06,CHC-00958,Sea Salt Milk Chocolate Truffle Box,Latin America,Brazil,Retail Store,44,3.93,172.92
SALE-001157,2026-03-30,CHC-00450,Classic Milk Chocolate Gift Box,Asia Pacific,Indonesia,Direct-to-Consumer,9,2.3,20.7
SALE-001158,2025-12-17,CHC-00562,70% Intense Dark Chocolate Squares,Middle East & Africa,Cote d'Ivoire,E-Commerce,19,5.58,106.02
SALE-001159,2025-10-25,CHC-01141,Confectionery Grade Compound Chocolate Gift Box,Asia Pacific,Japan,E-Commerce,7,2.1,14.7
SALE-001160,2025-09-28,CHC-01068,Vanilla Bean White Chocolate Filled Bar,Latin America,Colombia,Duty-Free,25,3.54,88.5
SALE-001161,2025-09-06,CHC-01311,Bakers Classic Compound Chocolate Pralines,Europe,Germany,Wholesale Distributor,4,1.37,5.48
SALE-001162,2026-01-13,CHC-00413,Gianduja Style Hazelnut Chocolate Chips (Baking),Middle East & Africa,Cote d'Ivoire,Wholesale Distributor,60,4.88,292.8
SALE-001163,2025-08-12,CHC-01202,85% Extra Bold Dark Chocolate Coated Nuts,Asia Pacific,Australia,Wholesale Distributor,16,6.0,96.0
SALE-001164,2025-10-25,CHC-01367,Tropical Mix Fruit & Nut Chocolate Chips (Baking),Europe,Italy,Direct-to-Consumer,60,3.71,222.6
SALE-001165,2026-06-22,CHC-00702,Gianduja Style Hazelnut Chocolate Drops,Europe,France,Duty-Free,42,4.68,196.56
SALE-001166,2025-10-08,CHC-00738,Espresso Infused Dark Chocolate Wafer Bar,North America,Mexico,Retail Store,18,3.49,62.82
SALE-001167,2025-11-15,CHC-01315,Almond Crunch Chocolate Drops,Europe,Switzerland,Retail Store,21,5.35,112.35
SALE-001168,2025-12-01,CHC-00649,Raisin & Almond Fruit & Nut Chocolate Bar,Europe,Germany,Duty-Free,38,3.51,133.38
SALE-001169,2026-01-10,CHC-00266,Confectionery Grade Compound Chocolate Wafer Bar,North America,Mexico,Wholesale Distributor,49,2.33,114.17
SALE-001170,2026-05-31,CHC-01180,Diabetic Friendly Sugar-Free Chocolate Bar,North America,USA,Wholesale Distributor,75,5.79,434.25
SALE-001171,2026-03-27,CHC-00255,Sea Salt Caramel Chocolate Gift Box,Europe,Netherlands,Direct-to-Consumer,6,4.01,24.06
SALE-001172,2026-07-01,CHC-01168,Sea Salt Caramel Chocolate Drops,North America,USA,Direct-to-Consumer,181,2.79,504.99
SALE-001173,2026-02-18,CHC-00799,Vanilla Bean White Chocolate Coated Nuts,North America,USA,Retail Store,69,3.48,240.12
SALE-001174,2025-10-15,CHC-01181,Whole Hazelnut Chocolate Chips (Baking),Europe,France,Retail Store,26,4.58,119.08
SALE-001175,2026-02-07,CHC-00860,Coconut Sugar Vegan Dark Chocolate Wafer Bar,Europe,Switzerland,E-Commerce,144,6.61,951.84
SALE-001176,2026-03-22,CHC-01180,Diabetic Friendly Sugar-Free Chocolate Bar,North America,USA,Wholesale Distributor,57,5.79,330.03
SALE-001177,2026-02-19,CHC-00506,Gianduja Style Hazelnut Chocolate Filled Bar,Asia Pacific,China,Duty-Free,12,4.07,48.84
SALE-001178,2025-10-01,CHC-00472,Biscuit Milk Chocolate Squares,North America,Canada,Duty-Free,43,2.31,99.33
SALE-001179,2025-09-01,CHC-01120,Praline Hazelnut Chocolate Chips (Baking),Europe,Netherlands,Duty-Free,5,4.98,24.9
SALE-001180,2026-02-18,CHC-00746,Gianduja Style Hazelnut Chocolate Bar,North America,USA,Duty-Free,12,4.48,53.76
SALE-001181,2025-08-06,CHC-01431,Single Origin Dark Chocolate Truffle Box,North America,Mexico,Duty-Free,6,2.85,17.1
SALE-001182,2025-12-20,CHC-00122,Single Origin Dark Chocolate Truffle Box,Europe,Belgium,Duty-Free,15,5.22,78.3
SALE-001183,2025-11-20,CHC-00805,Single Origin Dark Chocolate Chips (Baking),Europe,France,Duty-Free,21,5.09,106.89
SALE-001184,2026-07-30,CHC-00365,Whole Hazelnut Chocolate Wafer Bar,Europe,Germany,Direct-to-Consumer,25,5.36,134.0
SALE-001185,2025-11-21,CHC-01440,Sea Salt Milk Chocolate Truffle Box,Europe,France,Wholesale Distributor,44,2.18,95.92
SALE-001186,2025-11-01,CHC-00015,85% Extra Bold Dark Chocolate Filled Bar,Asia Pacific,Japan,Direct-to-Consumer,81,5.24,424.44
SALE-001187,2026-07-16,CHC-01429,Coconut White Chocolate Wafer Bar,North America,Mexico,Duty-Free,24,3.49,83.76
SALE-001188,2026-04-07,CHC-01113,Organic Fair-Trade Chocolate Chips (Baking),Asia Pacific,Japan,E-Commerce,50,4.82,241.0
SALE-001189,2026-07-26,CHC-00116,Almond Crunch Chocolate Bar,Europe,Italy,Wholesale Distributor,20,5.44,108.8
SALE-001190,2026-01-28,CHC-00689,Almond Crunch Chocolate Coated Nuts,Asia Pacific,Indonesia,E-Commerce,34,4.74,161.16
SALE-001191,2026-01-05,CHC-01291,Diabetic Friendly Sugar-Free Chocolate Wafer Bar,Europe,Switzerland,Wholesale Distributor,40,5.09,203.6
SALE-001192,2025-11-10,CHC-00377,Espresso Infused Dark Chocolate Squares,Europe,Belgium,Duty-Free,42,2.75,115.5
SALE-001193,2025-10-09,CHC-00904,Marzipan Style Almond Chocolate Pralines,Latin America,Colombia,E-Commerce,12,4.38,52.56
SALE-001194,2026-02-16,CHC-00371,Soft Caramel Core Chocolate Pralines,Asia Pacific,India,Wholesale Distributor,29,4.76,138.04
SALE-001195,2026-07-10,CHC-01338,Almond Crunch Chocolate Coated Nuts,Europe,Netherlands,Retail Store,64,3.86,247.04
SALE-001196,2026-07-30,CHC-00522,Biscuit Milk Chocolate Chips (Baking),Asia Pacific,Australia,Retail Store,30,3.4,102.0
SALE-001197,2026-07-09,CHC-00461,Gianduja Style Hazelnut Chocolate Drops,Europe,Germany,Direct-to-Consumer,14,3.12,43.68
SALE-001198,2026-06-12,CHC-00985,Praline Hazelnut Chocolate Filled Bar,Asia Pacific,Indonesia,Retail Store,40,5.05,202.0
SALE-001199,2026-02-20,CHC-00134,Whole Hazelnut Chocolate Pralines,Latin America,Peru,Retail Store,9,3.04,27.36
SALE-001200,2025-12-27,CHC-01417,Classic Milk Chocolate Pralines,Europe,United Kingdom,Direct-to-Consumer,98,3.75,367.5
SALE-001201,2026-02-10,CHC-00036,Almond Crunch Chocolate Gift Box,Latin America,Ecuador,Duty-Free,35,3.1,108.5
SALE-001202,2026-01-24,CHC-01248,Soft Caramel Core Chocolate Coated Nuts,Europe,Switzerland,Duty-Free,10,2.51,25.1
SALE-001203,2026-07-02,CHC-01474,Tropical Mix Fruit & Nut Chocolate Truffle Box,North America,USA,Retail Store,18,4.84,87.12
SALE-001204,2026-05-24,CHC-00613,Marzipan Style Almond Chocolate Wafer Bar,North America,USA,Duty-Free,14,4.96,69.44
SALE-001205,2025-09-22,CHC-01014,Organic Raw Cacao Chocolate Chips (Baking),Europe,Netherlands,Wholesale Distributor,3,5.47,16.41
SALE-001206,2026-03-10,CHC-01167,Bakers Classic Compound Chocolate Coated Nuts,Europe,France,E-Commerce,17,1.83,31.11
SALE-001207,2026-01-21,CHC-00872,Lemon Zest White Chocolate Gift Box,North America,USA,Direct-to-Consumer,4,2.87,11.48
SALE-001208,2026-06-08,CHC-00850,Honeycomb Milk Chocolate Truffle Box,Asia Pacific,Australia,E-Commerce,34,2.22,75.48
SALE-001209,2025-09-21,CHC-00361,Honeycomb Milk Chocolate Truffle Box,Asia Pacific,Australia,Wholesale Distributor,19,4.25,80.75
SALE-001210,2025-08-08,CHC-00432,Espresso Infused Dark Chocolate Truffle Box,Europe,Italy,Retail Store,47,5.29,248.63
SALE-001211,2026-03-18,CHC-01312,Citrus Ruby Chocolate Squares,Middle East & Africa,South Africa,Retail Store,12,6.68,80.16
SALE-001212,2025-12-27,CHC-01108,85% Extra Bold Dark Chocolate Chips (Baking),Europe,Germany,Direct-to-Consumer,11,2.97,32.67
SALE-001213,2025-12-07,CHC-00226,Coconut White Chocolate Truffle Box,North America,Mexico,Direct-to-Consumer,25,2.47,61.75
SALE-001214,2025-12-07,CHC-00995,70% Intense Dark Chocolate Squares,Asia Pacific,China,E-Commerce,37,2.61,96.57
SALE-001215,2025-11-20,CHC-00803,Oat Milk Blend Vegan Dark Chocolate Coated Nuts,Asia Pacific,India,Direct-to-Consumer,44,6.46,284.24
SALE-001216,2026-03-24,CHC-01054,Classic Milk Chocolate Chips (Baking),Asia Pacific,India,Retail Store,96,2.17,208.32
SALE-001217,2025-10-25,CHC-01279,Praline Hazelnut Chocolate Chips (Baking),Europe,Germany,Duty-Free,47,5.57,261.79
SALE-001218,2026-06-22,CHC-00870,Classic Milk Chocolate Bar,North America,Mexico,Retail Store,56,2.74,153.44
SALE-001219,2026-06-25,CHC-00018,Praline Hazelnut Chocolate Pralines,Middle East & Africa,UAE,Direct-to-Consumer,5,3.3,16.5
SALE-001220,2026-07-13,CHC-00170,Sea Salt Caramel Chocolate Pralines,Europe,Belgium,E-Commerce,203,4.89,992.67
SALE-001221,2025-10-06,CHC-01002,Stevia Sweetened Sugar-Free Chocolate Pralines,Europe,Switzerland,Wholesale Distributor,39,3.33,129.87
SALE-001222,2026-03-26,CHC-00600,Diabetic Friendly Sugar-Free Chocolate Pralines,Middle East & Africa,South Africa,Wholesale Distributor,6,5.21,31.26
SALE-001223,2025-12-17,CHC-00634,Cranberry Walnut Fruit & Nut Chocolate Coated Nuts,North America,USA,Duty-Free,17,4.02,68.34
SALE-001224,2025-09-28,CHC-00074,85% Extra Bold Dark Chocolate Bar,Middle East & Africa,Ghana,Wholesale Distributor,9,4.35,39.15
SALE-001225,2026-01-19,CHC-00185,Vanilla Bean White Chocolate Coated Nuts,North America,Canada,Wholesale Distributor,41,4.47,183.27
SALE-001226,2025-09-11,CHC-01370,Espresso Infused Dark Chocolate Chips (Baking),Asia Pacific,Australia,E-Commerce,16,3.71,59.36
SALE-001227,2026-03-29,CHC-00119,Soft Caramel Core Chocolate Coated Nuts,Europe,United Kingdom,E-Commerce,9,3.45,31.05
SALE-001228,2026-07-11,CHC-00088,Organic Fair-Trade Chocolate Bar,Asia Pacific,China,Wholesale Distributor,50,4.16,208.0
SALE-001229,2025-12-01,CHC-00650,Gianduja Style Hazelnut Chocolate Chips (Baking),Asia Pacific,Australia,Direct-to-Consumer,5,4.68,23.4
SALE-001230,2026-07-18,CHC-01309,Vanilla Bean White Chocolate Truffle Box,Latin America,Ecuador,Direct-to-Consumer,14,3.63,50.82
SALE-001231,2026-07-05,CHC-00608,Tropical Mix Fruit & Nut Chocolate Drops,Asia Pacific,Australia,Retail Store,18,3.32,59.76
SALE-001232,2025-11-12,CHC-00007,Almond Crunch Chocolate Pralines,Asia Pacific,Australia,Duty-Free,22,5.1,112.2
SALE-001233,2025-10-08,CHC-01146,Tropical Mix Fruit & Nut Chocolate Chips (Baking),Latin America,Ecuador,Duty-Free,12,4.68,56.16
SALE-001234,2025-10-11,CHC-01057,Classic Milk Chocolate Bar,North America,USA,Wholesale Distributor,18,3.62,65.16
SALE-001235,2025-10-15,CHC-01311,Bakers Classic Compound Chocolate Pralines,Europe,Germany,E-Commerce,10,1.37,13.7
SALE-001236,2026-01-27,CHC-00549,Sea Salt Caramel Chocolate Gift Box,Europe,Netherlands,Duty-Free,15,4.75,71.25
SALE-001237,2025-09-26,CHC-00920,Plant-Based Classic Vegan Dark Chocolate Pralines,North America,USA,Retail Store,38,6.55,248.9
SALE-001238,2025-09-15,CHC-00177,Berry Burst Ruby Chocolate Coated Nuts,North America,Canada,Duty-Free,18,7.95,143.1
SALE-001239,2025-09-11,CHC-00758,Sea Salt Milk Chocolate Drops,North America,USA,Direct-to-Consumer,41,4.32,177.12
SALE-001240,2026-02-27,CHC-01360,Cranberry Walnut Fruit & Nut Chocolate Gift Box,Europe,Italy,Wholesale Distributor,16,3.86,61.76
SALE-001241,2026-07-27,CHC-00220,Honeycomb Milk Chocolate Squares,North America,USA,E-Commerce,9,3.24,29.16
SALE-001242,2026-05-04,CHC-01136,Salted Butter Caramel Chocolate Pralines,Latin America,Colombia,Retail Store,36,2.9,104.4
SALE-001243,2026-02-27,CHC-00393,Raisin & Almond Fruit & Nut Chocolate Gift Box,Europe,France,Wholesale Distributor,7,3.22,22.54
SALE-001244,2026-03-04,CHC-01150,Oat Milk Blend Vegan Dark Chocolate Gift Box,Europe,Belgium,Retail Store,117,5.15,602.55
SALE-001245,2026-04-18,CHC-00871,Cranberry Walnut Fruit & Nut Chocolate Wafer Bar,Europe,France,Direct-to-Consumer,15,3.17,47.55
SALE-001246,2026-04-03,CHC-00833,Cranberry Walnut Fruit & Nut Chocolate Drops,North America,USA,Duty-Free,16,4.68,74.88
SALE-001247,2026-08-02,CHC-00745,Stevia Sweetened Sugar-Free Chocolate Bar,Asia Pacific,Japan,Duty-Free,52,3.04,158.08
SALE-001248,2025-08-10,CHC-01314,Lemon Zest White Chocolate Bar,Europe,Netherlands,Wholesale Distributor,22,3.73,82.06
SALE-001249,2026-05-27,CHC-00396,Raspberry Swirl White Chocolate Wafer Bar,Europe,Netherlands,Wholesale Distributor,19,3.3,62.7
SALE-001250,2025-11-24,CHC-01046,Whole Hazelnut Chocolate Pralines,Europe,Belgium,E-Commerce,6,5.19,31.14
SALE-001251,2026-03-29,CHC-00293,Coconut White Chocolate Squares,Europe,Germany,Direct-to-Consumer,18,2.6,46.8
SALE-001252,2025-09-25,CHC-01155,Confectionery Grade Compound Chocolate Chips (Baking),Latin America,Colombia,Retail Store,60,1.26,75.6
SALE-001253,2026-04-24,CHC-01499,Organic Single Origin Chocolate Squares,Asia Pacific,China,E-Commerce,61,3.63,221.43
SALE-001254,2026-06-12,CHC-01425,Sea Salt Milk Chocolate Drops,Europe,Switzerland,E-Commerce,4,3.46,13.84
SALE-001255,2026-06-12,CHC-01293,Coconut White Chocolate Pralines,Latin America,Brazil,Wholesale Distributor,291,2.85,829.35
SALE-001256,2026-05-16,CHC-01476,Organic Raw Cacao Chocolate Gift Box,North America,USA,Duty-Free,6,4.25,25.5
SALE-001257,2026-05-04,CHC-00951,Sea Salt Milk Chocolate Pralines,North America,USA,Wholesale Distributor,11,3.7,40.7
SALE-001258,2025-11-26,CHC-00114,Whole Hazelnut Chocolate Drops,Europe,Germany,Retail Store,11,3.01,33.11
SALE-001259,2026-04-15,CHC-00028,Raspberry Swirl White Chocolate Gift Box,Europe,France,Duty-Free,14,2.57,35.98
SALE-001260,2026-03-16,CHC-00692,Vanilla Bean White Chocolate Squares,Asia Pacific,Australia,Direct-to-Consumer,18,2.23,40.14
SALE-001261,2025-11-06,CHC-00068,Honeycomb Milk Chocolate Drops,Asia Pacific,Japan,Wholesale Distributor,13,3.57,46.41
SALE-001262,2025-12-01,CHC-00015,85% Extra Bold Dark Chocolate Filled Bar,Asia Pacific,Japan,Wholesale Distributor,57,5.24,298.68
SALE-001263,2026-01-13,CHC-00514,Classic Milk Chocolate Filled Bar,Asia Pacific,Indonesia,Retail Store,24,4.01,96.24
SALE-001264,2026-01-07,CHC-00113,Biscuit Milk Chocolate Gift Box,Europe,Germany,Retail Store,18,3.98,71.64
SALE-001265,2026-01-24,CHC-01409,Bakers Classic Compound Chocolate Drops,Latin America,Peru,E-Commerce,7,2.04,14.28
SALE-001266,2025-10-22,CHC-00807,85% Extra Bold Dark Chocolate Truffle Box,Latin America,Brazil,Direct-to-Consumer,83,6.48,537.84
SALE-001267,2025-09-30,CHC-00837,Cranberry Walnut Fruit & Nut Chocolate Chips (Baking),Europe,Switzerland,E-Commerce,9,4.56,41.04
SALE-001268,2025-12-02,CHC-01206,Raisin & Almond Fruit & Nut Chocolate Pralines,North America,USA,Retail Store,51,3.19,162.69
SALE-001269,2026-01-13,CHC-00802,Single Origin Dark Chocolate Gift Box,Middle East & Africa,UAE,E-Commerce,71,5.1,362.1
SALE-001270,2025-09-07,CHC-00805,Single Origin Dark Chocolate Chips (Baking),Europe,France,Wholesale Distributor,13,5.09,66.17
SALE-001271,2025-12-20,CHC-00040,Confectionery Grade Compound Chocolate Coated Nuts,Europe,Germany,Retail Store,52,2.32,120.64
SALE-001272,2025-10-21,CHC-00823,Salted Butter Caramel Chocolate Wafer Bar,Europe,Switzerland,Retail Store,58,3.53,204.74
SALE-001273,2026-03-02,CHC-01443,Plant-Based Classic Vegan Dark Chocolate Drops,Europe,Switzerland,Duty-Free,9,5.56,50.04
SALE-001274,2026-05-16,CHC-00950,Whole Hazelnut Chocolate Wafer Bar,Asia Pacific,Australia,Direct-to-Consumer,16,5.8,92.8
SALE-001275,2026-04-30,CHC-00744,Organic Raw Cacao Chocolate Coated Nuts,Middle East & Africa,Cote d'Ivoire,Retail Store,6,7.35,44.1
SALE-001276,2025-11-27,CHC-00643,Confectionery Grade Compound Chocolate Pralines,Middle East & Africa,UAE,Retail Store,112,2.33,260.96
SALE-001277,2026-03-17,CHC-00187,Roasted Almond Chocolate Drops,North America,Mexico,Retail Store,29,4.15,120.35
SALE-001278,2025-12-19,CHC-00107,85% Extra Bold Dark Chocolate Coated Nuts,North America,Mexico,E-Commerce,32,5.51,176.32
SALE-001279,2026-06-12,CHC-01002,Stevia Sweetened Sugar-Free Chocolate Pralines,Europe,Switzerland,E-Commerce,18,3.33,59.94
SALE-001280,2026-08-01,CHC-00097,Whole Hazelnut Chocolate Chips (Baking),Europe,Italy,Duty-Free,6,5.53,33.18
SALE-001281,2025-10-29,CHC-00178,70% Intense Dark Chocolate Squares,Latin America,Brazil,Duty-Free,52,6.49,337.48
SALE-001282,2026-07-28,CHC-00939,70% Intense Dark Chocolate Drops,North America,Mexico,Retail Store,18,4.56,82.08
SALE-001283,2026-03-05,CHC-00912,Citrus Ruby Chocolate Truffle Box,Europe,France,E-Commerce,136,4.85,659.6
SALE-001284,2026-03-19,CHC-00033,Single Origin Dark Chocolate Coated Nuts,Asia Pacific,China,Duty-Free,19,4.42,83.98
SALE-001285,2026-03-12,CHC-01245,Whole Hazelnut Chocolate Truffle Box,Europe,Switzerland,Wholesale Distributor,14,4.1,57.4
SALE-001286,2025-09-10,CHC-01276,Almond Crunch Chocolate Wafer Bar,Europe,France,Retail Store,13,3.96,51.48
SALE-001287,2025-11-15,CHC-01211,Tropical Mix Fruit & Nut Chocolate Pralines,Europe,Netherlands,Wholesale Distributor,7,4.0,28.0
SALE-001288,2026-03-29,CHC-01424,Organic Single Origin Chocolate Coated Nuts,Latin America,Ecuador,Direct-to-Consumer,8,3.82,30.56
SALE-001289,2026-07-26,CHC-00420,Roasted Almond Chocolate Drops,Asia Pacific,Japan,Duty-Free,40,3.14,125.6
SALE-001290,2026-05-30,CHC-00629,Berry Burst Ruby Chocolate Wafer Bar,North America,USA,Wholesale Distributor,80,5.94,475.2
SALE-001291,2026-06-03,CHC-01338,Almond Crunch Chocolate Coated Nuts,Europe,Netherlands,E-Commerce,31,3.86,119.66
SALE-001292,2026-07-19,CHC-01022,85% Extra Bold Dark Chocolate Truffle Box,Asia Pacific,Japan,Duty-Free,31,4.64,143.84
SALE-001293,2025-12-31,CHC-00428,Whole Hazelnut Chocolate Wafer Bar,Europe,Switzerland,E-Commerce,15,5.77,86.55
SALE-001294,2026-03-08,CHC-01097,70% Intense Dark Chocolate Truffle Box,North America,USA,E-Commerce,53,2.91,154.23
SALE-001295,2026-07-20,CHC-00217,Praline Hazelnut Chocolate Truffle Box,North America,Mexico,E-Commerce,22,4.91,108.02
SALE-001296,2025-09-04,CHC-00253,Praline Hazelnut Chocolate Pralines,Asia Pacific,Australia,E-Commerce,58,5.94,344.52
SALE-001297,2026-04-06,CHC-00088,Organic Fair-Trade Chocolate Bar,Asia Pacific,China,Wholesale Distributor,41,4.16,170.56
SALE-001298,2025-09-15,CHC-00487,Tropical Mix Fruit & Nut Chocolate Truffle Box,North America,Canada,E-Commerce,4,3.6,14.4
SALE-001299,2026-02-16,CHC-01415,Classic Sugar-Free Chocolate Drops,Middle East & Africa,South Africa,Retail Store,18,4.72,84.96
SALE-001300,2025-08-19,CHC-01322,Honeycomb Milk Chocolate Filled Bar,Latin America,Brazil,E-Commerce,18,2.69,48.42
SALE-001301,2026-01-02,CHC-01340,Gianduja Style Hazelnut Chocolate Bar,Europe,France,Retail Store,6,5.2,31.2
SALE-001302,2026-07-03,CHC-01084,Plant-Based Classic Vegan Dark Chocolate Truffle Box,Latin America,Ecuador,Duty-Free,87,5.29,460.23
SALE-001303,2026-07-10,CHC-00853,Single Origin Dark Chocolate Truffle Box,Europe,France,Direct-to-Consumer,96,2.55,244.8
SALE-001304,2025-09-24,CHC-00314,Marzipan Style Almond Chocolate Gift Box,North America,Mexico,E-Commerce,30,4.72,141.6
SALE-001305,2026-01-11,CHC-00752,Almond Crunch Chocolate Pralines,Europe,Switzerland,Duty-Free,7,3.14,21.98
SALE-001306,2026-05-24,CHC-01244,Organic Single Origin Chocolate Gift Box,Middle East & Africa,Ghana,Retail Store,9,6.79,61.11
SALE-001307,2025-10-18,CHC-00745,Stevia Sweetened Sugar-Free Chocolate Bar,Asia Pacific,Japan,E-Commerce,4,3.04,12.16
SALE-001308,2025-08-16,CHC-00585,Value Pack Compound Chocolate Squares,Middle East & Africa,South Africa,Direct-to-Consumer,23,1.34,30.82
SALE-001309,2026-01-09,CHC-01321,Sea Salt Caramel Chocolate Wafer Bar,Europe,France,E-Commerce,19,3.79,72.01
SALE-001310,2025-12-15,CHC-00181,Classic Milk Chocolate Coated Nuts,Latin America,Colombia,E-Commerce,9,3.82,34.38
SALE-001311,2026-06-12,CHC-00498,Original Ruby Chocolate Chips (Baking),Asia Pacific,Indonesia,Duty-Free,21,6.37,133.77
SALE-001312,2026-03-29,CHC-01110,Honeycomb Milk Chocolate Squares,Asia Pacific,Japan,Duty-Free,37,3.26,120.62
SALE-001313,2025-11-26,CHC-01301,Raisin & Almond Fruit & Nut Chocolate Filled Bar,Europe,Germany,Duty-Free,15,3.94,59.1
SALE-001314,2026-07-24,CHC-00215,Organic Raw Cacao Chocolate Pralines,Middle East & Africa,South Africa,Duty-Free,34,4.44,150.96
SALE-001315,2026-05-15,CHC-01119,70% Intense Dark Chocolate Wafer Bar,Asia Pacific,India,Duty-Free,12,5.94,71.28
SALE-001316,2026-07-24,CHC-01250,Organic Single Origin Chocolate Bar,Middle East & Africa,Cote d'Ivoire,Wholesale Distributor,45,3.77,169.65
SALE-001317,2026-03-02,CHC-00923,Sea Salt Caramel Chocolate Chips (Baking),Latin America,Colombia,Direct-to-Consumer,29,3.64,105.56
SALE-001318,2026-02-04,CHC-00514,Classic Milk Chocolate Filled Bar,Asia Pacific,Indonesia,Direct-to-Consumer,124,4.01,497.24
SALE-001319,2025-12-18,CHC-00111,Bakers Classic Compound Chocolate Wafer Bar,Asia Pacific,China,Duty-Free,13,1.87,24.31
SALE-001320,2025-08-24,CHC-00497,Single Origin Dark Chocolate Squares,Europe,Switzerland,E-Commerce,16,5.93,94.88
SALE-001321,2025-08-20,CHC-00577,Tropical Mix Fruit & Nut Chocolate Bar,Europe,Germany,Wholesale Distributor,29,3.57,103.53
SALE-001322,2026-06-18,CHC-00671,Honeycomb Milk Chocolate Squares,Europe,Switzerland,E-Commerce,18,3.16,56.88
SALE-001323,2025-10-17,CHC-00991,Espresso Infused Dark Chocolate Filled Bar,Latin America,Colombia,Direct-to-Consumer,139,5.02,697.78
SALE-001324,2025-12-14,CHC-00105,70% Intense Dark Chocolate Chips (Baking),Middle East & Africa,South Africa,E-Commerce,14,4.81,67.34
SALE-001325,2026-05-26,CHC-00146,Stevia Sweetened Sugar-Free Chocolate Filled Bar,Europe,Germany,Duty-Free,26,4.47,116.22
SALE-001326,2026-05-03,CHC-01491,Organic Raw Cacao Chocolate Pralines,Europe,Belgium,E-Commerce,42,6.19,259.98
SALE-001327,2026-04-03,CHC-01490,Confectionery Grade Compound Chocolate Truffle Box,North America,Mexico,Duty-Free,32,1.4,44.8
SALE-001328,2025-10-28,CHC-00192,Salted Butter Caramel Chocolate Drops,Middle East & Africa,Cote d'Ivoire,E-Commerce,27,3.88,104.76
SALE-001329,2026-05-23,CHC-01262,Sea Salt Milk Chocolate Bar,North America,Canada,Retail Store,24,2.14,51.36
SALE-001330,2025-10-15,CHC-01350,Tropical Mix Fruit & Nut Chocolate Gift Box,North America,USA,Retail Store,16,4.06,64.96
SALE-001331,2026-02-05,CHC-00534,Honeycomb Milk Chocolate Bar,Europe,Belgium,E-Commerce,2,2.99,5.98
SALE-001332,2026-06-13,CHC-00674,Espresso Infused Dark Chocolate Filled Bar,Latin America,Colombia,Direct-to-Consumer,15,3.7,55.5
SALE-001333,2025-12-27,CHC-01490,Confectionery Grade Compound Chocolate Truffle Box,North America,Mexico,E-Commerce,35,1.4,49.0
SALE-001334,2025-12-23,CHC-00025,85% Extra Bold Dark Chocolate Wafer Bar,Latin America,Ecuador,Duty-Free,32,3.2,102.4
SALE-001335,2026-01-13,CHC-00457,Almond Crunch Chocolate Bar,North America,Mexico,Direct-to-Consumer,18,5.01,90.18
SALE-001336,2025-10-17,CHC-00285,Soft Caramel Core Chocolate Truffle Box,Europe,Switzerland,Duty-Free,17,2.81,47.77
SALE-001337,2026-05-13,CHC-01029,Original Ruby Chocolate Bar,Middle East & Africa,UAE,Retail Store,55,7.2,396.0
SALE-001338,2026-07-29,CHC-00750,Coconut White Chocolate Truffle Box,Europe,Switzerland,Retail Store,446,2.5,1115.0
SALE-001339,2025-09-28,CHC-01099,Raspberry Swirl White Chocolate Drops,Europe,Italy,Direct-to-Consumer,17,3.8,64.6
SALE-001340,2026-04-07,CHC-00988,Roasted Almond Chocolate Coated Nuts,Europe,United Kingdom,Wholesale Distributor,43,3.44,147.92
SALE-001341,2026-02-19,CHC-01159,Biscuit Milk Chocolate Chips (Baking),Asia Pacific,Australia,Duty-Free,25,2.16,54.0
SALE-001342,2026-06-28,CHC-00716,Organic Fair-Trade Chocolate Bar,Europe,Belgium,Direct-to-Consumer,83,6.24,517.92
SALE-001343,2026-01-28,CHC-00074,85% Extra Bold Dark Chocolate Bar,Middle East & Africa,Ghana,Wholesale Distributor,40,4.35,174.0
SALE-001344,2025-11-11,CHC-00249,Tropical Mix Fruit & Nut Chocolate Drops,Latin America,Brazil,E-Commerce,59,5.42,319.78
SALE-001345,2025-11-12,CHC-00359,Plant-Based Classic Vegan Dark Chocolate Bar,Europe,Netherlands,Duty-Free,50,4.06,203.0
SALE-001346,2026-05-13,CHC-01201,85% Extra Bold Dark Chocolate Gift Box,Europe,Belgium,Retail Store,17,4.63,78.71
SALE-001347,2026-04-18,CHC-00373,Almond Crunch Chocolate Squares,North America,Mexico,Direct-to-Consumer,32,4.77,152.64
SALE-001348,2025-08-13,CHC-00006,Stevia Sweetened Sugar-Free Chocolate Filled Bar,Europe,Switzerland,Wholesale Distributor,29,5.0,145.0
SALE-001349,2025-08-09,CHC-01337,Cranberry Walnut Fruit & Nut Chocolate Truffle Box,Europe,France,Wholesale Distributor,60,4.61,276.6
SALE-001350,2025-09-02,CHC-00938,Organic Single Origin Chocolate Squares,North America,USA,E-Commerce,4,4.87,19.48
SALE-001351,2025-09-18,CHC-00974,Berry Burst Ruby Chocolate Squares,North America,Mexico,Wholesale Distributor,11,4.6,50.6
SALE-001352,2026-01-29,CHC-00310,Coconut White Chocolate Pralines,Middle East & Africa,UAE,E-Commerce,37,3.79,140.23
SALE-001353,2026-01-30,CHC-00856,Sea Salt Caramel Chocolate Truffle Box,Europe,Italy,Retail Store,8,2.88,23.04
SALE-001354,2026-04-10,CHC-01058,Vanilla Bean White Chocolate Coated Nuts,Europe,Netherlands,Duty-Free,24,2.17,52.08
SALE-001355,2025-09-28,CHC-00042,Gianduja Style Hazelnut Chocolate Filled Bar,North America,Mexico,E-Commerce,36,5.58,200.88
SALE-001356,2025-08-11,CHC-00924,Tropical Mix Fruit & Nut Chocolate Wafer Bar,Asia Pacific,India,E-Commerce,15,4.2,63.0
SALE-001357,2026-01-11,CHC-00905,Organic Fair-Trade Chocolate Squares,Asia Pacific,Indonesia,E-Commerce,21,6.44,135.24
SALE-001358,2025-08-28,CHC-00853,Single Origin Dark Chocolate Truffle Box,Europe,France,Retail Store,24,2.55,61.2
SALE-001359,2025-10-09,CHC-00774,Original Ruby Chocolate Coated Nuts,Europe,Netherlands,Direct-to-Consumer,63,4.09,257.67
SALE-001360,2025-09-20,CHC-01483,Gianduja Style Hazelnut Chocolate Squares,Middle East & Africa,Cote d'Ivoire,Wholesale Distributor,137,4.5,616.5
SALE-001361,2026-04-20,CHC-01393,Bakers Classic Compound Chocolate Wafer Bar,Asia Pacific,Indonesia,Duty-Free,100,1.28,128.0
SALE-001362,2025-09-08,CHC-00176,85% Extra Bold Dark Chocolate Drops,Middle East & Africa,Ghana,Retail Store,27,3.82,103.14
SALE-001363,2026-01-17,CHC-00820,Stevia Sweetened Sugar-Free Chocolate Drops,Asia Pacific,Australia,Wholesale Distributor,52,4.74,246.48
SALE-001364,2026-01-21,CHC-00309,Organic Fair-Trade Chocolate Filled Bar,Europe,Netherlands,Retail Store,29,5.41,156.89
SALE-001365,2026-04-09,CHC-01373,Cranberry Walnut Fruit & Nut Chocolate Chips (Baking),Europe,United Kingdom,Wholesale Distributor,8,3.25,26.0
SALE-001366,2026-07-26,CHC-01149,Classic Milk Chocolate Truffle Box,Europe,Switzerland,Direct-to-Consumer,15,3.26,48.9
SALE-001367,2026-03-23,CHC-00096,Biscuit Milk Chocolate Squares,Europe,Germany,E-Commerce,6,2.48,14.88
SALE-001368,2026-01-03,CHC-00490,Soft Caramel Core Chocolate Pralines,Europe,Belgium,Direct-to-Consumer,35,3.65,127.75
SALE-001369,2025-10-08,CHC-00539,Salted Butter Caramel Chocolate Filled Bar,Europe,France,Retail Store,42,3.18,133.56
SALE-001370,2026-05-15,CHC-01487,Original Ruby Chocolate Filled Bar,Middle East & Africa,Cote d'Ivoire,Wholesale Distributor,21,5.9,123.9
SALE-001371,2026-05-02,CHC-01355,Sea Salt Milk Chocolate Truffle Box,Europe,Italy,Duty-Free,59,3.68,217.12
SALE-001372,2025-12-12,CHC-00580,70% Intense Dark Chocolate Bar,Middle East & Africa,Ghana,Duty-Free,4,5.27,21.08
SALE-001373,2026-07-08,CHC-00249,Tropical Mix Fruit & Nut Chocolate Drops,Latin America,Brazil,Retail Store,6,5.42,32.52
SALE-001374,2025-11-29,CHC-01079,Organic Fair-Trade Chocolate Squares,Asia Pacific,China,Direct-to-Consumer,97,6.9,669.3
SALE-001375,2026-01-23,CHC-01286,Espresso Infused Dark Chocolate Drops,Latin America,Ecuador,Duty-Free,32,5.28,168.96
SALE-001376,2025-09-02,CHC-00799,Vanilla Bean White Chocolate Coated Nuts,North America,USA,E-Commerce,30,3.48,104.4
SALE-001377,2026-02-21,CHC-00797,70% Intense Dark Chocolate Coated Nuts,Europe,France,Duty-Free,37,3.97,146.89
SALE-001378,2026-03-22,CHC-00025,85% Extra Bold Dark Chocolate Wafer Bar,Latin America,Ecuador,Duty-Free,16,3.2,51.2
SALE-001379,2025-10-06,CHC-01406,Oat Milk Blend Vegan Dark Chocolate Truffle Box,Asia Pacific,Australia,Duty-Free,8,5.26,42.08
SALE-001380,2026-03-07,CHC-00271,Stevia Sweetened Sugar-Free Chocolate Pralines,Europe,Germany,Wholesale Distributor,9,4.24,38.16
SALE-001381,2026-06-01,CHC-01192,70% Intense Dark Chocolate Coated Nuts,Asia Pacific,China,Wholesale Distributor,47,4.22,198.34
SALE-001382,2026-03-28,CHC-00269,Organic Fair-Trade Chocolate Drops,Europe,Germany,Wholesale Distributor,45,5.63,253.35
SALE-001383,2025-09-13,CHC-00490,Soft Caramel Core Chocolate Pralines,Europe,Belgium,Retail Store,24,3.65,87.6
SALE-001384,2025-08-14,CHC-00307,Bakers Classic Compound Chocolate Wafer Bar,Europe,Belgium,Direct-to-Consumer,24,1.26,30.24
SALE-001385,2026-03-10,CHC-00072,Whole Hazelnut Chocolate Chips (Baking),North America,Mexico,Direct-to-Consumer,49,3.27,160.23
SALE-001386,2026-03-23,CHC-01462,Coconut White Chocolate Coated Nuts,Latin America,Ecuador,Duty-Free,187,3.74,699.38
SALE-001387,2026-03-10,CHC-00407,Organic Raw Cacao Chocolate Truffle Box,Europe,France,Wholesale Distributor,117,3.6,421.2
SALE-001388,2026-03-26,CHC-00421,Raisin & Almond Fruit & Nut Chocolate Bar,Europe,France,E-Commerce,46,5.43,249.78
SALE-001389,2026-05-29,CHC-00650,Gianduja Style Hazelnut Chocolate Chips (Baking),Asia Pacific,Australia,Direct-to-Consumer,45,4.68,210.6
SALE-001390,2026-03-02,CHC-00296,Single Origin Dark Chocolate Filled Bar,Europe,France,Retail Store,15,4.63,69.45
SALE-001391,2026-06-12,CHC-00717,Whole Hazelnut Chocolate Truffle Box,Europe,Italy,Wholesale Distributor,28,3.14,87.92
SALE-001392,2026-04-04,CHC-00688,Raspberry Swirl White Chocolate Bar,Latin America,Peru,Duty-Free,7,2.23,15.61
SALE-001393,2025-12-13,CHC-00695,Diabetic Friendly Sugar-Free Chocolate Drops,Europe,Belgium,E-Commerce,10,5.74,57.4
SALE-001394,2025-10-05,CHC-01412,Organic Single Origin Chocolate Pralines,Europe,France,Retail Store,10,6.32,63.2
SALE-001395,2026-04-26,CHC-01338,Almond Crunch Chocolate Coated Nuts,Europe,Netherlands,Wholesale Distributor,70,3.86,270.2
SALE-001396,2026-06-23,CHC-00431,Salted Butter Caramel Chocolate Coated Nuts,Europe,Belgium,E-Commerce,9,4.43,39.87
SALE-001397,2025-11-23,CHC-00990,Value Pack Compound Chocolate Pralines,North America,USA,E-Commerce,30,1.61,48.3
SALE-001398,2025-09-29,CHC-00954,Whole Hazelnut Chocolate Wafer Bar,Asia Pacific,China,Direct-to-Consumer,16,3.67,58.72
SALE-001399,2026-03-10,CHC-01236,Organic Raw Cacao Chocolate Filled Bar,Asia Pacific,Japan,Duty-Free,25,5.62,140.5
SALE-001400,2026-07-15,CHC-00614,Single Origin Dark Chocolate Coated Nuts,North America,USA,Duty-Free,11,5.09,55.99
SALE-001401,2026-05-06,CHC-01019,Roasted Almond Chocolate Drops,Asia Pacific,Japan,Wholesale Distributor,12,3.86,46.32
SALE-001402,2026-02-17,CHC-00405,Organic Raw Cacao Chocolate Squares,Europe,Netherlands,Direct-to-Consumer,14,4.97,69.58
SALE-001403,2026-02-26,CHC-00710,Praline Hazelnut Chocolate Chips (Baking),Latin America,Ecuador,E-Commerce,81,3.66,296.46
SALE-001404,2025-11-24,CHC-00134,Whole Hazelnut Chocolate Pralines,Latin America,Peru,E-Commerce,24,3.04,72.96
SALE-001405,2025-10-20,CHC-00112,Soft Caramel Core Chocolate Pralines,North America,USA,Retail Store,41,3.38,138.58
SALE-001406,2025-08-21,CHC-00732,70% Intense Dark Chocolate Pralines,Middle East & Africa,South Africa,Direct-to-Consumer,160,4.04,646.4
SALE-001407,2026-02-08,CHC-00889,Whole Hazelnut Chocolate Gift Box,Latin America,Ecuador,Duty-Free,5,5.53,27.65
SALE-001408,2026-03-27,CHC-01398,Sea Salt Milk Chocolate Coated Nuts,Asia Pacific,India,Direct-to-Consumer,26,2.36,61.36
SALE-001409,2026-02-21,CHC-00508,Gianduja Style Hazelnut Chocolate Drops,Europe,Switzerland,E-Commerce,15,5.67,85.05
SALE-001410,2026-02-24,CHC-00595,Single Origin Dark Chocolate Gift Box,Europe,Germany,Wholesale Distributor,33,6.28,207.24
SALE-001411,2025-08-17,CHC-00941,Classic Sugar-Free Chocolate Truffle Box,North America,Canada,Retail Store,26,4.89,127.14
SALE-001412,2026-05-27,CHC-00275,Stevia Sweetened Sugar-Free Chocolate Squares,Latin America,Ecuador,Duty-Free,40,4.65,186.0
SALE-001413,2026-06-19,CHC-01202,85% Extra Bold Dark Chocolate Coated Nuts,Asia Pacific,Australia,E-Commerce,10,6.0,60.0
SALE-001414,2025-12-05,CHC-00198,Original Ruby Chocolate Wafer Bar,North America,Canada,E-Commerce,12,5.88,70.56
SALE-001415,2025-12-07,CHC-00531,Bakers Classic Compound Chocolate Bar,Europe,Switzerland,Retail Store,9,1.49,13.41
SALE-001416,2025-12-26,CHC-01370,Espresso Infused Dark Chocolate Chips (Baking),Asia Pacific,Australia,E-Commerce,30,3.71,111.3
SALE-001417,2026-03-29,CHC-01138,Sea Salt Milk Chocolate Chips (Baking),Asia Pacific,Japan,Wholesale Distributor,16,3.77,60.32
SALE-001418,2025-12-16,CHC-01352,Marzipan Style Almond Chocolate Coated Nuts,North America,USA,Retail Store,20,4.46,89.2
SALE-001419,2026-07-28,CHC-01463,Sea Salt Milk Chocolate Pralines,Latin America,Brazil,Wholesale Distributor,56,2.48,138.88
SALE-001420,2026-01-31,CHC-00862,Roasted Almond Chocolate Filled Bar,North America,Mexico,Direct-to-Consumer,71,3.97,281.87
SALE-001421,2026-02-24,CHC-00708,Value Pack Compound Chocolate Wafer Bar,Latin America,Brazil,Direct-to-Consumer,18,1.8,32.4
SALE-001422,2026-07-14,CHC-00447,Espresso Infused Dark Chocolate Gift Box,Asia Pacific,Australia,Wholesale Distributor,31,5.31,164.61
SALE-001423,2026-03-17,CHC-01400,Tropical Mix Fruit & Nut Chocolate Drops,Europe,Germany,Direct-to-Consumer,31,3.84,119.04
SALE-001424,2025-12-10,CHC-00247,Oat Milk Blend Vegan Dark Chocolate Bar,Asia Pacific,Indonesia,Duty-Free,8,6.24,49.92
SALE-001425,2026-01-08,CHC-01095,Classic Sugar-Free Chocolate Chips (Baking),Europe,Switzerland,Duty-Free,15,5.13,76.95
SALE-001426,2026-01-07,CHC-00025,85% Extra Bold Dark Chocolate Wafer Bar,Latin America,Ecuador,Direct-to-Consumer,28,3.2,89.6
SALE-001427,2025-08-18,CHC-01357,Single Origin Dark Chocolate Gift Box,Europe,Switzerland,Duty-Free,113,5.6,632.8
SALE-001428,2025-11-16,CHC-01492,Bakers Classic Compound Chocolate Filled Bar,Latin America,Ecuador,Wholesale Distributor,13,1.71,22.23
SALE-001429,2025-10-14,CHC-01360,Cranberry Walnut Fruit & Nut Chocolate Gift Box,Europe,Italy,Direct-to-Consumer,34,3.86,131.24
SALE-001430,2026-05-25,CHC-00387,Original Ruby Chocolate Bar,Europe,Belgium,Duty-Free,20,5.0,100.0
SALE-001431,2025-11-10,CHC-00166,Coconut Sugar Vegan Dark Chocolate Squares,Asia Pacific,Japan,Direct-to-Consumer,31,3.41,105.71
SALE-001432,2026-07-25,CHC-00324,85% Extra Bold Dark Chocolate Pralines,Middle East & Africa,Cote d'Ivoire,Wholesale Distributor,23,6.49,149.27
SALE-001433,2026-06-27,CHC-01149,Classic Milk Chocolate Truffle Box,Europe,Switzerland,Duty-Free,30,3.26,97.8
SALE-001434,2026-07-21,CHC-00656,Confectionery Grade Compound Chocolate Pralines,North America,Mexico,Wholesale Distributor,14,1.61,22.54
SALE-001435,2025-12-31,CHC-01409,Bakers Classic Compound Chocolate Drops,Latin America,Peru,Direct-to-Consumer,68,2.04,138.72
SALE-001436,2026-03-02,CHC-00388,Praline Hazelnut Chocolate Chips (Baking),Asia Pacific,Indonesia,Wholesale Distributor,9,5.93,53.37
SALE-001437,2026-01-14,CHC-00151,Almond Crunch Chocolate Gift Box,Asia Pacific,Japan,Direct-to-Consumer,50,3.44,172.0
SALE-001438,2026-05-10,CHC-01398,Sea Salt Milk Chocolate Coated Nuts,Asia Pacific,India,Wholesale Distributor,43,2.36,101.48
SALE-001439,2026-03-27,CHC-00631,Stevia Sweetened Sugar-Free Chocolate Drops,Europe,Belgium,E-Commerce,48,3.0,144.0
SALE-001440,2025-10-27,CHC-00886,Coconut Sugar Vegan Dark Chocolate Filled Bar,Latin America,Colombia,Retail Store,22,5.77,126.94
SALE-001441,2025-11-28,CHC-01184,Raspberry Swirl White Chocolate Coated Nuts,Middle East & Africa,UAE,Direct-to-Consumer,27,3.53,95.31
SALE-001442,2025-10-27,CHC-00281,Plant-Based Classic Vegan Dark Chocolate Drops,Middle East & Africa,UAE,Duty-Free,16,5.59,89.44
SALE-001443,2026-05-26,CHC-00137,Organic Raw Cacao Chocolate Bar,North America,Mexico,Duty-Free,7,6.47,45.29
SALE-001444,2026-01-27,CHC-00204,Stevia Sweetened Sugar-Free Chocolate Squares,Europe,Germany,Direct-to-Consumer,20,5.12,102.4
SALE-001445,2025-08-19,CHC-00766,Whole Hazelnut Chocolate Wafer Bar,Europe,Italy,Retail Store,30,4.25,127.5
SALE-001446,2026-06-08,CHC-01286,Espresso Infused Dark Chocolate Drops,Latin America,Ecuador,E-Commerce,79,5.28,417.12
SALE-001447,2026-04-27,CHC-00608,Tropical Mix Fruit & Nut Chocolate Drops,Asia Pacific,Australia,Direct-to-Consumer,24,3.32,79.68
SALE-001448,2026-05-11,CHC-01369,Classic Milk Chocolate Drops,Asia Pacific,India,Wholesale Distributor,31,4.29,132.99
SALE-001449,2026-07-20,CHC-00538,Sea Salt Milk Chocolate Truffle Box,Europe,Germany,E-Commerce,4,4.26,17.04
SALE-001450,2025-09-01,CHC-00843,Coconut White Chocolate Chips (Baking),Europe,Netherlands,Direct-to-Consumer,18,3.94,70.92
SALE-001451,2026-02-24,CHC-00037,Value Pack Compound Chocolate Gift Box,Latin America,Peru,E-Commerce,3,2.24,6.72
SALE-001452,2026-07-21,CHC-00355,Raspberry Swirl White Chocolate Pralines,Europe,Netherlands,Retail Store,11,2.61,28.71
SALE-001453,2026-07-28,CHC-01013,Almond Crunch Chocolate Filled Bar,North America,Mexico,Duty-Free,9,4.41,39.69
SALE-001454,2025-08-23,CHC-00397,Original Ruby Chocolate Chips (Baking),North America,USA,Direct-to-Consumer,62,7.28,451.36
SALE-001455,2026-07-20,CHC-00139,Coconut White Chocolate Wafer Bar,Middle East & Africa,UAE,Duty-Free,178,4.47,795.66
SALE-001456,2025-09-07,CHC-01434,Classic Milk Chocolate Drops,Europe,Netherlands,Retail Store,89,3.75,333.75
SALE-001457,2026-07-27,CHC-01444,Sea Salt Milk Chocolate Chips (Baking),Latin America,Peru,Direct-to-Consumer,54,3.9,210.6
SALE-001458,2026-06-06,CHC-00915,Praline Hazelnut Chocolate Wafer Bar,Asia Pacific,India,Duty-Free,21,5.91,124.11
SALE-001459,2025-11-19,CHC-01153,Classic Sugar-Free Chocolate Pralines,Asia Pacific,Australia,Duty-Free,36,4.52,162.72
SALE-001460,2026-07-22,CHC-00350,Tropical Mix Fruit & Nut Chocolate Drops,Europe,France,Wholesale Distributor,36,4.83,173.88
SALE-001461,2026-07-12,CHC-00606,Lemon Zest White Chocolate Drops,Asia Pacific,China,Wholesale Distributor,106,3.1,328.6
SALE-001462,2025-08-04,CHC-00719,Coconut White Chocolate Truffle Box,Asia Pacific,India,Duty-Free,22,3.5,77.0
SALE-001463,2026-02-07,CHC-00681,Coconut White Chocolate Squares,North America,USA,Retail Store,72,2.33,167.76
SALE-001464,2026-06-29,CHC-01028,Sea Salt Milk Chocolate Pralines,Europe,Netherlands,Retail Store,90,2.88,259.2
SALE-001465,2025-08-19,CHC-01158,Almond Crunch Chocolate Chips (Baking),Europe,Netherlands,Retail Store,30,5.0,150.0
SALE-001466,2025-11-16,CHC-00328,Vanilla Bean White Chocolate Chips (Baking),Europe,Belgium,E-Commerce,21,3.61,75.81
SALE-001467,2025-11-20,CHC-00525,Biscuit Milk Chocolate Wafer Bar,Europe,Switzerland,E-Commerce,12,4.2,50.4
SALE-001468,2025-09-23,CHC-01490,Confectionery Grade Compound Chocolate Truffle Box,North America,Mexico,Duty-Free,10,1.4,14.0
SALE-001469,2025-08-17,CHC-01007,Cranberry Walnut Fruit & Nut Chocolate Gift Box,Asia Pacific,Japan,Duty-Free,15,4.48,67.2
SALE-001470,2026-02-11,CHC-00715,70% Intense Dark Chocolate Pralines,North America,USA,Duty-Free,38,5.92,224.96
SALE-001471,2026-01-14,CHC-01328,Raspberry Swirl White Chocolate Coated Nuts,Middle East & Africa,South Africa,E-Commerce,29,3.31,95.99
SALE-001472,2025-11-29,CHC-01230,Sea Salt Milk Chocolate Chips (Baking),Latin America,Brazil,Direct-to-Consumer,45,2.11,94.95
SALE-001473,2025-09-29,CHC-00647,Soft Caramel Core Chocolate Drops,Latin America,Peru,Direct-to-Consumer,43,3.16,135.88
SALE-001474,2026-07-14,CHC-00275,Stevia Sweetened Sugar-Free Chocolate Squares,Latin America,Ecuador,Retail Store,316,4.65,1469.4
SALE-001475,2025-09-19,CHC-01041,Plant-Based Classic Vegan Dark Chocolate Pralines,North America,USA,Wholesale Distributor,69,5.38,371.22
SALE-001476,2026-03-04,CHC-01380,Whole Hazelnut Chocolate Wafer Bar,Europe,Italy,Retail Store,10,4.22,42.2
SALE-001477,2026-05-02,CHC-01031,Gianduja Style Hazelnut Chocolate Gift Box,Europe,Italy,E-Commerce,8,3.33,26.64
SALE-001478,2026-02-07,CHC-00002,Raspberry Swirl White Chocolate Coated Nuts,North America,USA,Direct-to-Consumer,20,3.78,75.6
SALE-001479,2026-02-10,CHC-00984,Plant-Based Classic Vegan Dark Chocolate Drops,Europe,Netherlands,Direct-to-Consumer,16,6.48,103.68
SALE-001480,2025-11-19,CHC-00484,Honeycomb Milk Chocolate Drops,Asia Pacific,China,E-Commerce,50,2.63,131.5
SALE-001481,2025-10-13,CHC-01033,Classic Milk Chocolate Chips (Baking),Asia Pacific,Japan,Direct-to-Consumer,30,3.17,95.1
SALE-001482,2025-11-22,CHC-00274,Classic Sugar-Free Chocolate Wafer Bar,Asia Pacific,Indonesia,Direct-to-Consumer,37,3.29,121.73
SALE-001483,2026-04-19,CHC-01127,85% Extra Bold Dark Chocolate Drops,Latin America,Brazil,E-Commerce,18,3.15,56.7
SALE-001484,2026-04-28,CHC-00401,Original Ruby Chocolate Coated Nuts,Latin America,Ecuador,E-Commerce,79,7.79,615.41
SALE-001485,2025-08-29,CHC-00397,Original Ruby Chocolate Chips (Baking),North America,USA,Wholesale Distributor,97,7.28,706.16
SALE-001486,2025-09-05,CHC-00087,Sea Salt Caramel Chocolate Drops,Middle East & Africa,UAE,Retail Store,9,3.76,33.84
SALE-001487,2025-08-08,CHC-01048,Cranberry Walnut Fruit & Nut Chocolate Gift Box,Europe,Italy,Wholesale Distributor,47,5.35,251.45
SALE-001488,2026-06-20,CHC-00129,70% Intense Dark Chocolate Truffle Box,Europe,Belgium,Wholesale Distributor,45,5.27,237.15
SALE-001489,2026-06-07,CHC-00745,Stevia Sweetened Sugar-Free Chocolate Bar,Asia Pacific,Japan,Wholesale Distributor,2,3.04,6.08
SALE-001490,2025-11-07,CHC-00019,Biscuit Milk Chocolate Gift Box,Europe,France,Direct-to-Consumer,45,3.57,160.65
SALE-001491,2025-10-03,CHC-00626,Coconut White Chocolate Wafer Bar,Asia Pacific,Indonesia,E-Commerce,9,3.8,34.2
SALE-001492,2025-09-22,CHC-00389,Whole Hazelnut Chocolate Drops,Asia Pacific,Japan,Wholesale Distributor,11,5.81,63.91
SALE-001493,2025-11-26,CHC-00039,Almond Crunch Chocolate Truffle Box,Europe,Belgium,Direct-to-Consumer,30,3.53,105.9
SALE-001494,2026-06-10,CHC-00214,Sea Salt Milk Chocolate Pralines,Europe,Switzerland,E-Commerce,216,4.04,872.64
SALE-001495,2026-04-20,CHC-00127,Marzipan Style Almond Chocolate Gift Box,Europe,Belgium,Retail Store,20,5.17,103.4
SALE-001496,2026-05-09,CHC-01136,Salted Butter Caramel Chocolate Pralines,Latin America,Colombia,Wholesale Distributor,24,2.9,69.6
SALE-001497,2026-05-07,CHC-00809,Classic Sugar-Free Chocolate Chips (Baking),Asia Pacific,Japan,Wholesale Distributor,55,3.99,219.45
SALE-001498,2026-04-03,CHC-01050,Lemon Zest White Chocolate Gift Box,Latin America,Brazil,E-Commerce,18,4.02,72.36
SALE-001499,2025-10-15,CHC-00662,Espresso Infused Dark Chocolate Drops,Middle East & Africa,Cote d'Ivoire,Duty-Free,44,2.88,126.72
SALE-001500,2026-07-20,CHC-00133,Classic Sugar-Free Chocolate Truffle Box,North America,Mexico,E-Commerce,34,5.33,181.22
SALE-001501,2025-11-23,CHC-00512,Sea Salt Milk Chocolate Squares,Asia Pacific,Japan,Retail Store,23,3.45,79.35
SALE-001502,2026-01-25,CHC-00795,Organic Single Origin Chocolate Coated Nuts,North America,Mexico,Wholesale Distributor,23,6.4,147.2
SALE-001503,2025-11-30,CHC-00647,Soft Caramel Core Chocolate Drops,Latin America,Peru,E-Commerce,5,3.16,15.8
SALE-001504,2025-11-26,CHC-00984,Plant-Based Classic Vegan Dark Chocolate Drops,Europe,Netherlands,Direct-to-Consumer,29,6.48,187.92
SALE-001505,2026-06-14,CHC-00340,Bakers Classic Compound Chocolate Chips (Baking),Europe,Italy,E-Commerce,12,1.69,20.28
SALE-001506,2025-11-07,CHC-01118,Single Origin Dark Chocolate Pralines,Europe,Switzerland,Retail Store,22,3.28,72.16
SALE-001507,2026-07-20,CHC-00395,Espresso Infused Dark Chocolate Gift Box,Europe,Belgium,Duty-Free,51,5.99,305.49
SALE-001508,2025-10-02,CHC-01333,Organic Raw Cacao Chocolate Pralines,Europe,France,Wholesale Distributor,33,6.49,214.17
SALE-001509,2025-09-25,CHC-00838,Whole Hazelnut Chocolate Filled Bar,Middle East & Africa,UAE,Wholesale Distributor,68,5.0,340.0
SALE-001510,2025-12-06,CHC-00621,Classic Milk Chocolate Gift Box,Latin America,Ecuador,Direct-to-Consumer,182,2.96,538.72
SALE-001511,2026-04-05,CHC-00042,Gianduja Style Hazelnut Chocolate Filled Bar,North America,Mexico,Retail Store,34,5.58,189.72
SALE-001512,2025-12-11,CHC-00284,Sea Salt Milk Chocolate Truffle Box,Asia Pacific,Japan,Wholesale Distributor,34,2.87,97.58
SALE-001513,2026-05-04,CHC-00761,70% Intense Dark Chocolate Coated Nuts,Middle East & Africa,UAE,Wholesale Distributor,2,2.58,5.16
SALE-001514,2026-02-05,CHC-00302,Almond Crunch Chocolate Wafer Bar,Asia Pacific,Indonesia,E-Commerce,49,3.64,178.36
SALE-001515,2025-08-29,CHC-00155,Coconut Sugar Vegan Dark Chocolate Chips (Baking),Europe,France,Retail Store,22,4.85,106.7
SALE-001516,2025-09-20,CHC-00255,Sea Salt Caramel Chocolate Gift Box,Europe,Netherlands,Retail Store,7,4.01,28.07
SALE-001517,2026-03-14,CHC-00550,70% Intense Dark Chocolate Coated Nuts,Latin America,Ecuador,Wholesale Distributor,10,5.1,51.0
SALE-001518,2025-12-22,CHC-00956,Diabetic Friendly Sugar-Free Chocolate Bar,North America,Mexico,Duty-Free,27,3.56,96.12
SALE-001519,2025-09-18,CHC-00349,70% Intense Dark Chocolate Truffle Box,Europe,Switzerland,E-Commerce,9,3.15,28.35
SALE-001520,2026-03-18,CHC-01319,Raspberry Swirl White Chocolate Gift Box,North America,Canada,Duty-Free,48,4.02,192.96
SALE-001521,2026-06-06,CHC-00391,Lemon Zest White Chocolate Coated Nuts,Latin America,Peru,E-Commerce,18,4.2,75.6
SALE-001522,2025-08-06,CHC-01462,Coconut White Chocolate Coated Nuts,Latin America,Ecuador,E-Commerce,36,3.74,134.64
SALE-001523,2026-04-02,CHC-00609,Marzipan Style Almond Chocolate Filled Bar,Europe,France,Retail Store,23,5.22,120.06
SALE-001524,2026-07-17,CHC-00558,70% Intense Dark Chocolate Pralines,Europe,France,Duty-Free,30,4.0,120.0
SALE-001525,2026-02-10,CHC-00097,Whole Hazelnut Chocolate Chips (Baking),Europe,Italy,E-Commerce,32,5.53,176.96
SALE-001526,2025-09-28,CHC-00920,Plant-Based Classic Vegan Dark Chocolate Pralines,North America,USA,E-Commerce,10,6.55,65.5
SALE-001527,2026-08-02,CHC-00607,Raisin & Almond Fruit & Nut Chocolate Squares,North America,USA,Direct-to-Consumer,44,3.57,157.08
SALE-001528,2026-04-03,CHC-00002,Raspberry Swirl White Chocolate Coated Nuts,North America,USA,E-Commerce,53,3.78,200.34
SALE-001529,2026-03-04,CHC-01414,Salted Butter Caramel Chocolate Truffle Box,Europe,Italy,Duty-Free,24,3.31,79.44
SALE-001530,2025-11-06,CHC-00122,Single Origin Dark Chocolate Truffle Box,Europe,Belgium,Wholesale Distributor,19,5.22,99.18
SALE-001531,2026-04-02,CHC-01135,Praline Hazelnut Chocolate Truffle Box,Europe,Netherlands,Retail Store,18,4.87,87.66
SALE-001532,2025-09-23,CHC-00231,Sea Salt Milk Chocolate Pralines,Asia Pacific,Japan,Wholesale Distributor,26,3.73,96.98
SALE-001533,2026-07-18,CHC-01139,Coconut White Chocolate Filled Bar,North America,USA,E-Commerce,6,3.02,18.12
SALE-001534,2026-03-14,CHC-00893,Single Origin Dark Chocolate Gift Box,North America,USA,Direct-to-Consumer,19,5.01,95.19
SALE-001535,2026-07-10,CHC-01382,Almond Crunch Chocolate Drops,Europe,France,Duty-Free,8,4.68,37.44
SALE-001536,2026-01-19,CHC-00344,Espresso Infused Dark Chocolate Squares,Europe,United Kingdom,E-Commerce,43,5.58,239.94
SALE-001537,2026-01-23,CHC-00283,70% Intense Dark Chocolate Coated Nuts,Europe,Switzerland,Direct-to-Consumer,14,2.89,40.46
SALE-001538,2025-08-18,CHC-00669,Plant-Based Classic Vegan Dark Chocolate Bar,Middle East & Africa,Ghana,Direct-to-Consumer,32,5.98,191.36
SALE-001539,2025-08-26,CHC-00239,85% Extra Bold Dark Chocolate Filled Bar,Middle East & Africa,South Africa,Wholesale Distributor,47,3.99,187.53
SALE-001540,2026-02-03,CHC-01252,Coconut White Chocolate Drops,Europe,Germany,Direct-to-Consumer,8,3.47,27.76
SALE-001541,2026-05-06,CHC-00019,Biscuit Milk Chocolate Gift Box,Europe,France,Retail Store,15,3.57,53.55
SALE-001542,2025-08-19,CHC-00586,Bakers Classic Compound Chocolate Pralines,Latin America,Brazil,Direct-to-Consumer,30,1.66,49.8
SALE-001543,2026-06-24,CHC-01449,Berry Burst Ruby Chocolate Squares,Europe,France,E-Commerce,86,7.44,639.84
SALE-001544,2026-06-07,CHC-01169,Sea Salt Caramel Chocolate Gift Box,North America,USA,Wholesale Distributor,29,4.22,122.38
SALE-001545,2025-09-29,CHC-00970,Single Origin Dark Chocolate Wafer Bar,Latin America,Ecuador,Wholesale Distributor,32,5.75,184.0
SALE-001546,2025-10-27,CHC-01136,Salted Butter Caramel Chocolate Pralines,Latin America,Colombia,Direct-to-Consumer,23,2.9,66.7
SALE-001547,2026-01-25,CHC-00939,70% Intense Dark Chocolate Drops,North America,Mexico,Wholesale Distributor,16,4.56,72.96
SALE-001548,2025-12-19,CHC-00141,70% Intense Dark Chocolate Coated Nuts,Middle East & Africa,South Africa,Duty-Free,58,4.64,269.12
SALE-001549,2025-12-26,CHC-01196,Tropical Mix Fruit & Nut Chocolate Coated Nuts,Europe,Switzerland,Wholesale Distributor,15,3.88,58.2
SALE-001550,2026-02-09,CHC-00147,Espresso Infused Dark Chocolate Coated Nuts,Europe,Germany,Duty-Free,15,2.99,44.85
SALE-001551,2025-11-11,CHC-01291,Diabetic Friendly Sugar-Free Chocolate Wafer Bar,Europe,Switzerland,Retail Store,26,5.09,132.34
SALE-001552,2026-03-28,CHC-00847,Salted Butter Caramel Chocolate Gift Box,North America,Canada,Retail Store,6,2.75,16.5
SALE-001553,2025-08-25,CHC-00496,Almond Crunch Chocolate Wafer Bar,North America,Canada,Duty-Free,26,4.55,118.3
SALE-001554,2025-12-25,CHC-00258,Sea Salt Milk Chocolate Wafer Bar,Latin America,Colombia,Wholesale Distributor,39,4.07,158.73
SALE-001555,2025-10-16,CHC-01065,Vanilla Bean White Chocolate Gift Box,North America,USA,Direct-to-Consumer,46,2.88,132.48
SALE-001556,2026-03-28,CHC-00740,Value Pack Compound Chocolate Chips (Baking),Europe,Germany,Wholesale Distributor,14,1.44,20.16
SALE-001557,2026-01-24,CHC-00592,Honeycomb Milk Chocolate Drops,Europe,Switzerland,Direct-to-Consumer,99,2.97,294.03
SALE-001558,2026-03-04,CHC-00551,Stevia Sweetened Sugar-Free Chocolate Pralines,Middle East & Africa,South Africa,Duty-Free,238,4.31,1025.78
SALE-001559,2026-01-19,CHC-01017,Vanilla Bean White Chocolate Drops,Latin America,Ecuador,E-Commerce,36,4.16,149.76
SALE-001560,2026-05-05,CHC-01280,Stevia Sweetened Sugar-Free Chocolate Coated Nuts,Europe,Belgium,Retail Store,46,5.17,237.82
SALE-001561,2026-07-27,CHC-01213,Praline Hazelnut Chocolate Wafer Bar,Europe,Switzerland,Duty-Free,143,3.96,566.28
SALE-001562,2026-05-27,CHC-00264,Classic Milk Chocolate Truffle Box,North America,Mexico,E-Commerce,17,2.63,44.71
SALE-001563,2026-03-17,CHC-01089,Sea Salt Caramel Chocolate Filled Bar,Middle East & Africa,South Africa,Direct-to-Consumer,10,4.97,49.7
SALE-001564,2026-05-09,CHC-00009,Confectionery Grade Compound Chocolate Drops,Europe,Germany,E-Commerce,24,1.57,37.68
SALE-001565,2026-02-24,CHC-01448,Sea Salt Caramel Chocolate Chips (Baking),Europe,Belgium,Wholesale Distributor,57,3.04,173.28
SALE-001566,2026-02-07,CHC-00415,Tropical Mix Fruit & Nut Chocolate Filled Bar,Europe,Germany,Direct-to-Consumer,13,5.12,66.56
SALE-001567,2026-04-08,CHC-00491,85% Extra Bold Dark Chocolate Pralines,Middle East & Africa,Cote d'Ivoire,E-Commerce,12,5.52,66.24
SALE-001568,2025-10-16,CHC-01284,Coconut Sugar Vegan Dark Chocolate Chips (Baking),Europe,Germany,Wholesale Distributor,41,6.17,252.97
SALE-001569,2025-11-21,CHC-01037,Stevia Sweetened Sugar-Free Chocolate Bar,Asia Pacific,Australia,Duty-Free,6,4.66,27.96
SALE-001570,2025-11-11,CHC-00163,Honeycomb Milk Chocolate Coated Nuts,Europe,Belgium,E-Commerce,26,3.05,79.3
SALE-001571,2025-09-10,CHC-00238,Original Ruby Chocolate Chips (Baking),Middle East & Africa,Cote d'Ivoire,E-Commerce,12,7.62,91.44
SALE-001572,2025-12-31,CHC-01122,Gianduja Style Hazelnut Chocolate Drops,North America,USA,Direct-to-Consumer,55,3.24,178.2
SALE-001573,2026-05-14,CHC-00740,Value Pack Compound Chocolate Chips (Baking),Europe,Germany,Wholesale Distributor,20,1.44,28.8
SALE-001574,2026-06-23,CHC-00819,Gianduja Style Hazelnut Chocolate Drops,Europe,United Kingdom,Retail Store,39,4.97,193.83
SALE-001575,2025-11-07,CHC-00727,Classic Sugar-Free Chocolate Coated Nuts,Europe,Germany,Duty-Free,54,3.1,167.4
SALE-001576,2026-07-05,CHC-00517,Biscuit Milk Chocolate Drops,Europe,Italy,Retail Store,5,2.8,14.0
SALE-001577,2025-08-27,CHC-01428,Lemon Zest White Chocolate Coated Nuts,Middle East & Africa,South Africa,Wholesale Distributor,26,2.37,61.62
SALE-001578,2025-10-08,CHC-00799,Vanilla Bean White Chocolate Coated Nuts,North America,USA,Direct-to-Consumer,34,3.48,118.32
SALE-001579,2026-03-20,CHC-01014,Organic Raw Cacao Chocolate Chips (Baking),Europe,Netherlands,Direct-to-Consumer,35,5.47,191.45
SALE-001580,2026-07-11,CHC-00460,70% Intense Dark Chocolate Filled Bar,North America,USA,Wholesale Distributor,29,6.2,179.8
SALE-001581,2026-06-17,CHC-00010,70% Intense Dark Chocolate Gift Box,Europe,Belgium,Duty-Free,45,3.29,148.05
SALE-001582,2026-06-13,CHC-00725,Organic Raw Cacao Chocolate Wafer Bar,North America,Mexico,Direct-to-Consumer,11,7.27,79.97
SALE-001583,2025-09-27,CHC-01447,Vanilla Bean White Chocolate Drops,Middle East & Africa,South Africa,E-Commerce,25,4.34,108.5
SALE-001584,2026-08-01,CHC-01075,Lemon Zest White Chocolate Filled Bar,North America,USA,Duty-Free,30,3.61,108.3
SALE-001585,2026-05-23,CHC-01226,Classic Sugar-Free Chocolate Coated Nuts,Europe,Belgium,Wholesale Distributor,24,3.81,91.44
SALE-001586,2026-02-13,CHC-00379,Biscuit Milk Chocolate Gift Box,Asia Pacific,Australia,Direct-to-Consumer,54,4.49,242.46
SALE-001587,2026-03-10,CHC-01268,Diabetic Friendly Sugar-Free Chocolate Drops,Europe,Italy,Duty-Free,42,3.78,158.76
SALE-001588,2025-08-21,CHC-00921,Biscuit Milk Chocolate Chips (Baking),Europe,Germany,Duty-Free,4,3.34,13.36
SALE-001589,2026-04-05,CHC-00120,Oat Milk Blend Vegan Dark Chocolate Gift Box,Europe,France,Retail Store,6,6.28,37.68
SALE-001590,2025-12-10,CHC-00237,Classic Milk Chocolate Squares,Middle East & Africa,Cote d'Ivoire,E-Commerce,31,3.61,111.91
SALE-001591,2026-06-13,CHC-00340,Bakers Classic Compound Chocolate Chips (Baking),Europe,Italy,E-Commerce,50,1.69,84.5
SALE-001592,2026-05-28,CHC-00963,Honeycomb Milk Chocolate Truffle Box,Asia Pacific,India,Duty-Free,114,2.43,277.02
SALE-001593,2025-11-29,CHC-00354,Plant-Based Classic Vegan Dark Chocolate Pralines,Europe,Switzerland,Retail Store,101,5.3,535.3
SALE-001594,2026-01-02,CHC-01185,Tropical Mix Fruit & Nut Chocolate Bar,Latin America,Brazil,Direct-to-Consumer,37,5.34,197.58
SALE-001595,2025-11-25,CHC-00196,Sea Salt Caramel Chocolate Pralines,Latin America,Colombia,E-Commerce,46,4.03,185.38
SALE-001596,2025-09-16,CHC-00781,Value Pack Compound Chocolate Bar,North America,USA,Direct-to-Consumer,88,2.42,212.96
SALE-001597,2025-11-18,CHC-01040,Praline Hazelnut Chocolate Coated Nuts,North America,Mexico,Duty-Free,20,5.8,116.0
SALE-001598,2026-06-22,CHC-00480,Salted Butter Caramel Chocolate Wafer Bar,Middle East & Africa,UAE,Wholesale Distributor,22,2.59,56.98
SALE-001599,2026-01-29,CHC-00932,Diabetic Friendly Sugar-Free Chocolate Coated Nuts,Europe,United Kingdom,E-Commerce,32,3.12,99.84
SALE-001600,2025-12-24,CHC-00925,Oat Milk Blend Vegan Dark Chocolate Wafer Bar,North America,Canada,E-Commerce,30,4.16,124.8
SALE-001601,2026-03-15,CHC-00855,Coconut Sugar Vegan Dark Chocolate Gift Box,Europe,Switzerland,Duty-Free,26,3.48,90.48
SALE-001602,2026-02-06,CHC-01412,Organic Single Origin Chocolate Pralines,Europe,France,Wholesale Distributor,18,6.32,113.76
SALE-001603,2026-06-30,CHC-01369,Classic Milk Chocolate Drops,Asia Pacific,India,Duty-Free,78,4.29,334.62
SALE-001604,2026-08-02,CHC-01347,Cranberry Walnut Fruit & Nut Chocolate Bar,Europe,Netherlands,Duty-Free,70,4.7,329.0
SALE-001605,2026-07-14,CHC-01127,85% Extra Bold Dark Chocolate Drops,Latin America,Brazil,E-Commerce,19,3.15,59.85
SALE-001606,2025-10-25,CHC-00224,85% Extra Bold Dark Chocolate Wafer Bar,Asia Pacific,Japan,E-Commerce,15,3.13,46.95
SALE-001607,2026-07-31,CHC-00614,Single Origin Dark Chocolate Coated Nuts,North America,USA,Duty-Free,31,5.09,157.79
SALE-001608,2025-12-23,CHC-00816,Salted Butter Caramel Chocolate Coated Nuts,Latin America,Peru,Direct-to-Consumer,13,2.65,34.45
SALE-001609,2025-12-10,CHC-00397,Original Ruby Chocolate Chips (Baking),North America,USA,E-Commerce,6,7.28,43.68
SALE-001610,2025-10-04,CHC-01398,Sea Salt Milk Chocolate Coated Nuts,Asia Pacific,India,Wholesale Distributor,14,2.36,33.04
SALE-001611,2026-07-31,CHC-01361,Almond Crunch Chocolate Filled Bar,Europe,Italy,Direct-to-Consumer,13,4.8,62.4
SALE-001612,2026-07-26,CHC-00028,Raspberry Swirl White Chocolate Gift Box,Europe,France,Direct-to-Consumer,20,2.57,51.4
SALE-001613,2026-03-24,CHC-01083,Organic Fair-Trade Chocolate Truffle Box,Asia Pacific,India,Direct-to-Consumer,54,6.81,367.74
SALE-001614,2026-03-23,CHC-00332,Whole Hazelnut Chocolate Bar,Middle East & Africa,Ghana,E-Commerce,96,3.7,355.2
SALE-001615,2026-05-25,CHC-01385,Classic Milk Chocolate Squares,Middle East & Africa,Ghana,Retail Store,20,4.23,84.6
SALE-001616,2026-03-17,CHC-01448,Sea Salt Caramel Chocolate Chips (Baking),Europe,Belgium,Retail Store,16,3.04,48.64
SALE-001617,2026-01-13,CHC-01250,Organic Single Origin Chocolate Bar,Middle East & Africa,Cote d'Ivoire,E-Commerce,18,3.77,67.86
SALE-001618,2026-05-09,CHC-00535,Marzipan Style Almond Chocolate Squares,Europe,Germany,Duty-Free,42,4.27,179.34
SALE-001619,2026-05-04,CHC-00801,Biscuit Milk Chocolate Bar,Europe,Belgium,Direct-to-Consumer,3,2.03,6.09
SALE-001620,2025-10-22,CHC-00422,Biscuit Milk Chocolate Squares,Europe,France,Wholesale Distributor,19,2.07,39.33
SALE-001621,2026-03-01,CHC-00470,Confectionery Grade Compound Chocolate Coated Nuts,Europe,Belgium,Direct-to-Consumer,18,1.95,35.1
SALE-001622,2025-10-14,CHC-01066,Honeycomb Milk Chocolate Truffle Box,Latin America,Ecuador,E-Commerce,97,2.33,226.01
SALE-001623,2026-02-09,CHC-00020,Lemon Zest White Chocolate Chips (Baking),Europe,Switzerland,Direct-to-Consumer,43,4.46,191.78
SALE-001624,2026-01-31,CHC-00614,Single Origin Dark Chocolate Coated Nuts,North America,USA,Retail Store,219,5.09,1114.71
SALE-001625,2026-05-30,CHC-00233,Roasted Almond Chocolate Filled Bar,North America,Mexico,Wholesale Distributor,59,3.98,234.82
SALE-001626,2025-10-07,CHC-01183,Raisin & Almond Fruit & Nut Chocolate Pralines,Asia Pacific,India,Duty-Free,12,3.88,46.56
SALE-001627,2025-10-17,CHC-00801,Biscuit Milk Chocolate Bar,Europe,Belgium,Retail Store,79,2.03,160.37
SALE-001628,2026-07-02,CHC-00060,Bakers Classic Compound Chocolate Wafer Bar,Middle East & Africa,South Africa,E-Commerce,11,1.3,14.3
SALE-001629,2025-08-31,CHC-00578,Diabetic Friendly Sugar-Free Chocolate Gift Box,North America,USA,E-Commerce,18,4.64,83.52
SALE-001630,2025-09-25,CHC-01371,Single Origin Dark Chocolate Squares,North America,Mexico,E-Commerce,86,3.84,330.24
SALE-001631,2026-02-11,CHC-00821,Original Ruby Chocolate Bar,Middle East & Africa,South Africa,Duty-Free,67,4.17,279.39
SALE-001632,2025-12-14,CHC-01205,Berry Burst Ruby Chocolate Squares,Europe,Netherlands,Direct-to-Consumer,28,4.45,124.6
SALE-001633,2026-02-20,CHC-00909,Value Pack Compound Chocolate Coated Nuts,North America,USA,Duty-Free,4,2.47,9.88
SALE-001634,2026-05-26,CHC-00741,Coconut White Chocolate Gift Box,Latin America,Colombia,Retail Store,11,4.06,44.66
SALE-001635,2026-04-01,CHC-01351,Espresso Infused Dark Chocolate Drops,Europe,Switzerland,Wholesale Distributor,14,2.51,35.14
SALE-001636,2026-03-14,CHC-00756,Roasted Almond Chocolate Pralines,Asia Pacific,Indonesia,Duty-Free,50,3.4,170.0
SALE-001637,2026-06-30,CHC-01383,70% Intense Dark Chocolate Filled Bar,Europe,Italy,Duty-Free,46,3.38,155.48
SALE-001638,2025-11-13,CHC-00261,Coconut Sugar Vegan Dark Chocolate Coated Nuts,Europe,Switzerland,Direct-to-Consumer,29,5.45,158.05
SALE-001639,2026-06-03,CHC-00070,70% Intense Dark Chocolate Chips (Baking),North America,USA,Direct-to-Consumer,9,3.0,27.0
SALE-001640,2026-03-23,CHC-01264,85% Extra Bold Dark Chocolate Squares,North America,USA,Wholesale Distributor,2,3.91,7.82
SALE-001641,2026-03-01,CHC-00156,Plant-Based Classic Vegan Dark Chocolate Filled Bar,North America,Canada,Retail Store,30,3.72,111.6
SALE-001642,2025-10-06,CHC-00516,Biscuit Milk Chocolate Coated Nuts,Latin America,Peru,Duty-Free,7,3.95,27.65
SALE-001643,2025-10-19,CHC-01087,Biscuit Milk Chocolate Drops,Europe,United Kingdom,Retail Store,26,4.08,106.08
SALE-001644,2026-05-04,CHC-00903,Bakers Classic Compound Chocolate Chips (Baking),Latin America,Brazil,Duty-Free,57,1.32,75.24
SALE-001645,2026-06-19,CHC-00675,Raspberry Swirl White Chocolate Truffle Box,Latin America,Colombia,Direct-to-Consumer,6,2.18,13.08
SALE-001646,2026-01-01,CHC-00550,70% Intense Dark Chocolate Coated Nuts,Latin America,Ecuador,Direct-to-Consumer,36,5.1,183.6
SALE-001647,2026-01-29,CHC-00845,Gianduja Style Hazelnut Chocolate Pralines,Europe,France,Direct-to-Consumer,33,5.23,172.59
SALE-001648,2026-01-24,CHC-00975,Sea Salt Caramel Chocolate Bar,North America,Canada,Wholesale Distributor,57,4.54,258.78
SALE-001649,2025-08-12,CHC-01424,Organic Single Origin Chocolate Coated Nuts,Latin America,Ecuador,Direct-to-Consumer,143,3.82,546.26
SALE-001650,2026-06-20,CHC-01466,Value Pack Compound Chocolate Gift Box,Europe,France,Duty-Free,55,1.29,70.95
SALE-001651,2026-03-05,CHC-00440,Cranberry Walnut Fruit & Nut Chocolate Truffle Box,Europe,Germany,Retail Store,65,4.92,319.8
SALE-001652,2026-05-20,CHC-00013,70% Intense Dark Chocolate Wafer Bar,Europe,France,E-Commerce,11,4.13,45.43
SALE-001653,2026-03-01,CHC-00372,Tropical Mix Fruit & Nut Chocolate Truffle Box,Asia Pacific,Indonesia,Direct-to-Consumer,108,2.99,322.92
SALE-001654,2026-04-13,CHC-00934,Biscuit Milk Chocolate Wafer Bar,Europe,Germany,Wholesale Distributor,19,2.32,44.08
SALE-001655,2026-04-28,CHC-01194,Coconut Sugar Vegan Dark Chocolate Truffle Box,North America,USA,Direct-to-Consumer,20,4.5,90.0
SALE-001656,2026-02-01,CHC-00105,70% Intense Dark Chocolate Chips (Baking),Middle East & Africa,South Africa,Wholesale Distributor,33,4.81,158.73
SALE-001657,2025-11-19,CHC-00862,Roasted Almond Chocolate Filled Bar,North America,Mexico,Duty-Free,5,3.97,19.85
SALE-001658,2026-04-26,CHC-00235,Honeycomb Milk Chocolate Squares,Europe,Netherlands,Retail Store,56,3.45,193.2
SALE-001659,2025-08-28,CHC-00189,Marzipan Style Almond Chocolate Gift Box,North America,USA,Duty-Free,72,3.72,267.84
SALE-001660,2025-11-04,CHC-00591,Bakers Classic Compound Chocolate Pralines,Latin America,Colombia,Retail Store,13,1.62,21.06
SALE-001661,2025-10-25,CHC-00837,Cranberry Walnut Fruit & Nut Chocolate Chips (Baking),Europe,Switzerland,Direct-to-Consumer,36,4.56,164.16
SALE-001662,2026-05-10,CHC-01353,Salted Butter Caramel Chocolate Wafer Bar,Asia Pacific,India,E-Commerce,7,3.97,27.79
SALE-001663,2025-09-28,CHC-01013,Almond Crunch Chocolate Filled Bar,North America,Mexico,E-Commerce,61,4.41,269.01
SALE-001664,2025-09-22,CHC-00128,Berry Burst Ruby Chocolate Truffle Box,Asia Pacific,Australia,Direct-to-Consumer,19,6.86,130.34
SALE-001665,2025-11-19,CHC-00811,Berry Burst Ruby Chocolate Coated Nuts,Asia Pacific,Indonesia,Wholesale Distributor,93,7.11,661.23
SALE-001666,2025-10-20,CHC-01384,85% Extra Bold Dark Chocolate Chips (Baking),Asia Pacific,India,Retail Store,15,6.27,94.05
SALE-001667,2026-04-25,CHC-00726,Sea Salt Caramel Chocolate Pralines,Europe,France,Duty-Free,14,3.13,43.82
SALE-001668,2026-02-15,CHC-01065,Vanilla Bean White Chocolate Gift Box,North America,USA,Direct-to-Consumer,33,2.88,95.04
SALE-001669,2026-03-09,CHC-00613,Marzipan Style Almond Chocolate Wafer Bar,North America,USA,Wholesale Distributor,18,4.96,89.28
SALE-001670,2025-10-15,CHC-01265,Gianduja Style Hazelnut Chocolate Pralines,Asia Pacific,India,Duty-Free,3,3.01,9.03
SALE-001671,2025-11-23,CHC-00245,Sea Salt Milk Chocolate Wafer Bar,Europe,Netherlands,Retail Store,7,4.08,28.56
SALE-001672,2025-09-11,CHC-00165,Marzipan Style Almond Chocolate Pralines,North America,Mexico,Wholesale Distributor,22,3.36,73.92
SALE-001673,2026-04-04,CHC-01214,Stevia Sweetened Sugar-Free Chocolate Gift Box,Asia Pacific,Australia,Direct-to-Consumer,14,5.68,79.52
SALE-001674,2025-12-20,CHC-01211,Tropical Mix Fruit & Nut Chocolate Pralines,Europe,Netherlands,Wholesale Distributor,16,4.0,64.0
SALE-001675,2025-12-20,CHC-01404,Lemon Zest White Chocolate Gift Box,Latin America,Peru,Duty-Free,32,4.16,133.12
SALE-001676,2026-04-04,CHC-00508,Gianduja Style Hazelnut Chocolate Drops,Europe,Switzerland,Retail Store,16,5.67,90.72
SALE-001677,2026-07-18,CHC-00511,Soft Caramel Core Chocolate Coated Nuts,Latin America,Ecuador,Direct-to-Consumer,8,3.92,31.36
SALE-001678,2026-07-24,CHC-01265,Gianduja Style Hazelnut Chocolate Pralines,Asia Pacific,India,Retail Store,5,3.01,15.05
SALE-001679,2025-10-14,CHC-01164,Raspberry Swirl White Chocolate Wafer Bar,Europe,Switzerland,Duty-Free,20,4.25,85.0
SALE-001680,2025-10-29,CHC-00212,Gianduja Style Hazelnut Chocolate Gift Box,Europe,United Kingdom,Direct-to-Consumer,45,3.64,163.8
SALE-001681,2025-11-11,CHC-00173,Stevia Sweetened Sugar-Free Chocolate Drops,Latin America,Brazil,Wholesale Distributor,39,4.65,181.35
SALE-001682,2025-12-09,CHC-00887,Praline Hazelnut Chocolate Coated Nuts,Europe,France,Direct-to-Consumer,31,4.64,143.84
SALE-001683,2026-07-18,CHC-00233,Roasted Almond Chocolate Filled Bar,North America,Mexico,Wholesale Distributor,15,3.98,59.7
SALE-001684,2026-07-08,CHC-01117,Salted Butter Caramel Chocolate Truffle Box,Europe,Italy,E-Commerce,195,3.79,739.05
SALE-001685,2025-12-24,CHC-01290,70% Intense Dark Chocolate Truffle Box,Latin America,Ecuador,Retail Store,5,4.41,22.05
SALE-001686,2025-09-02,CHC-00995,70% Intense Dark Chocolate Squares,Asia Pacific,China,E-Commerce,69,2.61,180.09
SALE-001687,2026-03-21,CHC-00860,Coconut Sugar Vegan Dark Chocolate Wafer Bar,Europe,Switzerland,Retail Store,10,6.61,66.1
SALE-001688,2026-04-19,CHC-00391,Lemon Zest White Chocolate Coated Nuts,Latin America,Peru,Direct-to-Consumer,7,4.2,29.4
SALE-001689,2026-06-19,CHC-01393,Bakers Classic Compound Chocolate Wafer Bar,Asia Pacific,Indonesia,Wholesale Distributor,101,1.28,129.28
SALE-001690,2025-10-16,CHC-00737,Sea Salt Caramel Chocolate Coated Nuts,Europe,Germany,Wholesale Distributor,24,2.65,63.6
SALE-001691,2026-05-13,CHC-00697,Salted Butter Caramel Chocolate Filled Bar,North America,Canada,Direct-to-Consumer,16,3.74,59.84
SALE-001692,2025-12-05,CHC-00435,Honeycomb Milk Chocolate Truffle Box,Europe,France,Duty-Free,49,3.93,192.57
SALE-001693,2025-12-05,CHC-00007,Almond Crunch Chocolate Pralines,Asia Pacific,Australia,Retail Store,15,5.1,76.5
SALE-001694,2025-08-30,CHC-01300,Espresso Infused Dark Chocolate Drops,Asia Pacific,China,E-Commerce,13,5.83,75.79
SALE-001695,2025-09-11,CHC-01145,Plant-Based Classic Vegan Dark Chocolate Drops,Asia Pacific,Japan,E-Commerce,26,6.28,163.28
SALE-001696,2025-09-27,CHC-00511,Soft Caramel Core Chocolate Coated Nuts,Latin America,Ecuador,E-Commerce,17,3.92,66.64
SALE-001697,2025-11-08,CHC-00999,Single Origin Dark Chocolate Coated Nuts,Europe,France,Direct-to-Consumer,88,3.79,333.52
SALE-001698,2026-01-20,CHC-00441,Lemon Zest White Chocolate Coated Nuts,Middle East & Africa,Ghana,Direct-to-Consumer,8,3.61,28.88
SALE-001699,2026-04-08,CHC-00103,Almond Crunch Chocolate Squares,Europe,Germany,Wholesale Distributor,17,3.86,65.62
SALE-001700,2026-04-06,CHC-00147,Espresso Infused Dark Chocolate Coated Nuts,Europe,Germany,Duty-Free,79,2.99,236.21
SALE-001701,2026-03-21,CHC-00470,Confectionery Grade Compound Chocolate Coated Nuts,Europe,Belgium,Direct-to-Consumer,24,1.95,46.8
SALE-001702,2025-09-14,CHC-00407,Organic Raw Cacao Chocolate Truffle Box,Europe,France,Duty-Free,25,3.6,90.0
SALE-001703,2026-05-26,CHC-00003,Confectionery Grade Compound Chocolate Pralines,Europe,Italy,E-Commerce,23,2.21,50.83
SALE-001704,2026-04-14,CHC-00886,Coconut Sugar Vegan Dark Chocolate Filled Bar,Latin America,Colombia,E-Commerce,10,5.77,57.7
SALE-001705,2026-01-31,CHC-00466,Espresso Infused Dark Chocolate Squares,North America,USA,Wholesale Distributor,22,2.51,55.22
SALE-001706,2025-09-03,CHC-00344,Espresso Infused Dark Chocolate Squares,Europe,United Kingdom,E-Commerce,38,5.58,212.04
SALE-001707,2026-02-21,CHC-00793,Coconut White Chocolate Drops,Latin America,Colombia,Wholesale Distributor,7,4.44,31.08
SALE-001708,2026-02-01,CHC-00567,Roasted Almond Chocolate Squares,Europe,Germany,Retail Store,86,4.67,401.62
SALE-001709,2025-11-21,CHC-01087,Biscuit Milk Chocolate Drops,Europe,United Kingdom,Direct-to-Consumer,15,4.08,61.2
SALE-001710,2026-07-11,CHC-01381,Citrus Ruby Chocolate Coated Nuts,Latin America,Peru,Wholesale Distributor,13,7.77,101.01
SALE-001711,2025-11-08,CHC-00495,Coconut Sugar Vegan Dark Chocolate Pralines,Asia Pacific,Australia,E-Commerce,20,6.44,128.8
SALE-001712,2026-01-27,CHC-00654,Espresso Infused Dark Chocolate Filled Bar,Europe,France,E-Commerce,62,5.62,348.44
SALE-001713,2026-07-18,CHC-00535,Marzipan Style Almond Chocolate Squares,Europe,Germany,E-Commerce,13,4.27,55.51
SALE-001714,2025-08-25,CHC-00862,Roasted Almond Chocolate Filled Bar,North America,Mexico,Wholesale Distributor,22,3.97,87.34
SALE-001715,2025-12-10,CHC-00942,Classic Milk Chocolate Wafer Bar,Middle East & Africa,UAE,Duty-Free,16,2.07,33.12
SALE-001716,2026-05-05,CHC-00714,Espresso Infused Dark Chocolate Squares,Middle East & Africa,South Africa,Duty-Free,32,3.12,99.84
SALE-001717,2025-11-04,CHC-00121,Coconut White Chocolate Chips (Baking),Europe,Switzerland,Duty-Free,15,2.91,43.65
SALE-001718,2026-01-31,CHC-01415,Classic Sugar-Free Chocolate Drops,Middle East & Africa,South Africa,Retail Store,6,4.72,28.32
SALE-001719,2025-12-05,CHC-00824,Bakers Classic Compound Chocolate Wafer Bar,Europe,France,Direct-to-Consumer,4,1.57,6.28
SALE-001720,2026-05-27,CHC-00721,Sea Salt Caramel Chocolate Filled Bar,Europe,France,E-Commerce,9,2.67,24.03
SALE-001721,2026-07-01,CHC-00252,70% Intense Dark Chocolate Drops,Europe,France,E-Commerce,57,4.98,283.86
SALE-001722,2025-09-08,CHC-00176,85% Extra Bold Dark Chocolate Drops,Middle East & Africa,Ghana,Duty-Free,7,3.82,26.74
SALE-001723,2025-10-05,CHC-00002,Raspberry Swirl White Chocolate Coated Nuts,North America,USA,E-Commerce,33,3.78,124.74
SALE-001724,2025-08-21,CHC-00351,Diabetic Friendly Sugar-Free Chocolate Chips (Baking),Asia Pacific,Indonesia,Wholesale Distributor,51,4.6,234.6
SALE-001725,2026-06-22,CHC-00821,Original Ruby Chocolate Bar,Middle East & Africa,South Africa,Retail Store,16,4.17,66.72
SALE-001726,2026-07-31,CHC-00104,Single Origin Dark Chocolate Bar,Europe,France,E-Commerce,64,2.87,183.68
SALE-001727,2026-01-05,CHC-01479,Sea Salt Milk Chocolate Coated Nuts,Middle East & Africa,Ghana,Retail Store,114,3.86,440.04
SALE-001728,2025-12-07,CHC-01133,Stevia Sweetened Sugar-Free Chocolate Drops,Europe,United Kingdom,E-Commerce,15,5.01,75.15
SALE-001729,2025-11-15,CHC-00348,Almond Crunch Chocolate Chips (Baking),North America,Canada,Direct-to-Consumer,10,3.18,31.8
SALE-001730,2025-11-18,CHC-01207,Confectionery Grade Compound Chocolate Gift Box,North America,USA,Duty-Free,12,1.86,22.32
SALE-001731,2026-02-28,CHC-01219,Espresso Infused Dark Chocolate Squares,Middle East & Africa,UAE,E-Commerce,26,4.18,108.68
SALE-001732,2026-06-05,CHC-01488,Coconut White Chocolate Squares,Middle East & Africa,South Africa,Retail Store,11,4.05,44.55
SALE-001733,2025-09-10,CHC-01177,Plant-Based Classic Vegan Dark Chocolate Filled Bar,Europe,Switzerland,Direct-to-Consumer,5,3.4,17.0
SALE-001734,2026-06-15,CHC-01496,Sea Salt Caramel Chocolate Wafer Bar,Middle East & Africa,South Africa,Duty-Free,15,3.45,51.75
SALE-001735,2026-02-03,CHC-01028,Sea Salt Milk Chocolate Pralines,Europe,Netherlands,Duty-Free,32,2.88,92.16
SALE-001736,2025-10-29,CHC-00686,Praline Hazelnut Chocolate Squares,Europe,Netherlands,E-Commerce,3,3.62,10.86
SALE-001737,2025-12-28,CHC-00931,70% Intense Dark Chocolate Filled Bar,Asia Pacific,Japan,Direct-to-Consumer,29,4.65,134.85
SALE-001738,2026-04-25,CHC-00352,Tropical Mix Fruit & Nut Chocolate Filled Bar,Asia Pacific,Indonesia,Duty-Free,7,3.87,27.09
SALE-001739,2025-09-29,CHC-00456,85% Extra Bold Dark Chocolate Bar,North America,Mexico,Retail Store,26,5.37,139.62
SALE-001740,2026-07-10,CHC-00198,Original Ruby Chocolate Wafer Bar,North America,Canada,Direct-to-Consumer,64,5.88,376.32
SALE-001741,2025-10-31,CHC-01458,Classic Sugar-Free Chocolate Wafer Bar,North America,Mexico,E-Commerce,4,5.46,21.84
SALE-001742,2026-01-28,CHC-00083,Coconut White Chocolate Coated Nuts,North America,Canada,E-Commerce,25,4.04,101.0
SALE-001743,2026-07-04,CHC-00458,Raspberry Swirl White Chocolate Filled Bar,North America,Canada,E-Commerce,15,2.72,40.8
SALE-001744,2025-09-18,CHC-00084,Roasted Almond Chocolate Squares,Latin America,Brazil,Wholesale Distributor,73,5.14,375.22
SALE-001745,2025-12-01,CHC-00688,Raspberry Swirl White Chocolate Bar,Latin America,Peru,Direct-to-Consumer,14,2.23,31.22
SALE-001746,2025-10-07,CHC-01112,Berry Burst Ruby Chocolate Chips (Baking),Europe,Belgium,Duty-Free,5,5.89,29.45
SALE-001747,2026-06-17,CHC-00216,Raspberry Swirl White Chocolate Bar,North America,Mexico,E-Commerce,43,3.09,132.87
SALE-001748,2026-03-30,CHC-00673,Sea Salt Caramel Chocolate Filled Bar,Europe,United Kingdom,Wholesale Distributor,36,3.61,129.96
SALE-001749,2025-09-07,CHC-01017,Vanilla Bean White Chocolate Drops,Latin America,Ecuador,E-Commerce,60,4.16,249.6
SALE-001750,2026-06-07,CHC-01399,Single Origin Dark Chocolate Coated Nuts,North America,Mexico,Retail Store,13,4.39,57.07
SALE-001751,2025-11-10,CHC-00521,Confectionery Grade Compound Chocolate Pralines,North America,Canada,E-Commerce,50,1.61,80.5
SALE-001752,2026-06-06,CHC-00196,Sea Salt Caramel Chocolate Pralines,Latin America,Colombia,E-Commerce,43,4.03,173.29
SALE-001753,2025-09-23,CHC-01041,Plant-Based Classic Vegan Dark Chocolate Pralines,North America,USA,Wholesale Distributor,23,5.38,123.74
SALE-001754,2026-01-18,CHC-00889,Whole Hazelnut Chocolate Gift Box,Latin America,Ecuador,E-Commerce,137,5.53,757.61
SALE-001755,2025-09-06,CHC-01050,Lemon Zest White Chocolate Gift Box,Latin America,Brazil,Wholesale Distributor,41,4.02,164.82
SALE-001756,2026-03-06,CHC-00268,Whole Hazelnut Chocolate Coated Nuts,Europe,France,Direct-to-Consumer,12,3.22,38.64
SALE-001757,2026-05-21,CHC-00389,Whole Hazelnut Chocolate Drops,Asia Pacific,Japan,Direct-to-Consumer,34,5.81,197.54
SALE-001758,2026-03-30,CHC-00439,Soft Caramel Core Chocolate Coated Nuts,Asia Pacific,China,Direct-to-Consumer,68,4.25,289.0
SALE-001759,2026-03-29,CHC-00256,Classic Milk Chocolate Gift Box,Asia Pacific,India,Wholesale Distributor,47,2.49,117.03
SALE-001760,2025-09-14,CHC-01472,Honeycomb Milk Chocolate Truffle Box,Asia Pacific,Australia,E-Commerce,88,4.19,368.72
SALE-001761,2026-07-26,CHC-00414,Organic Single Origin Chocolate Pralines,Middle East & Africa,Ghana,Direct-to-Consumer,27,5.14,138.78
SALE-001762,2025-09-23,CHC-00092,Praline Hazelnut Chocolate Squares,North America,Mexico,Duty-Free,26,5.78,150.28
SALE-001763,2026-04-05,CHC-00963,Honeycomb Milk Chocolate Truffle Box,Asia Pacific,India,Wholesale Distributor,20,2.43,48.6
SALE-001764,2025-10-13,CHC-00188,Honeycomb Milk Chocolate Coated Nuts,Europe,Switzerland,Retail Store,8,3.74,29.92
SALE-001765,2026-03-08,CHC-00556,Roasted Almond Chocolate Drops,Europe,Germany,Retail Store,40,2.95,118.0
SALE-001766,2025-12-12,CHC-00655,Almond Crunch Chocolate Coated Nuts,Europe,Italy,Duty-Free,119,5.35,636.65
SALE-001767,2026-06-18,CHC-00306,Organic Single Origin Chocolate Filled Bar,Europe,Germany,Direct-to-Consumer,26,4.73,122.98
SALE-001768,2026-06-25,CHC-00960,70% Intense Dark Chocolate Filled Bar,Middle East & Africa,Ghana,Retail Store,22,3.66,80.52
SALE-001769,2025-11-12,CHC-00886,Coconut Sugar Vegan Dark Chocolate Filled Bar,Latin America,Colombia,Wholesale Distributor,22,5.77,126.94
SALE-001770,2026-05-24,CHC-00894,Organic Raw Cacao Chocolate Squares,Europe,Italy,Wholesale Distributor,44,6.75,297.0
SALE-001771,2026-07-09,CHC-00403,Sea Salt Caramel Chocolate Chips (Baking),Europe,France,Wholesale Distributor,15,4.74,71.1
SALE-001772,2026-05-22,CHC-01123,Bakers Classic Compound Chocolate Truffle Box,Middle East & Africa,UAE,E-Commerce,44,2.37,104.28
SALE-001773,2025-10-16,CHC-00247,Oat Milk Blend Vegan Dark Chocolate Bar,Asia Pacific,Indonesia,E-Commerce,16,6.24,99.84
SALE-001774,2026-04-30,CHC-00825,85% Extra Bold Dark Chocolate Gift Box,North America,Canada,Retail Store,75,4.77,357.75
SALE-001775,2025-11-23,CHC-00665,Single Origin Dark Chocolate Bar,North America,Canada,Direct-to-Consumer,21,3.37,70.77
SALE-001776,2025-12-28,CHC-00317,70% Intense Dark Chocolate Bar,Latin America,Brazil,Direct-to-Consumer,25,4.91,122.75
SALE-001777,2026-02-20,CHC-01294,Oat Milk Blend Vegan Dark Chocolate Truffle Box,Europe,France,Duty-Free,116,5.55,643.8
SALE-001778,2026-04-21,CHC-01284,Coconut Sugar Vegan Dark Chocolate Chips (Baking),Europe,Germany,E-Commerce,14,6.17,86.38
SALE-001779,2026-05-12,CHC-00674,Espresso Infused Dark Chocolate Filled Bar,Latin America,Colombia,E-Commerce,45,3.7,166.5
SALE-001780,2025-09-08,CHC-01034,Roasted Almond Chocolate Chips (Baking),Middle East & Africa,Ghana,Direct-to-Consumer,20,3.63,72.6
SALE-001781,2025-10-23,CHC-01160,Confectionery Grade Compound Chocolate Pralines,Middle East & Africa,South Africa,Wholesale Distributor,7,2.41,16.87
SALE-001782,2025-10-02,CHC-00722,Single Origin Dark Chocolate Gift Box,Europe,Italy,Wholesale Distributor,7,3.04,21.28
SALE-001783,2026-05-05,CHC-01422,Confectionery Grade Compound Chocolate Drops,Europe,United Kingdom,Retail Store,22,1.42,31.24
SALE-001784,2026-04-11,CHC-00327,Gianduja Style Hazelnut Chocolate Bar,Latin America,Colombia,Wholesale Distributor,12,5.04,60.48
SALE-001785,2025-09-23,CHC-00291,Salted Butter Caramel Chocolate Truffle Box,Europe,Germany,Retail Store,78,2.77,216.06
SALE-001786,2026-07-27,CHC-01209,Value Pack Compound Chocolate Truffle Box,North America,USA,Retail Store,16,1.24,19.84
SALE-001787,2025-08-07,CHC-01232,Classic Milk Chocolate Squares,Latin America,Peru,Retail Store,58,2.79,161.82
SALE-001788,2026-05-28,CHC-00239,85% Extra Bold Dark Chocolate Filled Bar,Middle East & Africa,South Africa,Direct-to-Consumer,50,3.99,199.5
SALE-001789,2026-07-12,CHC-00163,Honeycomb Milk Chocolate Coated Nuts,Europe,Belgium,Direct-to-Consumer,45,3.05,137.25
SALE-001790,2026-02-01,CHC-00988,Roasted Almond Chocolate Coated Nuts,Europe,United Kingdom,Retail Store,5,3.44,17.2
SALE-001791,2025-08-29,CHC-00879,Biscuit Milk Chocolate Pralines,Europe,Belgium,E-Commerce,5,2.18,10.9
SALE-001792,2025-11-27,CHC-00163,Honeycomb Milk Chocolate Coated Nuts,Europe,Belgium,Direct-to-Consumer,20,3.05,61.0
SALE-001793,2026-06-22,CHC-00354,Plant-Based Classic Vegan Dark Chocolate Pralines,Europe,Switzerland,E-Commerce,3,5.3,15.9
SALE-001794,2026-06-25,CHC-00608,Tropical Mix Fruit & Nut Chocolate Drops,Asia Pacific,Australia,Direct-to-Consumer,8,3.32,26.56
SALE-001795,2026-04-12,CHC-00351,Diabetic Friendly Sugar-Free Chocolate Chips (Baking),Asia Pacific,Indonesia,E-Commerce,86,4.6,395.6
SALE-001796,2026-05-18,CHC-01439,Tropical Mix Fruit & Nut Chocolate Drops,Europe,France,Duty-Free,9,5.33,47.97
SALE-001797,2026-07-06,CHC-01073,Honeycomb Milk Chocolate Drops,Middle East & Africa,Ghana,Retail Store,33,4.46,147.18
SALE-001798,2026-01-04,CHC-01148,Marzipan Style Almond Chocolate Gift Box,Latin America,Brazil,Direct-to-Consumer,41,4.26,174.66
SALE-001799,2025-09-28,CHC-00352,Tropical Mix Fruit & Nut Chocolate Filled Bar,Asia Pacific,Indonesia,Wholesale Distributor,33,3.87,127.71
SALE-001800,2026-02-27,CHC-01301,Raisin & Almond Fruit & Nut Chocolate Filled Bar,Europe,Germany,E-Commerce,4,3.94,15.76
SALE-001801,2026-07-21,CHC-00572,Organic Single Origin Chocolate Wafer Bar,Europe,Belgium,E-Commerce,23,5.8,133.4
SALE-001802,2025-09-13,CHC-00491,85% Extra Bold Dark Chocolate Pralines,Middle East & Africa,Cote d'Ivoire,Duty-Free,51,5.52,281.52
SALE-001803,2026-07-29,CHC-01495,Sea Salt Caramel Chocolate Drops,Middle East & Africa,Ghana,Duty-Free,94,3.2,300.8
SALE-001804,2026-06-25,CHC-00952,Whole Hazelnut Chocolate Squares,Europe,Germany,Retail Store,16,5.0,80.0
SALE-001805,2025-08-29,CHC-01048,Cranberry Walnut Fruit & Nut Chocolate Gift Box,Europe,Italy,E-Commerce,40,5.35,214.0
SALE-001806,2026-07-17,CHC-01294,Oat Milk Blend Vegan Dark Chocolate Truffle Box,Europe,France,E-Commerce,74,5.55,410.7
SALE-001807,2026-02-14,CHC-00242,Whole Hazelnut Chocolate Truffle Box,North America,Canada,Wholesale Distributor,11,3.1,34.1
SALE-001808,2026-06-16,CHC-01190,Classic Sugar-Free Chocolate Chips (Baking),Latin America,Brazil,Wholesale Distributor,131,4.18,547.58
SALE-001809,2026-04-02,CHC-01095,Classic Sugar-Free Chocolate Chips (Baking),Europe,Switzerland,Retail Store,68,5.13,348.84
SALE-001810,2025-09-13,CHC-00869,Sea Salt Caramel Chocolate Truffle Box,Middle East & Africa,South Africa,Wholesale Distributor,6,2.95,17.7
SALE-001811,2025-11-06,CHC-01198,85% Extra Bold Dark Chocolate Filled Bar,North America,Mexico,Direct-to-Consumer,63,3.84,241.92
SALE-001812,2025-08-16,CHC-00092,Praline Hazelnut Chocolate Squares,North America,Mexico,Duty-Free,34,5.78,196.52
SALE-001813,2026-04-20,CHC-00575,Berry Burst Ruby Chocolate Wafer Bar,North America,USA,Duty-Free,39,4.44,173.16
SALE-001814,2026-05-04,CHC-00060,Bakers Classic Compound Chocolate Wafer Bar,Middle East & Africa,South Africa,Wholesale Distributor,12,1.3,15.6
SALE-001815,2025-08-13,CHC-01227,Original Ruby Chocolate Squares,Europe,France,Duty-Free,19,5.7,108.3
SALE-001816,2026-05-13,CHC-00353,Marzipan Style Almond Chocolate Chips (Baking),Latin America,Colombia,E-Commerce,38,4.99,189.62
SALE-001817,2025-09-03,CHC-00711,Original Ruby Chocolate Truffle Box,Latin America,Peru,Retail Store,3,7.53,22.59
SALE-001818,2025-08-10,CHC-00085,Classic Milk Chocolate Bar,Latin America,Brazil,E-Commerce,97,3.72,360.84
SALE-001819,2025-12-28,CHC-00625,Single Origin Dark Chocolate Gift Box,Middle East & Africa,Cote d'Ivoire,Direct-to-Consumer,40,3.49,139.6
SALE-001820,2026-06-01,CHC-00684,Cranberry Walnut Fruit & Nut Chocolate Filled Bar,Latin America,Brazil,Wholesale Distributor,33,4.05,133.65
SALE-001821,2025-10-02,CHC-01457,Gianduja Style Hazelnut Chocolate Filled Bar,Middle East & Africa,Ghana,Retail Store,219,3.72,814.68
SALE-001822,2025-12-07,CHC-00479,Salted Butter Caramel Chocolate Coated Nuts,Asia Pacific,Japan,Retail Store,17,4.26,72.42
SALE-001823,2025-10-05,CHC-00006,Stevia Sweetened Sugar-Free Chocolate Filled Bar,Europe,Switzerland,Duty-Free,2,5.0,10.0
SALE-001824,2025-10-17,CHC-00190,70% Intense Dark Chocolate Gift Box,Europe,France,Direct-to-Consumer,27,2.83,76.41
SALE-001825,2025-11-25,CHC-00299,Confectionery Grade Compound Chocolate Wafer Bar,North America,USA,Wholesale Distributor,64,2.24,143.36
SALE-001826,2026-06-19,CHC-00938,Organic Single Origin Chocolate Squares,North America,USA,Wholesale Distributor,15,4.87,73.05
SALE-001827,2026-01-05,CHC-01078,Original Ruby Chocolate Truffle Box,Middle East & Africa,Cote d'Ivoire,Wholesale Distributor,6,7.21,43.26
SALE-001828,2026-03-11,CHC-01366,Cranberry Walnut Fruit & Nut Chocolate Chips (Baking),Asia Pacific,Japan,Duty-Free,14,3.96,55.44
SALE-001829,2026-07-09,CHC-00704,Original Ruby Chocolate Chips (Baking),North America,Canada,Wholesale Distributor,22,4.75,104.5
SALE-001830,2026-01-10,CHC-00546,Raisin & Almond Fruit & Nut Chocolate Chips (Baking),Europe,France,E-Commerce,5,5.23,26.15
SALE-001831,2026-03-02,CHC-00821,Original Ruby Chocolate Bar,Middle East & Africa,South Africa,Duty-Free,22,4.17,91.74
SALE-001832,2026-07-19,CHC-01315,Almond Crunch Chocolate Drops,Europe,Switzerland,Direct-to-Consumer,7,5.35,37.45
SALE-001833,2026-01-21,CHC-00457,Almond Crunch Chocolate Bar,North America,Mexico,Direct-to-Consumer,6,5.01,30.06
SALE-001834,2025-08-13,CHC-00156,Plant-Based Classic Vegan Dark Chocolate Filled Bar,North America,Canada,Direct-to-Consumer,9,3.72,33.48
SALE-001835,2026-05-06,CHC-00228,Raspberry Swirl White Chocolate Drops,Europe,Switzerland,Duty-Free,27,4.46,120.42
SALE-001836,2026-07-14,CHC-01288,Salted Butter Caramel Chocolate Coated Nuts,Asia Pacific,Japan,Retail Store,89,3.88,345.32
SALE-001837,2025-11-28,CHC-01110,Honeycomb Milk Chocolate Squares,Asia Pacific,Japan,Direct-to-Consumer,11,3.26,35.86
SALE-001838,2026-04-16,CHC-00073,Classic Milk Chocolate Gift Box,Asia Pacific,India,Wholesale Distributor,9,2.98,26.82
SALE-001839,2026-07-02,CHC-00192,Salted Butter Caramel Chocolate Drops,Middle East & Africa,Cote d'Ivoire,Retail Store,85,3.88,329.8
SALE-001840,2026-01-17,CHC-01200,Gianduja Style Hazelnut Chocolate Pralines,Middle East & Africa,Cote d'Ivoire,Wholesale Distributor,7,3.68,25.76
SALE-001841,2025-10-16,CHC-00539,Salted Butter Caramel Chocolate Filled Bar,Europe,France,E-Commerce,32,3.18,101.76
SALE-001842,2025-11-13,CHC-01201,85% Extra Bold Dark Chocolate Gift Box,Europe,Belgium,Direct-to-Consumer,35,4.63,162.05
SALE-001843,2026-06-12,CHC-00973,Organic Raw Cacao Chocolate Gift Box,North America,USA,Wholesale Distributor,34,4.27,145.18
SALE-001844,2025-12-23,CHC-00068,Honeycomb Milk Chocolate Drops,Asia Pacific,Japan,Duty-Free,38,3.57,135.66
SALE-001845,2025-12-05,CHC-01004,Cranberry Walnut Fruit & Nut Chocolate Squares,North America,Mexico,Wholesale Distributor,29,4.05,117.45
SALE-001846,2025-10-02,CHC-00293,Coconut White Chocolate Squares,Europe,Germany,E-Commerce,9,2.6,23.4
SALE-001847,2025-12-11,CHC-01097,70% Intense Dark Chocolate Truffle Box,North America,USA,Duty-Free,47,2.91,136.77
SALE-001848,2025-08-25,CHC-00325,85% Extra Bold Dark Chocolate Filled Bar,North America,Mexico,Retail Store,26,4.55,118.3
SALE-001849,2025-11-06,CHC-00628,Gianduja Style Hazelnut Chocolate Squares,North America,Mexico,Wholesale Distributor,203,4.62,937.86
SALE-001850,2026-01-14,CHC-01453,Honeycomb Milk Chocolate Coated Nuts,Europe,Germany,Retail Store,17,4.12,70.04
SALE-001851,2026-06-24,CHC-00950,Whole Hazelnut Chocolate Wafer Bar,Asia Pacific,Australia,Retail Store,4,5.8,23.2
SALE-001852,2025-09-23,CHC-01259,Classic Milk Chocolate Drops,North America,Mexico,Wholesale Distributor,34,3.78,128.52
SALE-001853,2026-01-09,CHC-00752,Almond Crunch Chocolate Pralines,Europe,Switzerland,Duty-Free,40,3.14,125.6
SALE-001854,2026-06-28,CHC-00247,Oat Milk Blend Vegan Dark Chocolate Bar,Asia Pacific,Indonesia,Direct-to-Consumer,3,6.24,18.72
SALE-001855,2025-12-24,CHC-00278,70% Intense Dark Chocolate Filled Bar,Europe,Italy,Retail Store,20,6.28,125.6
SALE-001856,2026-03-28,CHC-00066,Lemon Zest White Chocolate Pralines,Latin America,Peru,Duty-Free,100,2.39,239.0
SALE-001857,2026-08-02,CHC-00403,Sea Salt Caramel Chocolate Chips (Baking),Europe,France,Wholesale Distributor,33,4.74,156.42
SALE-001858,2026-05-14,CHC-00523,Coconut White Chocolate Filled Bar,Middle East & Africa,Ghana,Duty-Free,75,2.06,154.5
SALE-001859,2026-01-28,CHC-00378,Biscuit Milk Chocolate Bar,Latin America,Brazil,Wholesale Distributor,10,4.16,41.6
SALE-001860,2026-05-13,CHC-01193,85% Extra Bold Dark Chocolate Wafer Bar,Latin America,Ecuador,E-Commerce,41,2.56,104.96
SALE-001861,2026-01-21,CHC-00199,Praline Hazelnut Chocolate Wafer Bar,Europe,France,Duty-Free,44,5.59,245.96
SALE-001862,2026-07-03,CHC-00434,Organic Raw Cacao Chocolate Coated Nuts,Europe,Germany,E-Commerce,95,4.29,407.55
SALE-001863,2025-10-26,CHC-00149,Tropical Mix Fruit & Nut Chocolate Bar,Middle East & Africa,Cote d'Ivoire,Direct-to-Consumer,10,4.08,40.8
SALE-001864,2026-06-09,CHC-01145,Plant-Based Classic Vegan Dark Chocolate Drops,Asia Pacific,Japan,E-Commerce,22,6.28,138.16
SALE-001865,2026-06-11,CHC-00593,Soft Caramel Core Chocolate Wafer Bar,Asia Pacific,Australia,Direct-to-Consumer,11,2.99,32.89
SALE-001866,2026-04-02,CHC-00515,Coconut White Chocolate Wafer Bar,Asia Pacific,Australia,Wholesale Distributor,5,3.83,19.15
SALE-001867,2026-05-25,CHC-00835,70% Intense Dark Chocolate Bar,Middle East & Africa,Cote d'Ivoire,Direct-to-Consumer,24,2.61,62.64
SALE-001868,2026-06-29,CHC-01220,Biscuit Milk Chocolate Gift Box,Europe,Germany,E-Commerce,100,3.74,374.0
SALE-001869,2026-05-28,CHC-00867,Whole Hazelnut Chocolate Filled Bar,Europe,Germany,Retail Store,52,3.41,177.32
SALE-001870,2026-02-14,CHC-00242,Whole Hazelnut Chocolate Truffle Box,North America,Canada,E-Commerce,14,3.1,43.4
SALE-001871,2025-10-06,CHC-00725,Organic Raw Cacao Chocolate Wafer Bar,North America,Mexico,Duty-Free,7,7.27,50.89
SALE-001872,2025-10-25,CHC-01045,Almond Crunch Chocolate Coated Nuts,Latin America,Brazil,E-Commerce,22,3.41,75.02
SALE-001873,2026-08-01,CHC-01494,Cranberry Walnut Fruit & Nut Chocolate Pralines,Europe,Belgium,E-Commerce,250,5.46,1365.0
SALE-001874,2026-01-31,CHC-01362,Bakers Classic Compound Chocolate Filled Bar,North America,USA,Retail Store,9,1.74,15.66
SALE-001875,2026-05-03,CHC-00819,Gianduja Style Hazelnut Chocolate Drops,Europe,United Kingdom,Direct-to-Consumer,133,4.97,661.01
SALE-001876,2026-06-06,CHC-00154,Marzipan Style Almond Chocolate Pralines,North America,USA,E-Commerce,10,3.36,33.6
SALE-001877,2026-03-19,CHC-00020,Lemon Zest White Chocolate Chips (Baking),Europe,Switzerland,Wholesale Distributor,99,4.46,441.54
SALE-001878,2025-09-16,CHC-00695,Diabetic Friendly Sugar-Free Chocolate Drops,Europe,Belgium,Direct-to-Consumer,7,5.74,40.18
SALE-001879,2026-03-19,CHC-01237,Organic Raw Cacao Chocolate Truffle Box,Asia Pacific,China,E-Commerce,31,6.63,205.53
SALE-001880,2026-07-08,CHC-00770,Stevia Sweetened Sugar-Free Chocolate Squares,Europe,Germany,E-Commerce,27,3.41,92.07
SALE-001881,2025-10-24,CHC-01400,Tropical Mix Fruit & Nut Chocolate Drops,Europe,Germany,Duty-Free,48,3.84,184.32
SALE-001882,2026-03-02,CHC-00222,Berry Burst Ruby Chocolate Wafer Bar,North America,Mexico,Wholesale Distributor,25,7.84,196.0
SALE-001883,2026-07-29,CHC-00521,Confectionery Grade Compound Chocolate Pralines,North America,Canada,Wholesale Distributor,26,1.61,41.86
SALE-001884,2026-08-01,CHC-00671,Honeycomb Milk Chocolate Squares,Europe,Switzerland,Wholesale Distributor,13,3.16,41.08
SALE-001885,2026-02-26,CHC-01005,85% Extra Bold Dark Chocolate Filled Bar,North America,Mexico,Retail Store,107,4.15,444.05
SALE-001886,2025-10-13,CHC-00444,Organic Single Origin Chocolate Pralines,Europe,United Kingdom,Retail Store,23,4.26,97.98
SALE-001887,2025-12-11,CHC-00415,Tropical Mix Fruit & Nut Chocolate Filled Bar,Europe,Germany,Duty-Free,37,5.12,189.44
SALE-001888,2026-07-19,CHC-01193,85% Extra Bold Dark Chocolate Wafer Bar,Latin America,Ecuador,Retail Store,47,2.56,120.32
SALE-001889,2025-10-09,CHC-00206,Tropical Mix Fruit & Nut Chocolate Gift Box,North America,Mexico,E-Commerce,20,3.37,67.4
SALE-001890,2025-11-30,CHC-01391,Single Origin Dark Chocolate Wafer Bar,Middle East & Africa,Ghana,Wholesale Distributor,31,4.11,127.41
SALE-001891,2026-04-28,CHC-00702,Gianduja Style Hazelnut Chocolate Drops,Europe,France,E-Commerce,10,4.68,46.8
SALE-001892,2026-01-26,CHC-00134,Whole Hazelnut Chocolate Pralines,Latin America,Peru,Retail Store,9,3.04,27.36
SALE-001893,2026-02-09,CHC-01293,Coconut White Chocolate Pralines,Latin America,Brazil,Retail Store,27,2.85,76.95
SALE-001894,2026-04-01,CHC-01072,Raspberry Swirl White Chocolate Gift Box,Europe,Belgium,Retail Store,21,3.51,73.71
SALE-001895,2026-02-20,CHC-00272,Cranberry Walnut Fruit & Nut Chocolate Pralines,Latin America,Peru,Retail Store,18,3.96,71.28
SALE-001896,2026-01-08,CHC-00734,Sea Salt Caramel Chocolate Bar,North America,Canada,E-Commerce,75,3.11,233.25
SALE-001897,2026-04-02,CHC-00138,Tropical Mix Fruit & Nut Chocolate Bar,Europe,Belgium,Retail Store,9,3.17,28.53
SALE-001898,2026-02-10,CHC-00338,Marzipan Style Almond Chocolate Bar,Latin America,Colombia,Wholesale Distributor,19,3.39,64.41
SALE-001899,2026-04-13,CHC-00553,Sea Salt Milk Chocolate Pralines,Europe,France,Wholesale Distributor,7,3.8,26.6
SALE-001900,2026-05-15,CHC-00377,Espresso Infused Dark Chocolate Squares,Europe,Belgium,Retail Store,17,2.75,46.75
SALE-001901,2025-09-16,CHC-01000,Citrus Ruby Chocolate Filled Bar,Europe,Germany,Wholesale Distributor,32,4.74,151.68
SALE-001902,2026-05-29,CHC-00557,Honeycomb Milk Chocolate Truffle Box,Europe,Belgium,E-Commerce,33,3.22,106.26
SALE-001903,2026-01-05,CHC-01326,Coconut White Chocolate Wafer Bar,North America,Mexico,Wholesale Distributor,17,4.23,71.91
SALE-001904,2025-12-17,CHC-00548,Sea Salt Milk Chocolate Coated Nuts,Middle East & Africa,UAE,Wholesale Distributor,18,3.79,68.22
SALE-001905,2026-01-13,CHC-00293,Coconut White Chocolate Squares,Europe,Germany,E-Commerce,18,2.6,46.8
SALE-001906,2025-09-20,CHC-00544,Confectionery Grade Compound Chocolate Truffle Box,Asia Pacific,India,E-Commerce,34,2.3,78.2
SALE-001907,2026-03-03,CHC-00922,Classic Milk Chocolate Coated Nuts,Europe,Switzerland,Wholesale Distributor,19,3.35,63.65
SALE-001908,2026-05-05,CHC-01219,Espresso Infused Dark Chocolate Squares,Middle East & Africa,UAE,Retail Store,40,4.18,167.2
SALE-001909,2025-08-07,CHC-00807,85% Extra Bold Dark Chocolate Truffle Box,Latin America,Brazil,Direct-to-Consumer,206,6.48,1334.88
SALE-001910,2025-11-15,CHC-00279,Lemon Zest White Chocolate Coated Nuts,Europe,Netherlands,Wholesale Distributor,453,4.07,1843.71
SALE-001911,2026-05-29,CHC-00501,70% Intense Dark Chocolate Bar,Europe,France,Duty-Free,5,4.08,20.4
SALE-001912,2025-11-12,CHC-00056,Honeycomb Milk Chocolate Bar,Europe,Germany,Duty-Free,13,3.2,41.6
SALE-001913,2026-05-07,CHC-00837,Cranberry Walnut Fruit & Nut Chocolate Chips (Baking),Europe,Switzerland,Wholesale Distributor,26,4.56,118.56
SALE-001914,2025-11-03,CHC-00354,Plant-Based Classic Vegan Dark Chocolate Pralines,Europe,Switzerland,E-Commerce,234,5.3,1240.2
SALE-001915,2025-09-24,CHC-00552,Whole Hazelnut Chocolate Truffle Box,Middle East & Africa,Cote d'Ivoire,Wholesale Distributor,12,5.09,61.08
SALE-001916,2025-12-03,CHC-01307,Roasted Almond Chocolate Truffle Box,North America,USA,Direct-to-Consumer,19,4.93,93.67
SALE-001917,2026-01-09,CHC-00085,Classic Milk Chocolate Bar,Latin America,Brazil,Direct-to-Consumer,38,3.72,141.36
SALE-001918,2025-10-22,CHC-00777,Sea Salt Milk Chocolate Coated Nuts,North America,USA,Direct-to-Consumer,19,3.16,60.04
SALE-001919,2025-08-19,CHC-01043,Almond Crunch Chocolate Chips (Baking),Middle East & Africa,South Africa,E-Commerce,40,3.56,142.4
SALE-001920,2025-12-17,CHC-00836,Classic Sugar-Free Chocolate Pralines,Europe,Netherlands,Direct-to-Consumer,23,5.95,136.85
SALE-001921,2025-12-06,CHC-00281,Plant-Based Classic Vegan Dark Chocolate Drops,Middle East & Africa,UAE,Duty-Free,25,5.59,139.75
SALE-001922,2026-04-09,CHC-00209,Berry Burst Ruby Chocolate Pralines,Europe,Switzerland,Duty-Free,18,6.13,110.34
SALE-001923,2025-12-04,CHC-00423,Marzipan Style Almond Chocolate Bar,Europe,Belgium,Duty-Free,57,4.92,280.44
SALE-001924,2025-09-12,CHC-00986,Whole Hazelnut Chocolate Bar,North America,Canada,Direct-to-Consumer,8,5.08,40.64
SALE-001925,2026-06-15,CHC-01471,Lemon Zest White Chocolate Wafer Bar,Europe,Netherlands,E-Commerce,24,2.01,48.24
SALE-001926,2025-11-29,CHC-00298,Cranberry Walnut Fruit & Nut Chocolate Filled Bar,Asia Pacific,Indonesia,Wholesale Distributor,34,3.59,122.06
SALE-001927,2026-02-02,CHC-01161,70% Intense Dark Chocolate Coated Nuts,Europe,Germany,Duty-Free,32,5.73,183.36
SALE-001928,2026-02-14,CHC-01138,Sea Salt Milk Chocolate Chips (Baking),Asia Pacific,Japan,E-Commerce,31,3.77,116.87
SALE-001929,2025-10-03,CHC-01419,Plant-Based Classic Vegan Dark Chocolate Truffle Box,Europe,France,E-Commerce,11,3.86,42.46
SALE-001930,2026-05-11,CHC-01376,Bakers Classic Compound Chocolate Coated Nuts,Europe,Italy,Direct-to-Consumer,4,2.1,8.4
SALE-001931,2026-04-18,CHC-00476,Bakers Classic Compound Chocolate Wafer Bar,North America,Mexico,Retail Store,6,1.51,9.06
SALE-001932,2026-01-20,CHC-00082,Original Ruby Chocolate Coated Nuts,Asia Pacific,Australia,Direct-to-Consumer,61,4.06,247.66
SALE-001933,2025-10-07,CHC-01352,Marzipan Style Almond Chocolate Coated Nuts,North America,USA,Wholesale Distributor,46,4.46,205.16
SALE-001934,2026-04-15,CHC-00019,Biscuit Milk Chocolate Gift Box,Europe,France,E-Commerce,38,3.57,135.66
SALE-001935,2025-09-28,CHC-01065,Vanilla Bean White Chocolate Gift Box,North America,USA,Duty-Free,3,2.88,8.64
SALE-001936,2026-01-15,CHC-00151,Almond Crunch Chocolate Gift Box,Asia Pacific,Japan,Duty-Free,14,3.44,48.16
SALE-001937,2025-12-24,CHC-00297,Classic Milk Chocolate Truffle Box,Europe,Belgium,Retail Store,20,3.31,66.2
SALE-001938,2026-04-25,CHC-00989,Organic Raw Cacao Chocolate Squares,Europe,United Kingdom,Retail Store,23,4.07,93.61
SALE-001939,2026-02-10,CHC-01494,Cranberry Walnut Fruit & Nut Chocolate Pralines,Europe,Belgium,Duty-Free,101,5.46,551.46
SALE-001940,2026-06-03,CHC-01328,Raspberry Swirl White Chocolate Coated Nuts,Middle East & Africa,South Africa,E-Commerce,7,3.31,23.17
SALE-001941,2025-11-12,CHC-00644,Almond Crunch Chocolate Truffle Box,Middle East & Africa,Ghana,Retail Store,48,5.29,253.92
SALE-001942,2026-01-17,CHC-00133,Classic Sugar-Free Chocolate Truffle Box,North America,Mexico,E-Commerce,25,5.33,133.25
SALE-001943,2025-12-15,CHC-00997,Vanilla Bean White Chocolate Wafer Bar,Latin America,Ecuador,Wholesale Distributor,10,3.87,38.7
SALE-001944,2026-02-01,CHC-01016,Honeycomb Milk Chocolate Pralines,Europe,Netherlands,Retail Store,12,2.03,24.36
SALE-001945,2026-07-03,CHC-01225,Marzipan Style Almond Chocolate Drops,Europe,Switzerland,Retail Store,41,2.8,114.8
SALE-001946,2025-10-14,CHC-00390,Plant-Based Classic Vegan Dark Chocolate Squares,Asia Pacific,China,Retail Store,18,6.2,111.6
SALE-001947,2025-12-31,CHC-01499,Organic Single Origin Chocolate Squares,Asia Pacific,China,E-Commerce,108,3.63,392.04
SALE-001948,2026-01-11,CHC-01312,Citrus Ruby Chocolate Squares,Middle East & Africa,South Africa,Direct-to-Consumer,21,6.68,140.28
SALE-001949,2025-08-07,CHC-00667,Espresso Infused Dark Chocolate Gift Box,Middle East & Africa,Ghana,Wholesale Distributor,14,3.55,49.7
SALE-001950,2025-10-06,CHC-00482,Single Origin Dark Chocolate Filled Bar,North America,Mexico,Retail Store,52,4.41,229.32
SALE-001951,2026-01-29,CHC-00582,Stevia Sweetened Sugar-Free Chocolate Truffle Box,Europe,France,E-Commerce,9,3.46,31.14
SALE-001952,2026-03-14,CHC-00466,Espresso Infused Dark Chocolate Squares,North America,USA,Wholesale Distributor,104,2.51,261.04
SALE-001953,2026-08-01,CHC-00913,Bakers Classic Compound Chocolate Coated Nuts,Asia Pacific,Japan,Wholesale Distributor,30,1.74,52.2
SALE-001954,2025-09-27,CHC-00861,Tropical Mix Fruit & Nut Chocolate Squares,Europe,Italy,E-Commerce,82,5.23,428.86
SALE-001955,2025-09-20,CHC-00852,Biscuit Milk Chocolate Truffle Box,Middle East & Africa,Cote d'Ivoire,Duty-Free,54,3.72,200.88
SALE-001956,2026-04-18,CHC-00858,85% Extra Bold Dark Chocolate Wafer Bar,Asia Pacific,Indonesia,Retail Store,15,6.12,91.8
SALE-001957,2026-02-20,CHC-01023,Confectionery Grade Compound Chocolate Chips (Baking),North America,USA,E-Commerce,86,1.87,160.82
SALE-001958,2025-11-17,CHC-00514,Classic Milk Chocolate Filled Bar,Asia Pacific,Indonesia,Duty-Free,14,4.01,56.14
SALE-001959,2025-12-02,CHC-01116,Single Origin Dark Chocolate Drops,Europe,Switzerland,Wholesale Distributor,15,6.3,94.5
SALE-001960,2025-08-23,CHC-00070,70% Intense Dark Chocolate Chips (Baking),North America,USA,E-Commerce,18,3.0,54.0
SALE-001961,2026-04-05,CHC-00261,Coconut Sugar Vegan Dark Chocolate Coated Nuts,Europe,Switzerland,Wholesale Distributor,9,5.45,49.05
SALE-001962,2026-07-15,CHC-00323,Sea Salt Caramel Chocolate Filled Bar,Latin America,Peru,Direct-to-Consumer,39,3.34,130.26
SALE-001963,2026-05-31,CHC-00501,70% Intense Dark Chocolate Bar,Europe,France,Duty-Free,34,4.08,138.72
SALE-001964,2026-01-10,CHC-00479,Salted Butter Caramel Chocolate Coated Nuts,Asia Pacific,Japan,Duty-Free,33,4.26,140.58
SALE-001965,2026-04-02,CHC-01179,Single Origin Dark Chocolate Filled Bar,Europe,France,Direct-to-Consumer,87,4.41,383.67
SALE-001966,2026-06-02,CHC-01103,Organic Raw Cacao Chocolate Drops,Asia Pacific,Japan,Direct-to-Consumer,8,5.96,47.68
SALE-001967,2025-09-12,CHC-00776,70% Intense Dark Chocolate Chips (Baking),Latin America,Peru,Duty-Free,9,3.57,32.13
SALE-001968,2026-05-11,CHC-00246,Plant-Based Classic Vegan Dark Chocolate Truffle Box,Europe,France,Wholesale Distributor,5,5.52,27.6
SALE-001969,2026-07-26,CHC-00657,Coconut White Chocolate Filled Bar,Europe,Netherlands,E-Commerce,24,4.46,107.04
SALE-001970,2026-01-05,CHC-00585,Value Pack Compound Chocolate Squares,Middle East & Africa,South Africa,Duty-Free,13,1.34,17.42
SALE-001971,2025-11-23,CHC-00439,Soft Caramel Core Chocolate Coated Nuts,Asia Pacific,China,E-Commerce,17,4.25,72.25
SALE-001972,2025-12-04,CHC-01240,Classic Milk Chocolate Truffle Box,Europe,Switzerland,Retail Store,6,2.59,15.54
SALE-001973,2025-10-02,CHC-00069,Sea Salt Milk Chocolate Pralines,North America,Canada,E-Commerce,56,3.7,207.2
SALE-001974,2026-06-25,CHC-01395,Espresso Infused Dark Chocolate Squares,Asia Pacific,China,Duty-Free,17,6.25,106.25
SALE-001975,2025-12-12,CHC-01421,Stevia Sweetened Sugar-Free Chocolate Truffle Box,Asia Pacific,Indonesia,Duty-Free,28,5.37,150.36
SALE-001976,2026-04-27,CHC-00102,Sea Salt Milk Chocolate Bar,Europe,United Kingdom,Retail Store,19,3.38,64.22
SALE-001977,2026-02-10,CHC-00745,Stevia Sweetened Sugar-Free Chocolate Bar,Asia Pacific,Japan,Duty-Free,31,3.04,94.24
SALE-001978,2026-07-12,CHC-00281,Plant-Based Classic Vegan Dark Chocolate Drops,Middle East & Africa,UAE,Duty-Free,34,5.59,190.06
SALE-001979,2025-12-12,CHC-00562,70% Intense Dark Chocolate Squares,Middle East & Africa,Cote d'Ivoire,E-Commerce,19,5.58,106.02
SALE-001980,2025-12-07,CHC-01183,Raisin & Almond Fruit & Nut Chocolate Pralines,Asia Pacific,India,Retail Store,340,3.88,1319.2
SALE-001981,2025-09-26,CHC-00897,Almond Crunch Chocolate Filled Bar,Asia Pacific,China,Direct-to-Consumer,19,3.77,71.63
SALE-001982,2026-04-18,CHC-00042,Gianduja Style Hazelnut Chocolate Filled Bar,North America,Mexico,E-Commerce,13,5.58,72.54
SALE-001983,2025-11-23,CHC-00817,Biscuit Milk Chocolate Coated Nuts,Latin America,Ecuador,Wholesale Distributor,58,3.9,226.2
SALE-001984,2026-03-27,CHC-00976,Classic Milk Chocolate Bar,North America,Canada,Direct-to-Consumer,28,2.66,74.48
SALE-001985,2025-09-22,CHC-00077,70% Intense Dark Chocolate Wafer Bar,Asia Pacific,Indonesia,E-Commerce,12,5.99,71.88
SALE-001986,2026-08-03,CHC-00693,Espresso Infused Dark Chocolate Filled Bar,Europe,United Kingdom,Direct-to-Consumer,24,5.66,135.84
SALE-001987,2025-11-27,CHC-00157,Raspberry Swirl White Chocolate Wafer Bar,North America,Mexico,E-Commerce,8,2.08,16.64
SALE-001988,2026-07-14,CHC-00521,Confectionery Grade Compound Chocolate Pralines,North America,Canada,Retail Store,13,1.61,20.93
SALE-001989,2025-12-24,CHC-01491,Organic Raw Cacao Chocolate Pralines,Europe,Belgium,Duty-Free,17,6.19,105.23
SALE-001990,2025-11-08,CHC-01251,Biscuit Milk Chocolate Drops,Asia Pacific,India,Duty-Free,14,3.27,45.78
SALE-001991,2026-05-27,CHC-00756,Roasted Almond Chocolate Pralines,Asia Pacific,Indonesia,Duty-Free,15,3.4,51.0
SALE-001992,2026-05-25,CHC-01299,Organic Fair-Trade Chocolate Gift Box,North America,Canada,E-Commerce,22,6.39,140.58
SALE-001993,2026-03-29,CHC-00658,Whole Hazelnut Chocolate Wafer Bar,Europe,United Kingdom,E-Commerce,21,5.01,105.21
SALE-001994,2025-11-18,CHC-01062,85% Extra Bold Dark Chocolate Pralines,Middle East & Africa,South Africa,Direct-to-Consumer,31,4.29,132.99
SALE-001995,2026-07-12,CHC-00016,Classic Milk Chocolate Coated Nuts,Europe,Netherlands,Duty-Free,21,2.74,57.54
SALE-001996,2026-06-17,CHC-01321,Sea Salt Caramel Chocolate Wafer Bar,Europe,France,Wholesale Distributor,5,3.79,18.95
SALE-001997,2025-08-09,CHC-00464,Raspberry Swirl White Chocolate Squares,Europe,Germany,Wholesale Distributor,5,3.61,18.05
SALE-001998,2026-02-22,CHC-01427,Coconut Sugar Vegan Dark Chocolate Pralines,Europe,Germany,Retail Store,96,3.67,352.32
SALE-001999,2026-03-22,CHC-01183,Raisin & Almond Fruit & Nut Chocolate Pralines,Asia Pacific,India,Duty-Free,9,3.88,34.92
SALE-002000,2026-04-27,CHC-00443,Tropical Mix Fruit & Nut Chocolate Gift Box,North America,USA,Duty-Free,57,4.48,255.36
SALE-002001,2026-07-22,CHC-00464,Raspberry Swirl White Chocolate Squares,Europe,Germany,Duty-Free,129,3.61,465.69
SALE-002002,2025-11-28,CHC-00834,Classic Sugar-Free Chocolate Wafer Bar,Asia Pacific,Japan,Duty-Free,9,5.81,52.29
SALE-002003,2026-05-30,CHC-00362,Whole Hazelnut Chocolate Pralines,Europe,Germany,Wholesale Distributor,15,5.45,81.75
SALE-002004,2026-07-21,CHC-00209,Berry Burst Ruby Chocolate Pralines,Europe,Switzerland,Duty-Free,14,6.13,85.82
SALE-002005,2025-09-09,CHC-01336,Sea Salt Caramel Chocolate Chips (Baking),Middle East & Africa,Ghana,Direct-to-Consumer,21,3.53,74.13
SALE-002006,2025-09-02,CHC-00118,70% Intense Dark Chocolate Wafer Bar,Asia Pacific,Australia,Wholesale Distributor,13,6.05,78.65
SALE-002007,2026-04-25,CHC-01063,Espresso Infused Dark Chocolate Coated Nuts,Europe,Germany,Wholesale Distributor,29,6.12,177.48
SALE-002008,2026-07-17,CHC-00368,Praline Hazelnut Chocolate Squares,Europe,France,E-Commerce,18,3.26,58.68
SALE-002009,2025-08-18,CHC-01456,Espresso Infused Dark Chocolate Wafer Bar,Europe,Germany,Direct-to-Consumer,28,4.86,136.08
SALE-002010,2025-10-19,CHC-01383,70% Intense Dark Chocolate Filled Bar,Europe,Italy,Direct-to-Consumer,87,3.38,294.06
SALE-002011,2025-09-23,CHC-01059,Confectionery Grade Compound Chocolate Truffle Box,Asia Pacific,Indonesia,Direct-to-Consumer,12,2.3,27.6
SALE-002012,2026-02-07,CHC-00617,Organic Raw Cacao Chocolate Truffle Box,Asia Pacific,Indonesia,Duty-Free,33,7.22,238.26
SALE-002013,2025-11-25,CHC-01421,Stevia Sweetened Sugar-Free Chocolate Truffle Box,Asia Pacific,Indonesia,Duty-Free,13,5.37,69.81
SALE-002014,2025-08-07,CHC-01178,Organic Single Origin Chocolate Truffle Box,Latin America,Brazil,E-Commerce,36,6.84,246.24
SALE-002015,2026-04-02,CHC-00450,Classic Milk Chocolate Gift Box,Asia Pacific,Indonesia,Wholesale Distributor,82,2.3,188.6
SALE-002016,2026-04-24,CHC-01402,Plant-Based Classic Vegan Dark Chocolate Filled Bar,Europe,France,Wholesale Distributor,162,4.13,669.06
SALE-002017,2026-07-23,CHC-01347,Cranberry Walnut Fruit & Nut Chocolate Bar,Europe,Netherlands,Retail Store,53,4.7,249.1
SALE-002018,2026-06-20,CHC-01045,Almond Crunch Chocolate Coated Nuts,Latin America,Brazil,Direct-to-Consumer,41,3.41,139.81
SALE-002019,2026-02-19,CHC-00430,Coconut White Chocolate Wafer Bar,Europe,France,E-Commerce,4,2.13,8.52
SALE-002020,2026-02-16,CHC-00830,Whole Hazelnut Chocolate Bar,Europe,Germany,Wholesale Distributor,144,3.74,538.56
SALE-002021,2025-10-16,CHC-01309,Vanilla Bean White Chocolate Truffle Box,Latin America,Ecuador,Direct-to-Consumer,31,3.63,112.53
SALE-002022,2025-11-24,CHC-01084,Plant-Based Classic Vegan Dark Chocolate Truffle Box,Latin America,Ecuador,Direct-to-Consumer,35,5.29,185.15
SALE-002023,2026-03-27,CHC-01219,Espresso Infused Dark Chocolate Squares,Middle East & Africa,UAE,Direct-to-Consumer,98,4.18,409.64
SALE-002024,2026-02-05,CHC-00444,Organic Single Origin Chocolate Pralines,Europe,United Kingdom,Wholesale Distributor,38,4.26,161.88
SALE-002025,2025-12-02,CHC-00945,Biscuit Milk Chocolate Chips (Baking),Europe,France,Duty-Free,64,3.84,245.76
SALE-002026,2025-11-30,CHC-01100,Coconut White Chocolate Wafer Bar,Latin America,Colombia,Retail Store,12,3.2,38.4
SALE-002027,2025-08-30,CHC-00970,Single Origin Dark Chocolate Wafer Bar,Latin America,Ecuador,Retail Store,22,5.75,126.5
SALE-002028,2025-08-08,CHC-01350,Tropical Mix Fruit & Nut Chocolate Gift Box,North America,USA,Wholesale Distributor,144,4.06,584.64
SALE-002029,2025-11-23,CHC-01487,Original Ruby Chocolate Filled Bar,Middle East & Africa,Cote d'Ivoire,Wholesale Distributor,44,5.9,259.6
SALE-002030,2025-12-17,CHC-00467,Tropical Mix Fruit & Nut Chocolate Truffle Box,North America,USA,Duty-Free,10,4.31,43.1
SALE-002031,2026-07-12,CHC-01234,70% Intense Dark Chocolate Coated Nuts,Middle East & Africa,UAE,Duty-Free,25,4.77,119.25
SALE-002032,2025-12-15,CHC-00355,Raspberry Swirl White Chocolate Pralines,Europe,Netherlands,E-Commerce,40,2.61,104.4
SALE-002033,2025-09-28,CHC-00740,Value Pack Compound Chocolate Chips (Baking),Europe,Germany,Direct-to-Consumer,11,1.44,15.84
SALE-002034,2025-10-30,CHC-00872,Lemon Zest White Chocolate Gift Box,North America,USA,Direct-to-Consumer,3,2.87,8.61
SALE-002035,2026-04-13,CHC-00203,70% Intense Dark Chocolate Drops,Europe,Belgium,Wholesale Distributor,110,2.9,319.0
SALE-002036,2025-12-12,CHC-01489,Classic Milk Chocolate Chips (Baking),Europe,France,Wholesale Distributor,67,2.11,141.37
SALE-002037,2025-11-01,CHC-01061,Tropical Mix Fruit & Nut Chocolate Gift Box,Europe,Belgium,Retail Store,125,3.71,463.75
SALE-002038,2026-07-29,CHC-01038,Classic Milk Chocolate Coated Nuts,Europe,France,Wholesale Distributor,63,4.48,282.24
SALE-002039,2025-10-24,CHC-00639,Original Ruby Chocolate Pralines,North America,Canada,Duty-Free,160,5.79,926.4
SALE-002040,2025-08-29,CHC-00526,Roasted Almond Chocolate Truffle Box,Asia Pacific,China,E-Commerce,23,3.21,73.83
SALE-002041,2025-09-06,CHC-00281,Plant-Based Classic Vegan Dark Chocolate Drops,Middle East & Africa,UAE,Wholesale Distributor,31,5.59,173.29
SALE-002042,2025-11-02,CHC-00982,70% Intense Dark Chocolate Truffle Box,Europe,Belgium,Duty-Free,15,2.56,38.4
SALE-002043,2026-05-12,CHC-00667,Espresso Infused Dark Chocolate Gift Box,Middle East & Africa,Ghana,Retail Store,31,3.55,110.05
SALE-002044,2026-02-17,CHC-00437,Biscuit Milk Chocolate Truffle Box,North America,USA,Direct-to-Consumer,16,2.7,43.2
SALE-002045,2025-09-14,CHC-00035,Single Origin Dark Chocolate Truffle Box,North America,USA,Duty-Free,46,5.89,270.94
SALE-002046,2025-11-08,CHC-00660,Honeycomb Milk Chocolate Filled Bar,Asia Pacific,China,E-Commerce,28,4.09,114.52
SALE-002047,2026-01-14,CHC-00346,Raisin & Almond Fruit & Nut Chocolate Drops,Asia Pacific,Japan,Direct-to-Consumer,94,4.13,388.22
SALE-002048,2026-07-15,CHC-01050,Lemon Zest White Chocolate Gift Box,Latin America,Brazil,Direct-to-Consumer,15,4.02,60.3
SALE-002049,2026-06-17,CHC-01495,Sea Salt Caramel Chocolate Drops,Middle East & Africa,Ghana,Retail Store,17,3.2,54.4
SALE-002050,2026-06-11,CHC-00385,Berry Burst Ruby Chocolate Gift Box,Asia Pacific,Japan,Direct-to-Consumer,9,5.27,47.43
SALE-002051,2025-12-31,CHC-01066,Honeycomb Milk Chocolate Truffle Box,Latin America,Ecuador,E-Commerce,27,2.33,62.91
SALE-002052,2026-04-09,CHC-00132,Roasted Almond Chocolate Pralines,Asia Pacific,Japan,Duty-Free,43,5.19,223.17
SALE-002053,2026-06-08,CHC-01217,Roasted Almond Chocolate Truffle Box,North America,Canada,Wholesale Distributor,69,5.47,377.43
SALE-002054,2026-06-21,CHC-00538,Sea Salt Milk Chocolate Truffle Box,Europe,Germany,Duty-Free,14,4.26,59.64
SALE-002055,2026-07-18,CHC-00559,Organic Fair-Trade Chocolate Wafer Bar,Middle East & Africa,Cote d'Ivoire,Wholesale Distributor,19,4.82,91.58
SALE-002056,2025-09-26,CHC-01286,Espresso Infused Dark Chocolate Drops,Latin America,Ecuador,Retail Store,39,5.28,205.92
SALE-002057,2025-11-27,CHC-00865,Sea Salt Milk Chocolate Coated Nuts,Middle East & Africa,Cote d'Ivoire,E-Commerce,11,3.68,40.48
SALE-002058,2025-09-26,CHC-01486,Classic Sugar-Free Chocolate Bar,North America,Canada,E-Commerce,6,3.16,18.96
SALE-002059,2026-02-25,CHC-00179,Coconut White Chocolate Chips (Baking),Asia Pacific,Indonesia,Retail Store,65,3.56,231.4
SALE-002060,2026-03-17,CHC-00253,Praline Hazelnut Chocolate Pralines,Asia Pacific,Australia,Wholesale Distributor,29,5.94,172.26
SALE-002061,2026-06-21,CHC-01296,Value Pack Compound Chocolate Chips (Baking),Europe,Belgium,Duty-Free,36,1.42,51.12
SALE-002062,2026-05-28,CHC-00563,Sea Salt Milk Chocolate Drops,North America,USA,Retail Store,7,2.87,20.09
SALE-002063,2026-05-19,CHC-00539,Salted Butter Caramel Chocolate Filled Bar,Europe,France,E-Commerce,26,3.18,82.68
SALE-002064,2025-10-07,CHC-00318,Espresso Infused Dark Chocolate Wafer Bar,Middle East & Africa,South Africa,Retail Store,7,5.56,38.92
SALE-002065,2025-08-21,CHC-00592,Honeycomb Milk Chocolate Drops,Europe,Switzerland,Direct-to-Consumer,17,2.97,50.49
SALE-002066,2026-04-28,CHC-00345,Honeycomb Milk Chocolate Squares,Europe,Belgium,Duty-Free,27,2.8,75.6
SALE-002067,2026-03-12,CHC-00585,Value Pack Compound Chocolate Squares,Middle East & Africa,South Africa,Retail Store,6,1.34,8.04
SALE-002068,2025-12-21,CHC-00345,Honeycomb Milk Chocolate Squares,Europe,Belgium,E-Commerce,104,2.8,291.2
SALE-002069,2026-04-06,CHC-01476,Organic Raw Cacao Chocolate Gift Box,North America,USA,Retail Store,38,4.25,161.5
SALE-002070,2026-02-10,CHC-00964,Classic Milk Chocolate Wafer Bar,Middle East & Africa,UAE,Wholesale Distributor,7,4.3,30.1
SALE-002071,2026-06-30,CHC-00369,Sea Salt Milk Chocolate Filled Bar,North America,USA,Retail Store,8,4.37,34.96
SALE-002072,2025-12-12,CHC-00233,Roasted Almond Chocolate Filled Bar,North America,Mexico,Direct-to-Consumer,23,3.98,91.54
SALE-002073,2026-04-23,CHC-00627,70% Intense Dark Chocolate Drops,Europe,Belgium,E-Commerce,12,2.61,31.32
SALE-002074,2025-09-08,CHC-00980,Almond Crunch Chocolate Truffle Box,Europe,France,Direct-to-Consumer,37,4.2,155.4
SALE-002075,2026-05-15,CHC-00214,Sea Salt Milk Chocolate Pralines,Europe,Switzerland,Retail Store,46,4.04,185.84
SALE-002076,2025-11-17,CHC-01202,85% Extra Bold Dark Chocolate Coated Nuts,Asia Pacific,Australia,Retail Store,27,6.0,162.0
SALE-002077,2026-02-12,CHC-00051,Tropical Mix Fruit & Nut Chocolate Pralines,Europe,Switzerland,Duty-Free,68,4.0,272.0
SALE-002078,2026-04-22,CHC-01201,85% Extra Bold Dark Chocolate Gift Box,Europe,Belgium,Direct-to-Consumer,26,4.63,120.38
SALE-002079,2026-01-03,CHC-00746,Gianduja Style Hazelnut Chocolate Bar,North America,USA,E-Commerce,52,4.48,232.96
SALE-002080,2026-02-09,CHC-01499,Organic Single Origin Chocolate Squares,Asia Pacific,China,Direct-to-Consumer,4,3.63,14.52
SALE-002081,2026-03-10,CHC-01012,Bakers Classic Compound Chocolate Squares,North America,Mexico,Direct-to-Consumer,24,1.61,38.64
SALE-002082,2025-10-10,CHC-01321,Sea Salt Caramel Chocolate Wafer Bar,Europe,France,Retail Store,46,3.79,174.34
SALE-002083,2026-02-24,CHC-01201,85% Extra Bold Dark Chocolate Gift Box,Europe,Belgium,Retail Store,10,4.63,46.3
SALE-002084,2026-06-10,CHC-00549,Sea Salt Caramel Chocolate Gift Box,Europe,Netherlands,E-Commerce,9,4.75,42.75
SALE-002085,2026-04-25,CHC-00528,Single Origin Dark Chocolate Chips (Baking),Latin America,Brazil,Direct-to-Consumer,84,5.41,454.44
SALE-002086,2026-07-10,CHC-01347,Cranberry Walnut Fruit & Nut Chocolate Bar,Europe,Netherlands,Retail Store,74,4.7,347.8
SALE-002087,2025-09-16,CHC-01485,Espresso Infused Dark Chocolate Drops,Europe,Germany,Direct-to-Consumer,16,2.5,40.0
SALE-002088,2026-05-08,CHC-00349,70% Intense Dark Chocolate Truffle Box,Europe,Switzerland,E-Commerce,61,3.15,192.15
SALE-002089,2025-10-30,CHC-00266,Confectionery Grade Compound Chocolate Wafer Bar,North America,Mexico,Wholesale Distributor,130,2.33,302.9
SALE-002090,2026-04-24,CHC-01432,Roasted Almond Chocolate Filled Bar,Asia Pacific,China,E-Commerce,18,4.03,72.54
SALE-002091,2025-11-24,CHC-00208,Value Pack Compound Chocolate Pralines,Europe,United Kingdom,Duty-Free,46,2.13,97.98
SALE-002092,2026-07-08,CHC-00765,Confectionery Grade Compound Chocolate Coated Nuts,Latin America,Colombia,Retail Store,26,1.57,40.82
SALE-002093,2026-07-27,CHC-01327,Sea Salt Milk Chocolate Drops,Middle East & Africa,UAE,E-Commerce,16,2.58,41.28
SALE-002094,2026-03-18,CHC-00023,Sea Salt Caramel Chocolate Wafer Bar,Europe,Belgium,E-Commerce,23,2.88,66.24
SALE-002095,2025-11-02,CHC-00272,Cranberry Walnut Fruit & Nut Chocolate Pralines,Latin America,Peru,Retail Store,46,3.96,182.16
SALE-002096,2026-06-27,CHC-00196,Sea Salt Caramel Chocolate Pralines,Latin America,Colombia,Direct-to-Consumer,40,4.03,161.2
SALE-002097,2026-07-21,CHC-00742,Whole Hazelnut Chocolate Chips (Baking),North America,USA,Direct-to-Consumer,7,4.98,34.86
SALE-002098,2025-10-15,CHC-00372,Tropical Mix Fruit & Nut Chocolate Truffle Box,Asia Pacific,Indonesia,E-Commerce,43,2.99,128.57
SALE-002099,2025-12-28,CHC-00466,Espresso Infused Dark Chocolate Squares,North America,USA,Retail Store,8,2.51,20.08
SALE-002100,2026-01-04,CHC-01240,Classic Milk Chocolate Truffle Box,Europe,Switzerland,Retail Store,76,2.59,196.84
SALE-002101,2026-02-16,CHC-01103,Organic Raw Cacao Chocolate Drops,Asia Pacific,Japan,Wholesale Distributor,93,5.96,554.28
SALE-002102,2025-09-11,CHC-00387,Original Ruby Chocolate Bar,Europe,Belgium,Direct-to-Consumer,12,5.0,60.0
SALE-002103,2026-07-12,CHC-01438,Tropical Mix Fruit & Nut Chocolate Filled Bar,Europe,Italy,Retail Store,82,4.72,387.04
SALE-002104,2026-05-13,CHC-00405,Organic Raw Cacao Chocolate Squares,Europe,Netherlands,E-Commerce,15,4.97,74.55
SALE-002105,2026-04-12,CHC-00277,Espresso Infused Dark Chocolate Truffle Box,Latin America,Colombia,Direct-to-Consumer,24,5.44,130.56
SALE-002106,2025-08-26,CHC-00466,Espresso Infused Dark Chocolate Squares,North America,USA,Duty-Free,19,2.51,47.69
SALE-002107,2025-12-31,CHC-01305,Biscuit Milk Chocolate Pralines,Europe,Belgium,Retail Store,19,3.86,73.34
SALE-002108,2026-05-07,CHC-01226,Classic Sugar-Free Chocolate Coated Nuts,Europe,Belgium,Direct-to-Consumer,18,3.81,68.58
SALE-002109,2025-09-19,CHC-01476,Organic Raw Cacao Chocolate Gift Box,North America,USA,Duty-Free,99,4.25,420.75
SALE-002110,2026-05-01,CHC-01201,85% Extra Bold Dark Chocolate Gift Box,Europe,Belgium,Retail Store,18,4.63,83.34
SALE-002111,2026-04-12,CHC-00372,Tropical Mix Fruit & Nut Chocolate Truffle Box,Asia Pacific,Indonesia,Wholesale Distributor,56,2.99,167.44
SALE-002112,2026-03-12,CHC-00843,Coconut White Chocolate Chips (Baking),Europe,Netherlands,Direct-to-Consumer,35,3.94,137.9
SALE-002113,2026-07-31,CHC-01272,Stevia Sweetened Sugar-Free Chocolate Wafer Bar,Europe,Switzerland,Retail Store,13,4.47,58.11
SALE-002114,2025-09-23,CHC-00338,Marzipan Style Almond Chocolate Bar,Latin America,Colombia,E-Commerce,26,3.39,88.14
SALE-002115,2025-11-16,CHC-00594,Organic Raw Cacao Chocolate Filled Bar,Latin America,Ecuador,E-Commerce,36,6.69,240.84
SALE-002116,2025-08-11,CHC-01359,Plant-Based Classic Vegan Dark Chocolate Coated Nuts,Europe,Netherlands,E-Commerce,13,6.43,83.59
SALE-002117,2025-09-07,CHC-00534,Honeycomb Milk Chocolate Bar,Europe,Belgium,Direct-to-Consumer,46,2.99,137.54
SALE-002118,2026-03-29,CHC-00526,Roasted Almond Chocolate Truffle Box,Asia Pacific,China,Wholesale Distributor,16,3.21,51.36
SALE-002119,2026-06-02,CHC-01193,85% Extra Bold Dark Chocolate Wafer Bar,Latin America,Ecuador,E-Commerce,22,2.56,56.32
SALE-002120,2025-08-28,CHC-00918,Almond Crunch Chocolate Bar,Asia Pacific,Australia,Direct-to-Consumer,51,3.02,154.02
SALE-002121,2025-09-04,CHC-00334,Organic Fair-Trade Chocolate Drops,Europe,Switzerland,Wholesale Distributor,251,3.7,928.7
SALE-002122,2025-10-07,CHC-01198,85% Extra Bold Dark Chocolate Filled Bar,North America,Mexico,Direct-to-Consumer,105,3.84,403.2
SALE-002123,2026-03-01,CHC-00398,Gianduja Style Hazelnut Chocolate Bar,Europe,Netherlands,Retail Store,93,5.4,502.2
SALE-002124,2025-12-06,CHC-00409,Soft Caramel Core Chocolate Bar,Middle East & Africa,Ghana,Retail Store,19,2.74,52.06
SALE-002125,2025-11-08,CHC-00770,Stevia Sweetened Sugar-Free Chocolate Squares,Europe,Germany,Wholesale Distributor,38,3.41,129.58
SALE-002126,2026-07-04,CHC-00798,Marzipan Style Almond Chocolate Truffle Box,Europe,Italy,Direct-to-Consumer,52,4.12,214.24
SALE-002127,2025-08-15,CHC-00781,Value Pack Compound Chocolate Bar,North America,USA,Duty-Free,39,2.42,94.38
SALE-002128,2026-08-01,CHC-00839,Cranberry Walnut Fruit & Nut Chocolate Bar,Middle East & Africa,Cote d'Ivoire,Retail Store,12,5.24,62.88
SALE-002129,2026-01-21,CHC-00204,Stevia Sweetened Sugar-Free Chocolate Squares,Europe,Germany,E-Commerce,37,5.12,189.44
SALE-002130,2026-07-01,CHC-00640,Salted Butter Caramel Chocolate Drops,Asia Pacific,Australia,Duty-Free,52,2.58,134.16
SALE-002131,2026-07-07,CHC-01166,Cranberry Walnut Fruit & Nut Chocolate Truffle Box,Latin America,Peru,E-Commerce,19,3.94,74.86
SALE-002132,2025-08-10,CHC-01020,Sea Salt Caramel Chocolate Pralines,Europe,Switzerland,Direct-to-Consumer,31,4.65,144.15
SALE-002133,2025-09-02,CHC-00299,Confectionery Grade Compound Chocolate Wafer Bar,North America,USA,Duty-Free,76,2.24,170.24
SALE-002134,2026-05-01,CHC-00263,Roasted Almond Chocolate Coated Nuts,Europe,Netherlands,E-Commerce,12,3.83,45.96
SALE-002135,2026-04-25,CHC-00646,Biscuit Milk Chocolate Gift Box,North America,USA,Direct-to-Consumer,50,2.13,106.5
SALE-002136,2026-01-07,CHC-00609,Marzipan Style Almond Chocolate Filled Bar,Europe,France,E-Commerce,28,5.22,146.16
SALE-002137,2025-12-06,CHC-00682,Soft Caramel Core Chocolate Drops,Asia Pacific,Japan,Retail Store,36,4.6,165.6
SALE-002138,2026-05-10,CHC-00352,Tropical Mix Fruit & Nut Chocolate Filled Bar,Asia Pacific,Indonesia,E-Commerce,5,3.87,19.35
SALE-002139,2026-06-21,CHC-00804,Single Origin Dark Chocolate Wafer Bar,Asia Pacific,Japan,E-Commerce,142,5.22,741.24
SALE-002140,2026-07-16,CHC-00901,Single Origin Dark Chocolate Drops,Europe,Belgium,Direct-to-Consumer,257,3.56,914.92
SALE-002141,2026-02-27,CHC-00813,Lemon Zest White Chocolate Filled Bar,Europe,Germany,Duty-Free,18,2.42,43.56
SALE-002142,2026-07-28,CHC-01224,Berry Burst Ruby Chocolate Truffle Box,North America,USA,Retail Store,80,6.28,502.4
SALE-002143,2025-10-09,CHC-01364,Tropical Mix Fruit & Nut Chocolate Gift Box,Middle East & Africa,UAE,Duty-Free,15,4.21,63.15
SALE-002144,2025-11-30,CHC-01484,Almond Crunch Chocolate Truffle Box,North America,USA,Wholesale Distributor,21,5.3,111.3
SALE-002145,2026-05-25,CHC-00605,Raisin & Almond Fruit & Nut Chocolate Coated Nuts,North America,Mexico,Duty-Free,5,4.36,21.8
SALE-002146,2026-02-26,CHC-01051,85% Extra Bold Dark Chocolate Gift Box,North America,USA,Wholesale Distributor,32,6.13,196.16
SALE-002147,2026-02-05,CHC-00322,Espresso Infused Dark Chocolate Gift Box,Europe,France,Direct-to-Consumer,27,4.06,109.62
SALE-002148,2026-06-06,CHC-00762,Lemon Zest White Chocolate Squares,Europe,France,E-Commerce,28,2.68,75.04
SALE-002149,2026-05-23,CHC-01112,Berry Burst Ruby Chocolate Chips (Baking),Europe,Belgium,Duty-Free,91,5.89,535.99
SALE-002150,2026-05-25,CHC-00623,Organic Fair-Trade Chocolate Squares,Europe,United Kingdom,Direct-to-Consumer,32,3.65,116.8
SALE-002151,2025-10-31,CHC-01203,Whole Hazelnut Chocolate Bar,Europe,Switzerland,E-Commerce,82,4.94,405.08
SALE-002152,2025-10-31,CHC-00117,Sea Salt Caramel Chocolate Filled Bar,Asia Pacific,Indonesia,E-Commerce,97,3.94,382.18
SALE-002153,2025-08-04,CHC-00469,Roasted Almond Chocolate Filled Bar,North America,Mexico,Wholesale Distributor,9,2.83,25.47
SALE-002154,2025-12-06,CHC-01185,Tropical Mix Fruit & Nut Chocolate Bar,Latin America,Brazil,Wholesale Distributor,6,5.34,32.04
SALE-002155,2026-03-03,CHC-01164,Raspberry Swirl White Chocolate Wafer Bar,Europe,Switzerland,E-Commerce,6,4.25,25.5
SALE-002156,2025-08-09,CHC-01301,Raisin & Almond Fruit & Nut Chocolate Filled Bar,Europe,Germany,Duty-Free,42,3.94,165.48
SALE-002157,2026-03-04,CHC-00233,Roasted Almond Chocolate Filled Bar,North America,Mexico,E-Commerce,37,3.98,147.26
SALE-002158,2026-06-17,CHC-00391,Lemon Zest White Chocolate Coated Nuts,Latin America,Peru,Direct-to-Consumer,21,4.2,88.2
SALE-002159,2026-04-17,CHC-01386,Oat Milk Blend Vegan Dark Chocolate Drops,North America,Mexico,Direct-to-Consumer,55,3.47,190.85
SALE-002160,2026-07-29,CHC-01188,Gianduja Style Hazelnut Chocolate Coated Nuts,Europe,Belgium,Duty-Free,39,3.76,146.64
SALE-002161,2025-09-06,CHC-00236,Lemon Zest White Chocolate Coated Nuts,Europe,Netherlands,Direct-to-Consumer,12,3.92,47.04
SALE-002162,2026-05-13,CHC-00514,Classic Milk Chocolate Filled Bar,Asia Pacific,Indonesia,E-Commerce,5,4.01,20.05
SALE-002163,2026-04-27,CHC-01351,Espresso Infused Dark Chocolate Drops,Europe,Switzerland,Retail Store,34,2.51,85.34
SALE-002164,2026-04-04,CHC-00980,Almond Crunch Chocolate Truffle Box,Europe,France,E-Commerce,20,4.2,84.0
SALE-002165,2026-05-24,CHC-00599,Confectionery Grade Compound Chocolate Coated Nuts,North America,Canada,Retail Store,22,1.66,36.52
SALE-002166,2026-07-13,CHC-00806,Single Origin Dark Chocolate Chips (Baking),Europe,Belgium,E-Commerce,41,3.13,128.33
SALE-002167,2026-04-20,CHC-00870,Classic Milk Chocolate Bar,North America,Mexico,Direct-to-Consumer,24,2.74,65.76
SALE-002168,2026-03-07,CHC-00886,Coconut Sugar Vegan Dark Chocolate Filled Bar,Latin America,Colombia,E-Commerce,16,5.77,92.32
SALE-002169,2025-11-28,CHC-01372,Organic Fair-Trade Chocolate Squares,Europe,France,Duty-Free,5,3.51,17.55
SALE-002170,2025-08-09,CHC-00321,Stevia Sweetened Sugar-Free Chocolate Chips (Baking),Asia Pacific,India,Duty-Free,54,3.91,211.14
SALE-002171,2026-03-20,CHC-00031,Almond Crunch Chocolate Filled Bar,North America,USA,Direct-to-Consumer,27,3.96,106.92
SALE-002172,2025-10-23,CHC-00462,Biscuit Milk Chocolate Filled Bar,North America,Mexico,Direct-to-Consumer,10,4.36,43.6
SALE-002173,2026-05-24,CHC-01277,Gianduja Style Hazelnut Chocolate Truffle Box,Europe,Italy,Retail Store,11,3.82,42.02
SALE-002174,2026-06-20,CHC-00510,Oat Milk Blend Vegan Dark Chocolate Gift Box,Middle East & Africa,UAE,Wholesale Distributor,29,6.38,185.02
SALE-002175,2026-01-05,CHC-00576,Single Origin Dark Chocolate Truffle Box,North America,USA,E-Commerce,197,2.82,555.54
SALE-002176,2025-12-06,CHC-00458,Raspberry Swirl White Chocolate Filled Bar,North America,Canada,Retail Store,24,2.72,65.28
SALE-002177,2025-08-07,CHC-00275,Stevia Sweetened Sugar-Free Chocolate Squares,Latin America,Ecuador,E-Commerce,11,4.65,51.15
SALE-002178,2026-06-08,CHC-01063,Espresso Infused Dark Chocolate Coated Nuts,Europe,Germany,Duty-Free,245,6.12,1499.4
SALE-002179,2026-02-11,CHC-00410,Tropical Mix Fruit & Nut Chocolate Coated Nuts,Asia Pacific,Australia,Wholesale Distributor,23,3.79,87.17
SALE-002180,2026-06-05,CHC-00287,Classic Sugar-Free Chocolate Filled Bar,Middle East & Africa,South Africa,Direct-to-Consumer,60,5.34,320.4
SALE-002181,2025-09-18,CHC-01106,Original Ruby Chocolate Drops,North America,Canada,Wholesale Distributor,66,6.9,455.4
SALE-002182,2025-12-23,CHC-00162,Biscuit Milk Chocolate Filled Bar,Europe,Belgium,Direct-to-Consumer,27,2.71,73.17
SALE-002183,2026-05-05,CHC-00083,Coconut White Chocolate Coated Nuts,North America,Canada,Wholesale Distributor,19,4.04,76.76
SALE-002184,2026-06-30,CHC-01066,Honeycomb Milk Chocolate Truffle Box,Latin America,Ecuador,Retail Store,37,2.33,86.21
SALE-002185,2025-10-16,CHC-01083,Organic Fair-Trade Chocolate Truffle Box,Asia Pacific,India,E-Commerce,4,6.81,27.24
SALE-002186,2026-05-03,CHC-00940,Berry Burst Ruby Chocolate Truffle Box,Europe,Netherlands,Direct-to-Consumer,10,5.62,56.2
SALE-002187,2026-06-01,CHC-00042,Gianduja Style Hazelnut Chocolate Filled Bar,North America,Mexico,Retail Store,35,5.58,195.3
SALE-002188,2026-06-15,CHC-00860,Coconut Sugar Vegan Dark Chocolate Wafer Bar,Europe,Switzerland,Duty-Free,42,6.61,277.62
SALE-002189,2026-07-19,CHC-00936,Raspberry Swirl White Chocolate Drops,Europe,France,Retail Store,16,3.2,51.2
SALE-002190,2025-09-22,CHC-00385,Berry Burst Ruby Chocolate Gift Box,Asia Pacific,Japan,Direct-to-Consumer,68,5.27,358.36
SALE-002191,2026-03-28,CHC-01226,Classic Sugar-Free Chocolate Coated Nuts,Europe,Belgium,Duty-Free,34,3.81,129.54
SALE-002192,2026-03-13,CHC-01230,Sea Salt Milk Chocolate Chips (Baking),Latin America,Brazil,Direct-to-Consumer,4,2.11,8.44
SALE-002193,2026-06-16,CHC-00921,Biscuit Milk Chocolate Chips (Baking),Europe,Germany,E-Commerce,13,3.34,43.42
SALE-002194,2026-03-28,CHC-01255,Biscuit Milk Chocolate Squares,Europe,United Kingdom,Retail Store,12,3.07,36.84
SALE-002195,2026-03-07,CHC-00688,Raspberry Swirl White Chocolate Bar,Latin America,Peru,E-Commerce,12,2.23,26.76
SALE-002196,2025-12-25,CHC-01324,Classic Sugar-Free Chocolate Drops,Europe,France,Wholesale Distributor,18,5.15,92.7
SALE-002197,2025-11-05,CHC-01120,Praline Hazelnut Chocolate Chips (Baking),Europe,Netherlands,Direct-to-Consumer,13,4.98,64.74
SALE-002198,2026-03-30,CHC-00871,Cranberry Walnut Fruit & Nut Chocolate Wafer Bar,Europe,France,Duty-Free,10,3.17,31.7
SALE-002199,2025-09-29,CHC-00227,Plant-Based Classic Vegan Dark Chocolate Gift Box,Europe,Switzerland,Duty-Free,13,4.09,53.17
SALE-002200,2025-09-19,CHC-00114,Whole Hazelnut Chocolate Drops,Europe,Germany,Duty-Free,17,3.01,51.17
SALE-002201,2025-10-19,CHC-00072,Whole Hazelnut Chocolate Chips (Baking),North America,Mexico,Direct-to-Consumer,8,3.27,26.16
SALE-002202,2026-05-17,CHC-00501,70% Intense Dark Chocolate Bar,Europe,France,Retail Store,251,4.08,1024.08
SALE-002203,2025-08-21,CHC-00964,Classic Milk Chocolate Wafer Bar,Middle East & Africa,UAE,Wholesale Distributor,12,4.3,51.6
SALE-002204,2026-03-23,CHC-00066,Lemon Zest White Chocolate Pralines,Latin America,Peru,Direct-to-Consumer,39,2.39,93.21
SALE-002205,2026-03-18,CHC-00104,Single Origin Dark Chocolate Bar,Europe,France,E-Commerce,5,2.87,14.35
SALE-002206,2025-08-11,CHC-01349,Coconut White Chocolate Drops,North America,Mexico,E-Commerce,17,3.37,57.29
SALE-002207,2026-01-29,CHC-00572,Organic Single Origin Chocolate Wafer Bar,Europe,Belgium,Wholesale Distributor,32,5.8,185.6
SALE-002208,2026-04-20,CHC-00272,Cranberry Walnut Fruit & Nut Chocolate Pralines,Latin America,Peru,Retail Store,16,3.96,63.36
SALE-002209,2025-09-13,CHC-01229,Salted Butter Caramel Chocolate Filled Bar,Europe,Belgium,E-Commerce,43,4.81,206.83
SALE-002210,2026-06-07,CHC-00461,Gianduja Style Hazelnut Chocolate Drops,Europe,Germany,E-Commerce,254,3.12,792.48
SALE-002211,2025-09-08,CHC-00373,Almond Crunch Chocolate Squares,North America,Mexico,Duty-Free,54,4.77,257.58
SALE-002212,2025-10-20,CHC-00262,Biscuit Milk Chocolate Drops,North America,Mexico,Retail Store,11,4.47,49.17
SALE-002213,2025-12-27,CHC-00514,Classic Milk Chocolate Filled Bar,Asia Pacific,Indonesia,Wholesale Distributor,23,4.01,92.23
SALE-002214,2025-09-24,CHC-00843,Coconut White Chocolate Chips (Baking),Europe,Netherlands,Duty-Free,1,3.94,3.94
SALE-002215,2026-06-14,CHC-00323,Sea Salt Caramel Chocolate Filled Bar,Latin America,Peru,Duty-Free,53,3.34,177.02
SALE-002216,2026-02-04,CHC-00807,85% Extra Bold Dark Chocolate Truffle Box,Latin America,Brazil,Wholesale Distributor,14,6.48,90.72
SALE-002217,2025-10-28,CHC-00649,Raisin & Almond Fruit & Nut Chocolate Bar,Europe,Germany,Direct-to-Consumer,12,3.51,42.12
SALE-002218,2026-05-19,CHC-00731,Praline Hazelnut Chocolate Drops,North America,Mexico,Duty-Free,36,4.94,177.84
SALE-002219,2026-01-15,CHC-01141,Confectionery Grade Compound Chocolate Gift Box,Asia Pacific,Japan,E-Commerce,13,2.1,27.3
SALE-002220,2025-08-23,CHC-01371,Single Origin Dark Chocolate Squares,North America,Mexico,Duty-Free,22,3.84,84.48
SALE-002221,2025-09-05,CHC-00180,Single Origin Dark Chocolate Coated Nuts,Europe,Belgium,Retail Store,14,3.11,43.54
SALE-002222,2025-12-08,CHC-00456,85% Extra Bold Dark Chocolate Bar,North America,Mexico,Retail Store,24,5.37,128.88
SALE-002223,2026-06-14,CHC-00629,Berry Burst Ruby Chocolate Wafer Bar,North America,USA,Duty-Free,36,5.94,213.84
SALE-002224,2026-01-12,CHC-01180,Diabetic Friendly Sugar-Free Chocolate Bar,North America,USA,E-Commerce,115,5.79,665.85
SALE-002225,2025-08-27,CHC-00500,Oat Milk Blend Vegan Dark Chocolate Filled Bar,Europe,Switzerland,Retail Store,24,5.51,132.24
SALE-002226,2025-12-28,CHC-01388,70% Intense Dark Chocolate Filled Bar,Europe,France,Duty-Free,42,6.34,266.28
SALE-002227,2026-01-08,CHC-00481,Honeycomb Milk Chocolate Pralines,Middle East & Africa,South Africa,Direct-to-Consumer,68,2.68,182.24
SALE-002228,2026-02-15,CHC-01471,Lemon Zest White Chocolate Wafer Bar,Europe,Netherlands,Retail Store,61,2.01,122.61
SALE-002229,2025-08-13,CHC-00977,Single Origin Dark Chocolate Chips (Baking),Middle East & Africa,South Africa,Wholesale Distributor,24,4.8,115.2
SALE-002230,2026-05-21,CHC-01152,Honeycomb Milk Chocolate Bar,Asia Pacific,Japan,Duty-Free,10,3.81,38.1
SALE-002231,2025-11-22,CHC-01382,Almond Crunch Chocolate Drops,Europe,France,Duty-Free,16,4.68,74.88
SALE-002232,2026-04-17,CHC-01309,Vanilla Bean White Chocolate Truffle Box,Latin America,Ecuador,Duty-Free,18,3.63,65.34
SALE-002233,2025-10-27,CHC-01069,Sea Salt Milk Chocolate Wafer Bar,Asia Pacific,China,Wholesale Distributor,14,2.39,33.46
SALE-002234,2026-03-07,CHC-00388,Praline Hazelnut Chocolate Chips (Baking),Asia Pacific,Indonesia,E-Commerce,41,5.93,243.13
SALE-002235,2025-11-24,CHC-00771,Organic Single Origin Chocolate Bar,Asia Pacific,China,Direct-to-Consumer,15,6.36,95.4
SALE-002236,2026-03-05,CHC-01232,Classic Milk Chocolate Squares,Latin America,Peru,Duty-Free,44,2.79,122.76
SALE-002237,2026-05-23,CHC-01042,Salted Butter Caramel Chocolate Pralines,Middle East & Africa,Ghana,Retail Store,166,4.45,738.7
SALE-002238,2026-02-11,CHC-01288,Salted Butter Caramel Chocolate Coated Nuts,Asia Pacific,Japan,E-Commerce,6,3.88,23.28
SALE-002239,2026-06-05,CHC-01008,Soft Caramel Core Chocolate Coated Nuts,North America,USA,E-Commerce,62,4.92,305.04
SALE-002240,2026-01-06,CHC-00186,Confectionery Grade Compound Chocolate Drops,Middle East & Africa,South Africa,Retail Store,32,1.26,40.32
SALE-002241,2026-03-05,CHC-00187,Roasted Almond Chocolate Drops,North America,Mexico,Retail Store,31,4.15,128.65
SALE-002242,2026-04-23,CHC-01308,Berry Burst Ruby Chocolate Pralines,Europe,Netherlands,Wholesale Distributor,25,6.32,158.0
SALE-002243,2026-02-18,CHC-00712,Roasted Almond Chocolate Chips (Baking),North America,Mexico,Retail Store,133,5.21,692.93
SALE-002244,2025-09-07,CHC-00549,Sea Salt Caramel Chocolate Gift Box,Europe,Netherlands,Direct-to-Consumer,35,4.75,166.25
SALE-002245,2026-05-05,CHC-01079,Organic Fair-Trade Chocolate Squares,Asia Pacific,China,Retail Store,33,6.9,227.7
SALE-002246,2026-02-11,CHC-01056,Biscuit Milk Chocolate Filled Bar,Middle East & Africa,UAE,Direct-to-Consumer,102,3.3,336.6
SALE-002247,2026-01-13,CHC-00456,85% Extra Bold Dark Chocolate Bar,North America,Mexico,Retail Store,9,5.37,48.33
SALE-002248,2025-11-19,CHC-01108,85% Extra Bold Dark Chocolate Chips (Baking),Europe,Germany,E-Commerce,18,2.97,53.46
SALE-002249,2025-09-10,CHC-01135,Praline Hazelnut Chocolate Truffle Box,Europe,Netherlands,Direct-to-Consumer,8,4.87,38.96
SALE-002250,2025-11-13,CHC-00409,Soft Caramel Core Chocolate Bar,Middle East & Africa,Ghana,Wholesale Distributor,158,2.74,432.92
SALE-002251,2026-03-04,CHC-00613,Marzipan Style Almond Chocolate Wafer Bar,North America,USA,Retail Store,18,4.96,89.28
SALE-002252,2026-06-02,CHC-00783,Organic Single Origin Chocolate Coated Nuts,Asia Pacific,India,Direct-to-Consumer,62,7.38,457.56
SALE-002253,2026-05-09,CHC-00533,Gianduja Style Hazelnut Chocolate Pralines,North America,USA,Duty-Free,34,4.6,156.4
SALE-002254,2025-10-04,CHC-00201,Salted Butter Caramel Chocolate Chips (Baking),Asia Pacific,India,Duty-Free,16,4.69,75.04
SALE-002255,2025-12-03,CHC-01019,Roasted Almond Chocolate Drops,Asia Pacific,Japan,E-Commerce,34,3.86,131.24
SALE-002256,2026-01-14,CHC-01141,Confectionery Grade Compound Chocolate Gift Box,Asia Pacific,Japan,Wholesale Distributor,31,2.1,65.1
SALE-002257,2026-07-22,CHC-00827,Espresso Infused Dark Chocolate Wafer Bar,Europe,France,Direct-to-Consumer,45,3.54,159.3
SALE-002258,2025-08-11,CHC-01275,Honeycomb Milk Chocolate Drops,Latin America,Ecuador,Wholesale Distributor,34,3.52,119.68
SALE-002259,2026-08-01,CHC-01013,Almond Crunch Chocolate Filled Bar,North America,Mexico,Direct-to-Consumer,13,4.41,57.33
SALE-002260,2026-03-17,CHC-00953,Sea Salt Caramel Chocolate Bar,Europe,Germany,Retail Store,14,3.71,51.94
SALE-002261,2026-03-24,CHC-01344,Lemon Zest White Chocolate Coated Nuts,Europe,Italy,Retail Store,32,2.79,89.28
SALE-002262,2026-04-28,CHC-00922,Classic Milk Chocolate Coated Nuts,Europe,Switzerland,E-Commerce,35,3.35,117.25
SALE-002263,2026-07-25,CHC-00788,Organic Raw Cacao Chocolate Squares,Latin America,Brazil,Wholesale Distributor,24,6.91,165.84
SALE-002264,2025-10-19,CHC-00180,Single Origin Dark Chocolate Coated Nuts,Europe,Belgium,Retail Store,56,3.11,174.16
SALE-002265,2026-05-07,CHC-01351,Espresso Infused Dark Chocolate Drops,Europe,Switzerland,Wholesale Distributor,23,2.51,57.73
SALE-002266,2025-08-24,CHC-01195,Classic Milk Chocolate Truffle Box,Europe,France,E-Commerce,7,4.11,28.77
SALE-002267,2026-04-20,CHC-01236,Organic Raw Cacao Chocolate Filled Bar,Asia Pacific,Japan,Wholesale Distributor,24,5.62,134.88
SALE-002268,2026-04-19,CHC-00026,Organic Single Origin Chocolate Coated Nuts,Asia Pacific,Indonesia,Wholesale Distributor,19,3.77,71.63
SALE-002269,2026-06-28,CHC-00071,85% Extra Bold Dark Chocolate Filled Bar,Europe,Italy,Duty-Free,33,4.92,162.36
SALE-002270,2026-03-09,CHC-00875,Raisin & Almond Fruit & Nut Chocolate Chips (Baking),Middle East & Africa,Cote d'Ivoire,Wholesale Distributor,16,3.4,54.4
SALE-002271,2026-03-07,CHC-00105,70% Intense Dark Chocolate Chips (Baking),Middle East & Africa,South Africa,Duty-Free,29,4.81,139.49
SALE-002272,2026-05-12,CHC-00518,Single Origin Dark Chocolate Squares,Asia Pacific,Indonesia,Direct-to-Consumer,14,4.74,66.36
SALE-002273,2026-03-11,CHC-00067,Honeycomb Milk Chocolate Squares,Europe,Netherlands,Duty-Free,15,3.36,50.4
SALE-002274,2026-03-14,CHC-01292,Value Pack Compound Chocolate Bar,Asia Pacific,India,Direct-to-Consumer,296,1.82,538.72
SALE-002275,2026-07-07,CHC-00730,Organic Fair-Trade Chocolate Truffle Box,North America,Canada,E-Commerce,16,3.79,60.64
SALE-002276,2026-05-01,CHC-00258,Sea Salt Milk Chocolate Wafer Bar,Latin America,Colombia,Wholesale Distributor,11,4.07,44.77
SALE-002277,2026-01-10,CHC-01111,Single Origin Dark Chocolate Truffle Box,Latin America,Ecuador,E-Commerce,58,5.91,342.78
SALE-002278,2026-04-22,CHC-00330,Coconut White Chocolate Coated Nuts,Middle East & Africa,South Africa,Retail Store,35,3.61,126.35
SALE-002279,2025-09-11,CHC-00474,Plant-Based Classic Vegan Dark Chocolate Bar,Europe,Belgium,Retail Store,24,4.78,114.72
SALE-002280,2025-11-21,CHC-00332,Whole Hazelnut Chocolate Bar,Middle East & Africa,Ghana,Direct-to-Consumer,3,3.7,11.1
SALE-002281,2026-05-13,CHC-01449,Berry Burst Ruby Chocolate Squares,Europe,France,E-Commerce,144,7.44,1071.36
SALE-002282,2026-02-14,CHC-01313,Diabetic Friendly Sugar-Free Chocolate Chips (Baking),Middle East & Africa,South Africa,Duty-Free,53,4.24,224.72
SALE-002283,2026-07-30,CHC-00791,Single Origin Dark Chocolate Bar,Europe,United Kingdom,Duty-Free,30,4.66,139.8
SALE-002284,2026-02-10,CHC-00638,Raisin & Almond Fruit & Nut Chocolate Truffle Box,North America,USA,E-Commerce,24,3.63,87.12
SALE-002285,2026-02-21,CHC-01436,Sea Salt Caramel Chocolate Squares,Middle East & Africa,Ghana,E-Commerce,21,4.05,85.05
SALE-002286,2026-07-17,CHC-00021,Espresso Infused Dark Chocolate Wafer Bar,Asia Pacific,Japan,Retail Store,21,6.02,126.42
SALE-002287,2026-01-07,CHC-00635,Espresso Infused Dark Chocolate Drops,North America,Canada,Retail Store,40,4.29,171.6
SALE-002288,2025-11-27,CHC-01038,Classic Milk Chocolate Coated Nuts,Europe,France,Wholesale Distributor,14,4.48,62.72
SALE-002289,2026-01-25,CHC-00795,Organic Single Origin Chocolate Coated Nuts,North America,Mexico,Direct-to-Consumer,39,6.4,249.6
SALE-002290,2026-04-18,CHC-01186,Tropical Mix Fruit & Nut Chocolate Squares,Latin America,Ecuador,E-Commerce,28,5.35,149.8
SALE-002291,2025-11-29,CHC-00919,Raisin & Almond Fruit & Nut Chocolate Coated Nuts,Europe,Italy,Retail Store,20,4.48,89.6
SALE-002292,2026-05-03,CHC-01500,Praline Hazelnut Chocolate Drops,Asia Pacific,Australia,E-Commerce,56,3.94,220.64
SALE-002293,2026-02-01,CHC-00447,Espresso Infused Dark Chocolate Gift Box,Asia Pacific,Australia,E-Commerce,19,5.31,100.89
SALE-002294,2026-04-01,CHC-00906,Coconut White Chocolate Coated Nuts,Asia Pacific,China,Retail Store,26,3.07,79.82
SALE-002295,2026-03-29,CHC-00199,Praline Hazelnut Chocolate Wafer Bar,Europe,France,Wholesale Distributor,66,5.59,368.94
SALE-002296,2026-07-06,CHC-00825,85% Extra Bold Dark Chocolate Gift Box,North America,Canada,Duty-Free,11,4.77,52.47
SALE-002297,2025-09-16,CHC-00526,Roasted Almond Chocolate Truffle Box,Asia Pacific,China,Wholesale Distributor,16,3.21,51.36
SALE-002298,2025-11-18,CHC-00845,Gianduja Style Hazelnut Chocolate Pralines,Europe,France,E-Commerce,11,5.23,57.53
SALE-002299,2026-05-24,CHC-01256,Sea Salt Caramel Chocolate Pralines,Latin America,Peru,E-Commerce,67,2.87,192.29
SALE-002300,2026-07-23,CHC-00087,Sea Salt Caramel Chocolate Drops,Middle East & Africa,UAE,E-Commerce,125,3.76,470.0
SALE-002301,2025-11-29,CHC-00762,Lemon Zest White Chocolate Squares,Europe,France,Duty-Free,14,2.68,37.52
SALE-002302,2026-06-08,CHC-00220,Honeycomb Milk Chocolate Squares,North America,USA,Direct-to-Consumer,29,3.24,93.96
SALE-002303,2026-07-08,CHC-01165,Vanilla Bean White Chocolate Chips (Baking),Europe,Switzerland,Retail Store,10,2.46,24.6
SALE-002304,2026-01-27,CHC-00424,85% Extra Bold Dark Chocolate Drops,Europe,Belgium,E-Commerce,71,4.35,308.85
SALE-002305,2026-06-28,CHC-01267,Espresso Infused Dark Chocolate Coated Nuts,Middle East & Africa,Ghana,Duty-Free,10,4.57,45.7
SALE-002306,2026-05-13,CHC-00795,Organic Single Origin Chocolate Coated Nuts,North America,Mexico,Duty-Free,27,6.4,172.8
SALE-002307,2026-04-30,CHC-01085,Tropical Mix Fruit & Nut Chocolate Bar,Europe,Switzerland,Retail Store,54,3.81,205.74
SALE-002308,2025-12-14,CHC-00191,Classic Sugar-Free Chocolate Filled Bar,North America,USA,Retail Store,13,4.22,54.86
SALE-002309,2025-11-15,CHC-00657,Coconut White Chocolate Filled Bar,Europe,Netherlands,Direct-to-Consumer,10,4.46,44.6
SALE-002310,2025-12-31,CHC-00353,Marzipan Style Almond Chocolate Chips (Baking),Latin America,Colombia,Duty-Free,26,4.99,129.74
SALE-002311,2025-11-05,CHC-00003,Confectionery Grade Compound Chocolate Pralines,Europe,Italy,Direct-to-Consumer,4,2.21,8.84
SALE-002312,2025-08-17,CHC-01280,Stevia Sweetened Sugar-Free Chocolate Coated Nuts,Europe,Belgium,Duty-Free,108,5.17,558.36
SALE-002313,2026-06-18,CHC-00602,Confectionery Grade Compound Chocolate Truffle Box,Europe,United Kingdom,Direct-to-Consumer,8,2.49,19.92
SALE-002314,2026-03-15,CHC-00383,85% Extra Bold Dark Chocolate Pralines,Latin America,Brazil,Wholesale Distributor,21,5.1,107.1
SALE-002315,2026-07-01,CHC-00688,Raspberry Swirl White Chocolate Bar,Latin America,Peru,Direct-to-Consumer,81,2.23,180.63
SALE-002316,2026-03-30,CHC-01491,Organic Raw Cacao Chocolate Pralines,Europe,Belgium,E-Commerce,31,6.19,191.89
SALE-002317,2026-04-02,CHC-00546,Raisin & Almond Fruit & Nut Chocolate Chips (Baking),Europe,France,Direct-to-Consumer,30,5.23,156.9
SALE-002318,2026-06-19,CHC-00225,Stevia Sweetened Sugar-Free Chocolate Coated Nuts,Europe,Germany,Direct-to-Consumer,43,5.29,227.47
SALE-002319,2025-09-02,CHC-00645,85% Extra Bold Dark Chocolate Filled Bar,Asia Pacific,Indonesia,Wholesale Distributor,68,5.19,352.92
SALE-002320,2026-07-26,CHC-01126,Vanilla Bean White Chocolate Drops,North America,Canada,E-Commerce,30,4.4,132.0
SALE-002321,2025-12-26,CHC-00236,Lemon Zest White Chocolate Coated Nuts,Europe,Netherlands,Duty-Free,21,3.92,82.32
SALE-002322,2026-07-04,CHC-00909,Value Pack Compound Chocolate Coated Nuts,North America,USA,Duty-Free,38,2.47,93.86
SALE-002323,2026-05-25,CHC-00449,Raisin & Almond Fruit & Nut Chocolate Coated Nuts,North America,Canada,Wholesale Distributor,57,5.05,287.85
SALE-002324,2026-05-10,CHC-01239,Stevia Sweetened Sugar-Free Chocolate Wafer Bar,Asia Pacific,Japan,Direct-to-Consumer,90,5.9,531.0
SALE-002325,2025-11-30,CHC-00516,Biscuit Milk Chocolate Coated Nuts,Latin America,Peru,E-Commerce,22,3.95,86.9
SALE-002326,2026-07-25,CHC-00439,Soft Caramel Core Chocolate Coated Nuts,Asia Pacific,China,Duty-Free,27,4.25,114.75
SALE-002327,2025-09-27,CHC-01193,85% Extra Bold Dark Chocolate Wafer Bar,Latin America,Ecuador,Duty-Free,44,2.56,112.64
SALE-002328,2026-06-22,CHC-00490,Soft Caramel Core Chocolate Pralines,Europe,Belgium,Duty-Free,94,3.65,343.1
SALE-002329,2026-03-04,CHC-00590,Soft Caramel Core Chocolate Coated Nuts,North America,Mexico,Direct-to-Consumer,8,3.08,24.64
SALE-002330,2026-02-14,CHC-01035,70% Intense Dark Chocolate Wafer Bar,North America,USA,Wholesale Distributor,41,6.12,250.92
SALE-002331,2025-10-22,CHC-00495,Coconut Sugar Vegan Dark Chocolate Pralines,Asia Pacific,Australia,Retail Store,32,6.44,206.08
SALE-002332,2026-04-12,CHC-00899,Single Origin Dark Chocolate Pralines,North America,USA,Direct-to-Consumer,37,2.93,108.41
SALE-002333,2026-04-17,CHC-01116,Single Origin Dark Chocolate Drops,Europe,Switzerland,Direct-to-Consumer,122,6.3,768.6
SALE-002334,2026-03-05,CHC-01482,85% Extra Bold Dark Chocolate Wafer Bar,Latin America,Peru,Direct-to-Consumer,54,3.55,191.7
SALE-002335,2026-02-21,CHC-00904,Marzipan Style Almond Chocolate Pralines,Latin America,Colombia,Wholesale Distributor,19,4.38,83.22
SALE-002336,2025-11-06,CHC-01216,Sea Salt Milk Chocolate Bar,North America,USA,Direct-to-Consumer,16,2.99,47.84
SALE-002337,2025-08-07,CHC-01261,70% Intense Dark Chocolate Chips (Baking),North America,USA,Duty-Free,20,5.37,107.4
SALE-002338,2025-12-05,CHC-00840,Single Origin Dark Chocolate Chips (Baking),North America,USA,Retail Store,41,4.18,171.38
SALE-002339,2026-06-20,CHC-01314,Lemon Zest White Chocolate Bar,Europe,Netherlands,E-Commerce,47,3.73,175.31
SALE-002340,2025-10-01,CHC-01348,Sea Salt Milk Chocolate Pralines,Europe,Italy,Direct-to-Consumer,40,2.26,90.4
SALE-002341,2026-02-18,CHC-00742,Whole Hazelnut Chocolate Chips (Baking),North America,USA,Duty-Free,56,4.98,278.88
SALE-002342,2026-07-13,CHC-01305,Biscuit Milk Chocolate Pralines,Europe,Belgium,Wholesale Distributor,178,3.86,687.08
SALE-002343,2025-10-24,CHC-00366,Almond Crunch Chocolate Wafer Bar,Asia Pacific,China,Retail Store,6,4.2,25.2
SALE-002344,2026-06-29,CHC-01268,Diabetic Friendly Sugar-Free Chocolate Drops,Europe,Italy,Direct-to-Consumer,8,3.78,30.24
SALE-002345,2025-09-08,CHC-01461,Classic Sugar-Free Chocolate Bar,Europe,Germany,Duty-Free,12,5.93,71.16
SALE-002346,2025-09-26,CHC-00089,Marzipan Style Almond Chocolate Drops,Europe,Switzerland,Wholesale Distributor,40,3.35,134.0
SALE-002347,2026-01-13,CHC-00237,Classic Milk Chocolate Squares,Middle East & Africa,Cote d'Ivoire,Wholesale Distributor,12,3.61,43.32
SALE-002348,2025-08-09,CHC-00697,Salted Butter Caramel Chocolate Filled Bar,North America,Canada,Direct-to-Consumer,64,3.74,239.36
SALE-002349,2026-05-31,CHC-00998,Confectionery Grade Compound Chocolate Squares,Asia Pacific,Australia,Retail Store,21,1.79,37.59
SALE-002350,2026-02-10,CHC-00612,85% Extra Bold Dark Chocolate Bar,Europe,Switzerland,E-Commerce,72,5.5,396.0
SALE-002351,2025-12-19,CHC-01121,Raspberry Swirl White Chocolate Squares,Latin America,Peru,Duty-Free,22,4.33,95.26
SALE-002352,2025-10-31,CHC-00628,Gianduja Style Hazelnut Chocolate Squares,North America,Mexico,Duty-Free,13,4.62,60.06
SALE-002353,2025-09-25,CHC-00752,Almond Crunch Chocolate Pralines,Europe,Switzerland,E-Commerce,13,3.14,40.82
SALE-002354,2026-04-14,CHC-00095,70% Intense Dark Chocolate Truffle Box,North America,USA,Duty-Free,28,6.05,169.4
SALE-002355,2025-10-29,CHC-00940,Berry Burst Ruby Chocolate Truffle Box,Europe,Netherlands,Duty-Free,200,5.62,1124.0
SALE-002356,2026-06-08,CHC-01087,Biscuit Milk Chocolate Drops,Europe,United Kingdom,Retail Store,28,4.08,114.24
SALE-002357,2026-01-19,CHC-01187,Classic Milk Chocolate Bar,Europe,Switzerland,Wholesale Distributor,25,3.38,84.5
SALE-002358,2025-11-18,CHC-00817,Biscuit Milk Chocolate Coated Nuts,Latin America,Ecuador,Duty-Free,29,3.9,113.1
SALE-002359,2026-06-10,CHC-00206,Tropical Mix Fruit & Nut Chocolate Gift Box,North America,Mexico,Wholesale Distributor,48,3.37,161.76
SALE-002360,2025-12-26,CHC-00586,Bakers Classic Compound Chocolate Pralines,Latin America,Brazil,Retail Store,26,1.66,43.16
SALE-002361,2026-01-20,CHC-01074,Gianduja Style Hazelnut Chocolate Filled Bar,Europe,Switzerland,Retail Store,40,4.55,182.0
SALE-002362,2025-09-04,CHC-01336,Sea Salt Caramel Chocolate Chips (Baking),Middle East & Africa,Ghana,Wholesale Distributor,31,3.53,109.43
SALE-002363,2025-11-07,CHC-00399,Coconut Sugar Vegan Dark Chocolate Filled Bar,Europe,Belgium,Retail Store,167,4.08,681.36
SALE-002364,2026-02-25,CHC-01322,Honeycomb Milk Chocolate Filled Bar,Latin America,Brazil,E-Commerce,24,2.69,64.56
SALE-002365,2026-03-28,CHC-00356,Honeycomb Milk Chocolate Coated Nuts,Asia Pacific,Indonesia,Direct-to-Consumer,24,3.77,90.48
SALE-002366,2025-10-15,CHC-01427,Coconut Sugar Vegan Dark Chocolate Pralines,Europe,Germany,E-Commerce,38,3.67,139.46
SALE-002367,2025-12-23,CHC-00680,Soft Caramel Core Chocolate Chips (Baking),Asia Pacific,Australia,E-Commerce,11,3.6,39.6
SALE-002368,2026-02-08,CHC-01004,Cranberry Walnut Fruit & Nut Chocolate Squares,North America,Mexico,E-Commerce,30,4.05,121.5
SALE-002369,2025-09-19,CHC-00673,Sea Salt Caramel Chocolate Filled Bar,Europe,United Kingdom,Wholesale Distributor,24,3.61,86.64
SALE-002370,2026-01-27,CHC-00920,Plant-Based Classic Vegan Dark Chocolate Pralines,North America,USA,Retail Store,17,6.55,111.35
SALE-002371,2026-01-09,CHC-01268,Diabetic Friendly Sugar-Free Chocolate Drops,Europe,Italy,Wholesale Distributor,39,3.78,147.42
SALE-002372,2026-01-31,CHC-00528,Single Origin Dark Chocolate Chips (Baking),Latin America,Brazil,Retail Store,39,5.41,210.99
SALE-002373,2026-05-07,CHC-01279,Praline Hazelnut Chocolate Chips (Baking),Europe,Germany,E-Commerce,31,5.57,172.67
SALE-002374,2026-04-29,CHC-01468,Soft Caramel Core Chocolate Truffle Box,Europe,United Kingdom,Duty-Free,31,4.01,124.31
SALE-002375,2026-05-28,CHC-01413,Diabetic Friendly Sugar-Free Chocolate Squares,Latin America,Brazil,Wholesale Distributor,29,5.36,155.44
SALE-002376,2026-06-02,CHC-01448,Sea Salt Caramel Chocolate Chips (Baking),Europe,Belgium,Wholesale Distributor,23,3.04,69.92
SALE-002377,2025-11-11,CHC-00133,Classic Sugar-Free Chocolate Truffle Box,North America,Mexico,Duty-Free,43,5.33,229.19
SALE-002378,2026-01-18,CHC-01096,70% Intense Dark Chocolate Bar,Latin America,Ecuador,E-Commerce,138,3.02,416.76
SALE-002379,2025-09-25,CHC-00514,Classic Milk Chocolate Filled Bar,Asia Pacific,Indonesia,Direct-to-Consumer,9,4.01,36.09
SALE-002380,2025-11-13,CHC-00649,Raisin & Almond Fruit & Nut Chocolate Bar,Europe,Germany,Duty-Free,23,3.51,80.73
SALE-002381,2026-01-03,CHC-01115,Biscuit Milk Chocolate Drops,North America,Canada,Wholesale Distributor,324,3.02,978.48
SALE-002382,2026-05-10,CHC-00760,Raspberry Swirl White Chocolate Bar,Latin America,Peru,Wholesale Distributor,46,2.9,133.4
SALE-002383,2026-06-14,CHC-01304,Coconut White Chocolate Chips (Baking),Europe,France,E-Commerce,30,3.68,110.4
SALE-002384,2026-02-06,CHC-00230,Sea Salt Caramel Chocolate Squares,Middle East & Africa,Ghana,Duty-Free,35,2.66,93.1
SALE-002385,2026-02-28,CHC-00040,Confectionery Grade Compound Chocolate Coated Nuts,Europe,Germany,E-Commerce,28,2.32,64.96
SALE-002386,2025-11-09,CHC-01332,Raisin & Almond Fruit & Nut Chocolate Gift Box,North America,USA,Duty-Free,49,3.47,170.03
SALE-002387,2025-10-27,CHC-00456,85% Extra Bold Dark Chocolate Bar,North America,Mexico,Retail Store,12,5.37,64.44
SALE-002388,2025-12-30,CHC-01297,Sea Salt Milk Chocolate Pralines,North America,Canada,E-Commerce,35,2.51,87.85
SALE-002389,2026-02-17,CHC-00756,Roasted Almond Chocolate Pralines,Asia Pacific,Indonesia,Direct-to-Consumer,54,3.4,183.6
SALE-002390,2026-04-22,CHC-01498,Organic Fair-Trade Chocolate Pralines,North America,Canada,Wholesale Distributor,218,4.57,996.26
SALE-002391,2025-10-26,CHC-00678,Espresso Infused Dark Chocolate Squares,Europe,Switzerland,Direct-to-Consumer,7,4.02,28.14
SALE-002392,2026-07-27,CHC-00421,Raisin & Almond Fruit & Nut Chocolate Bar,Europe,France,E-Commerce,12,5.43,65.16
SALE-002393,2026-07-25,CHC-00657,Coconut White Chocolate Filled Bar,Europe,Netherlands,E-Commerce,39,4.46,173.94
SALE-002394,2026-03-19,CHC-00850,Honeycomb Milk Chocolate Truffle Box,Asia Pacific,Australia,Wholesale Distributor,84,2.22,186.48
SALE-002395,2025-09-10,CHC-01402,Plant-Based Classic Vegan Dark Chocolate Filled Bar,Europe,France,Wholesale Distributor,50,4.13,206.5
SALE-002396,2026-01-14,CHC-00404,Vanilla Bean White Chocolate Squares,Europe,Switzerland,Retail Store,9,3.75,33.75
SALE-002397,2025-12-08,CHC-00099,Vanilla Bean White Chocolate Wafer Bar,Asia Pacific,Australia,Wholesale Distributor,223,2.19,488.37
SALE-002398,2025-09-01,CHC-00320,Classic Sugar-Free Chocolate Wafer Bar,Europe,Belgium,Retail Store,6,3.93,23.58
SALE-002399,2025-10-05,CHC-00032,Espresso Infused Dark Chocolate Truffle Box,Latin America,Peru,Retail Store,121,5.34,646.14
SALE-002400,2025-12-23,CHC-00492,Biscuit Milk Chocolate Coated Nuts,Europe,Switzerland,E-Commerce,37,3.38,125.06
SALE-002401,2026-04-21,CHC-01115,Biscuit Milk Chocolate Drops,North America,Canada,Duty-Free,22,3.02,66.44
SALE-002402,2026-04-28,CHC-01111,Single Origin Dark Chocolate Truffle Box,Latin America,Ecuador,E-Commerce,8,5.91,47.28
SALE-002403,2025-09-28,CHC-00578,Diabetic Friendly Sugar-Free Chocolate Gift Box,North America,USA,E-Commerce,11,4.64,51.04
SALE-002404,2025-09-16,CHC-00516,Biscuit Milk Chocolate Coated Nuts,Latin America,Peru,Wholesale Distributor,6,3.95,23.7
SALE-002405,2026-02-26,CHC-00556,Roasted Almond Chocolate Drops,Europe,Germany,Retail Store,11,2.95,32.45
SALE-002406,2025-11-13,CHC-00212,Gianduja Style Hazelnut Chocolate Gift Box,Europe,United Kingdom,Duty-Free,10,3.64,36.4
SALE-002407,2025-11-03,CHC-00285,Soft Caramel Core Chocolate Truffle Box,Europe,Switzerland,Duty-Free,178,2.81,500.18
SALE-002408,2025-09-05,CHC-01097,70% Intense Dark Chocolate Truffle Box,North America,USA,Direct-to-Consumer,24,2.91,69.84
SALE-002409,2025-10-26,CHC-00985,Praline Hazelnut Chocolate Filled Bar,Asia Pacific,Indonesia,Retail Store,144,5.05,727.2
SALE-002410,2026-06-16,CHC-01429,Coconut White Chocolate Wafer Bar,North America,Mexico,Duty-Free,3,3.49,10.47
SALE-002411,2026-06-03,CHC-00695,Diabetic Friendly Sugar-Free Chocolate Drops,Europe,Belgium,Direct-to-Consumer,13,5.74,74.62
SALE-002412,2026-01-23,CHC-01096,70% Intense Dark Chocolate Bar,Latin America,Ecuador,Direct-to-Consumer,31,3.02,93.62
SALE-002413,2026-03-30,CHC-01442,Salted Butter Caramel Chocolate Bar,Latin America,Ecuador,Wholesale Distributor,49,3.48,170.52
SALE-002414,2026-06-20,CHC-00038,Espresso Infused Dark Chocolate Wafer Bar,Europe,Belgium,Direct-to-Consumer,9,5.28,47.52
SALE-002415,2025-12-17,CHC-00336,Salted Butter Caramel Chocolate Chips (Baking),Europe,Italy,Wholesale Distributor,16,4.02,64.32
SALE-002416,2026-04-01,CHC-00909,Value Pack Compound Chocolate Coated Nuts,North America,USA,Retail Store,41,2.47,101.27
SALE-002417,2025-08-20,CHC-00666,Soft Caramel Core Chocolate Chips (Baking),Middle East & Africa,Cote d'Ivoire,Wholesale Distributor,42,4.38,183.96
SALE-002418,2026-07-18,CHC-01157,Single Origin Dark Chocolate Drops,Latin America,Colombia,Retail Store,19,4.03,76.57
SALE-002419,2025-11-30,CHC-01335,Organic Single Origin Chocolate Wafer Bar,North America,Mexico,Wholesale Distributor,7,7.39,51.73
SALE-002420,2026-04-16,CHC-01183,Raisin & Almond Fruit & Nut Chocolate Pralines,Asia Pacific,India,Duty-Free,6,3.88,23.28
SALE-002421,2025-08-27,CHC-00334,Organic Fair-Trade Chocolate Drops,Europe,Switzerland,Direct-to-Consumer,47,3.7,173.9
SALE-002422,2025-10-11,CHC-01471,Lemon Zest White Chocolate Wafer Bar,Europe,Netherlands,E-Commerce,6,2.01,12.06
SALE-002423,2026-05-19,CHC-00873,Honeycomb Milk Chocolate Filled Bar,Asia Pacific,India,Direct-to-Consumer,20,2.49,49.8
SALE-002424,2025-10-23,CHC-01135,Praline Hazelnut Chocolate Truffle Box,Europe,Netherlands,Wholesale Distributor,37,4.87,180.19
SALE-002425,2025-08-28,CHC-00465,Diabetic Friendly Sugar-Free Chocolate Wafer Bar,Latin America,Peru,E-Commerce,15,5.12,76.8
SALE-002426,2025-11-25,CHC-00654,Espresso Infused Dark Chocolate Filled Bar,Europe,France,Direct-to-Consumer,46,5.62,258.52
SALE-002427,2026-01-08,CHC-01228,Marzipan Style Almond Chocolate Coated Nuts,Middle East & Africa,South Africa,Direct-to-Consumer,36,3.82,137.52
SALE-002428,2026-01-02,CHC-00697,Salted Butter Caramel Chocolate Filled Bar,North America,Canada,Retail Store,17,3.74,63.58
SALE-002429,2025-12-19,CHC-00635,Espresso Infused Dark Chocolate Drops,North America,Canada,Wholesale Distributor,40,4.29,171.6
SALE-002430,2026-04-27,CHC-01439,Tropical Mix Fruit & Nut Chocolate Drops,Europe,France,Duty-Free,64,5.33,341.12
SALE-002431,2025-11-05,CHC-01211,Tropical Mix Fruit & Nut Chocolate Pralines,Europe,Netherlands,Wholesale Distributor,26,4.0,104.0
SALE-002432,2025-11-01,CHC-00858,85% Extra Bold Dark Chocolate Wafer Bar,Asia Pacific,Indonesia,Retail Store,4,6.12,24.48
SALE-002433,2026-06-05,CHC-01100,Coconut White Chocolate Wafer Bar,Latin America,Colombia,E-Commerce,22,3.2,70.4
SALE-002434,2026-06-26,CHC-01472,Honeycomb Milk Chocolate Truffle Box,Asia Pacific,Australia,E-Commerce,48,4.19,201.12
SALE-002435,2026-04-25,CHC-01193,85% Extra Bold Dark Chocolate Wafer Bar,Latin America,Ecuador,Duty-Free,43,2.56,110.08
SALE-002436,2026-04-09,CHC-00217,Praline Hazelnut Chocolate Truffle Box,North America,Mexico,Retail Store,23,4.91,112.93
SALE-002437,2026-05-12,CHC-00777,Sea Salt Milk Chocolate Coated Nuts,North America,USA,Retail Store,63,3.16,199.08
SALE-002438,2025-09-11,CHC-01461,Classic Sugar-Free Chocolate Bar,Europe,Germany,Duty-Free,23,5.93,136.39
SALE-002439,2026-06-03,CHC-00630,Espresso Infused Dark Chocolate Gift Box,Latin America,Ecuador,Retail Store,6,5.64,33.84
SALE-002440,2026-02-12,CHC-00547,Original Ruby Chocolate Chips (Baking),Latin America,Brazil,E-Commerce,58,7.03,407.74
SALE-002441,2025-12-08,CHC-01299,Organic Fair-Trade Chocolate Gift Box,North America,Canada,Duty-Free,69,6.39,440.91
SALE-002442,2025-11-03,CHC-00022,Classic Milk Chocolate Truffle Box,Europe,Switzerland,Retail Store,57,3.55,202.35
SALE-002443,2026-07-01,CHC-00894,Organic Raw Cacao Chocolate Squares,Europe,Italy,E-Commerce,9,6.75,60.75
SALE-002444,2025-10-18,CHC-00082,Original Ruby Chocolate Coated Nuts,Asia Pacific,Australia,Retail Store,12,4.06,48.72
SALE-002445,2026-06-06,CHC-01151,Almond Crunch Chocolate Squares,Middle East & Africa,Ghana,E-Commerce,21,5.36,112.56
SALE-002446,2026-01-27,CHC-00812,85% Extra Bold Dark Chocolate Pralines,Europe,Switzerland,Direct-to-Consumer,31,4.85,150.35
SALE-002447,2026-05-30,CHC-00859,Classic Milk Chocolate Gift Box,Europe,Belgium,Wholesale Distributor,23,4.34,99.82
SALE-002448,2026-04-26,CHC-00506,Gianduja Style Hazelnut Chocolate Filled Bar,Asia Pacific,China,Direct-to-Consumer,18,4.07,73.26
SALE-002449,2025-11-24,CHC-00841,Organic Raw Cacao Chocolate Squares,Europe,Germany,E-Commerce,39,3.8,148.2
SALE-002450,2026-06-13,CHC-00514,Classic Milk Chocolate Filled Bar,Asia Pacific,Indonesia,Retail Store,52,4.01,208.52
SALE-002451,2026-04-04,CHC-01048,Cranberry Walnut Fruit & Nut Chocolate Gift Box,Europe,Italy,E-Commerce,10,5.35,53.5
SALE-002452,2026-07-05,CHC-00862,Roasted Almond Chocolate Filled Bar,North America,Mexico,Duty-Free,29,3.97,115.13
SALE-002453,2026-06-15,CHC-00653,85% Extra Bold Dark Chocolate Coated Nuts,North America,Mexico,Direct-to-Consumer,8,3.83,30.64
SALE-002454,2025-12-26,CHC-00175,Berry Burst Ruby Chocolate Coated Nuts,Asia Pacific,India,Wholesale Distributor,46,5.62,258.52
SALE-002455,2026-07-25,CHC-00041,Almond Crunch Chocolate Drops,Europe,United Kingdom,Duty-Free,29,4.16,120.64
SALE-002456,2025-11-04,CHC-00771,Organic Single Origin Chocolate Bar,Asia Pacific,China,Retail Store,123,6.36,782.28
SALE-002457,2026-02-20,CHC-01118,Single Origin Dark Chocolate Pralines,Europe,Switzerland,E-Commerce,14,3.28,45.92
SALE-002458,2026-05-20,CHC-01098,Classic Sugar-Free Chocolate Chips (Baking),Europe,Switzerland,E-Commerce,56,3.8,212.8
SALE-002459,2025-11-18,CHC-01145,Plant-Based Classic Vegan Dark Chocolate Drops,Asia Pacific,Japan,E-Commerce,49,6.28,307.72
SALE-002460,2025-12-20,CHC-01378,Whole Hazelnut Chocolate Squares,Europe,Switzerland,E-Commerce,45,5.98,269.1
SALE-002461,2025-11-10,CHC-00643,Confectionery Grade Compound Chocolate Pralines,Middle East & Africa,UAE,E-Commerce,4,2.33,9.32
SALE-002462,2025-12-02,CHC-00864,Plant-Based Classic Vegan Dark Chocolate Chips (Baking),Middle East & Africa,Cote d'Ivoire,E-Commerce,9,6.05,54.45
SALE-002463,2025-11-11,CHC-00109,Gianduja Style Hazelnut Chocolate Bar,North America,Mexico,Duty-Free,32,4.47,143.04
SALE-002464,2026-03-05,CHC-00310,Coconut White Chocolate Pralines,Middle East & Africa,UAE,Direct-to-Consumer,27,3.79,102.33
SALE-002465,2026-03-12,CHC-00511,Soft Caramel Core Chocolate Coated Nuts,Latin America,Ecuador,Direct-to-Consumer,23,3.92,90.16
SALE-002466,2026-02-15,CHC-01127,85% Extra Bold Dark Chocolate Drops,Latin America,Brazil,E-Commerce,23,3.15,72.45
SALE-002467,2025-12-20,CHC-00267,Biscuit Milk Chocolate Coated Nuts,Asia Pacific,China,Direct-to-Consumer,23,4.44,102.12
SALE-002468,2026-06-23,CHC-01274,Classic Sugar-Free Chocolate Drops,Latin America,Peru,Direct-to-Consumer,43,4.64,199.52
SALE-002469,2025-10-28,CHC-00571,Oat Milk Blend Vegan Dark Chocolate Coated Nuts,Asia Pacific,India,Retail Store,21,6.41,134.61
SALE-002470,2025-10-18,CHC-00789,85% Extra Bold Dark Chocolate Drops,Europe,France,Retail Store,5,4.57,22.85
SALE-002471,2026-04-02,CHC-00430,Coconut White Chocolate Wafer Bar,Europe,France,Duty-Free,70,2.13,149.1
SALE-002472,2026-07-22,CHC-00485,Almond Crunch Chocolate Pralines,Europe,France,E-Commerce,65,3.08,200.2
SALE-002473,2025-10-10,CHC-00931,70% Intense Dark Chocolate Filled Bar,Asia Pacific,Japan,Direct-to-Consumer,12,4.65,55.8
SALE-002474,2026-03-30,CHC-00646,Biscuit Milk Chocolate Gift Box,North America,USA,Retail Store,39,2.13,83.07
SALE-002475,2026-03-12,CHC-00785,Classic Sugar-Free Chocolate Truffle Box,Asia Pacific,Indonesia,Wholesale Distributor,9,4.63,41.67
SALE-002476,2026-01-01,CHC-01500,Praline Hazelnut Chocolate Drops,Asia Pacific,Australia,Duty-Free,33,3.94,130.02
SALE-002477,2025-09-17,CHC-01258,Marzipan Style Almond Chocolate Squares,Latin America,Ecuador,Duty-Free,30,5.25,157.5
SALE-002478,2026-04-25,CHC-01194,Coconut Sugar Vegan Dark Chocolate Truffle Box,North America,USA,Wholesale Distributor,12,4.5,54.0
SALE-002479,2026-02-04,CHC-00881,Praline Hazelnut Chocolate Wafer Bar,Middle East & Africa,UAE,Direct-to-Consumer,37,4.87,180.19
SALE-002480,2026-01-22,CHC-00163,Honeycomb Milk Chocolate Coated Nuts,Europe,Belgium,Retail Store,12,3.05,36.6
SALE-002481,2026-04-29,CHC-00098,Oat Milk Blend Vegan Dark Chocolate Pralines,North America,USA,Duty-Free,13,6.8,88.4
SALE-002482,2026-06-07,CHC-01005,85% Extra Bold Dark Chocolate Filled Bar,North America,Mexico,Retail Store,14,4.15,58.1
SALE-002483,2026-04-09,CHC-01282,Soft Caramel Core Chocolate Gift Box,Middle East & Africa,South Africa,E-Commerce,27,5.0,135.0
SALE-002484,2026-05-12,CHC-01076,85% Extra Bold Dark Chocolate Coated Nuts,Europe,United Kingdom,Retail Store,10,4.89,48.9
SALE-002485,2025-11-09,CHC-00947,Citrus Ruby Chocolate Bar,North America,Canada,Direct-to-Consumer,19,4.43,84.17
SALE-002486,2026-04-07,CHC-00260,Honeycomb Milk Chocolate Drops,North America,Canada,Wholesale Distributor,23,3.69,84.87
SALE-002487,2026-07-23,CHC-00600,Diabetic Friendly Sugar-Free Chocolate Pralines,Middle East & Africa,South Africa,Direct-to-Consumer,14,5.21,72.94
SALE-002488,2026-02-14,CHC-01169,Sea Salt Caramel Chocolate Gift Box,North America,USA,Retail Store,43,4.22,181.46
SALE-002489,2026-03-28,CHC-00701,Original Ruby Chocolate Drops,Europe,Germany,Retail Store,27,4.74,127.98
SALE-002490,2026-03-30,CHC-01089,Sea Salt Caramel Chocolate Filled Bar,Middle East & Africa,South Africa,Direct-to-Consumer,26,4.97,129.22
SALE-002491,2025-08-07,CHC-00253,Praline Hazelnut Chocolate Pralines,Asia Pacific,Australia,Wholesale Distributor,8,5.94,47.52
SALE-002492,2025-12-17,CHC-00822,Salted Butter Caramel Chocolate Wafer Bar,Middle East & Africa,Cote d'Ivoire,Duty-Free,201,4.48,900.48
SALE-002493,2025-08-04,CHC-01231,Citrus Ruby Chocolate Drops,North America,Mexico,E-Commerce,6,7.58,45.48
SALE-002494,2025-09-20,CHC-01436,Sea Salt Caramel Chocolate Squares,Middle East & Africa,Ghana,Direct-to-Consumer,10,4.05,40.5
SALE-002495,2025-11-20,CHC-01032,Plant-Based Classic Vegan Dark Chocolate Chips (Baking),Middle East & Africa,Ghana,Duty-Free,58,5.28,306.24
SALE-002496,2026-06-08,CHC-00591,Bakers Classic Compound Chocolate Pralines,Latin America,Colombia,Direct-to-Consumer,85,1.62,137.7
SALE-002497,2026-08-03,CHC-00547,Original Ruby Chocolate Chips (Baking),Latin America,Brazil,Retail Store,122,7.03,857.66
SALE-002498,2026-05-27,CHC-00952,Whole Hazelnut Chocolate Squares,Europe,Germany,Retail Store,17,5.0,85.0
SALE-002499,2026-07-13,CHC-00137,Organic Raw Cacao Chocolate Bar,North America,Mexico,Retail Store,9,6.47,58.23
SALE-002500,2025-09-08,CHC-00816,Salted Butter Caramel Chocolate Coated Nuts,Latin America,Peru,E-Commerce,11,2.65,29.15
SALE-002501,2026-03-07,CHC-01361,Almond Crunch Chocolate Filled Bar,Europe,Italy,Direct-to-Consumer,3,4.8,14.4
SALE-002502,2025-12-29,CHC-01222,Soft Caramel Core Chocolate Chips (Baking),Middle East & Africa,UAE,Wholesale Distributor,4,4.89,19.56
SALE-002503,2026-02-09,CHC-00338,Marzipan Style Almond Chocolate Bar,Latin America,Colombia,E-Commerce,21,3.39,71.19
SALE-002504,2025-11-01,CHC-01132,Coconut White Chocolate Bar,Europe,France,Retail Store,278,3.77,1048.06
SALE-002505,2026-01-18,CHC-00602,Confectionery Grade Compound Chocolate Truffle Box,Europe,United Kingdom,Wholesale Distributor,18,2.49,44.82
SALE-002506,2025-09-15,CHC-00126,Almond Crunch Chocolate Bar,Latin America,Ecuador,E-Commerce,11,2.85,31.35
SALE-002507,2025-10-16,CHC-01045,Almond Crunch Chocolate Coated Nuts,Latin America,Brazil,Duty-Free,65,3.41,221.65
SALE-002508,2025-09-19,CHC-00313,Organic Single Origin Chocolate Coated Nuts,Europe,Germany,Direct-to-Consumer,78,4.12,321.36
SALE-002509,2026-01-12,CHC-01110,Honeycomb Milk Chocolate Squares,Asia Pacific,Japan,Retail Store,11,3.26,35.86
SALE-002510,2025-08-28,CHC-00905,Organic Fair-Trade Chocolate Squares,Asia Pacific,Indonesia,Retail Store,20,6.44,128.8
SALE-002511,2026-04-26,CHC-01485,Espresso Infused Dark Chocolate Drops,Europe,Germany,Retail Store,19,2.5,47.5
SALE-002512,2026-02-09,CHC-00497,Single Origin Dark Chocolate Squares,Europe,Switzerland,E-Commerce,17,5.93,100.81
SALE-002513,2026-02-18,CHC-01069,Sea Salt Milk Chocolate Wafer Bar,Asia Pacific,China,Wholesale Distributor,39,2.39,93.21
SALE-002514,2026-02-01,CHC-00037,Value Pack Compound Chocolate Gift Box,Latin America,Peru,Wholesale Distributor,26,2.24,58.24
SALE-002515,2025-08-08,CHC-00862,Roasted Almond Chocolate Filled Bar,North America,Mexico,Retail Store,10,3.97,39.7
SALE-002516,2026-06-04,CHC-00450,Classic Milk Chocolate Gift Box,Asia Pacific,Indonesia,Duty-Free,10,2.3,23.0
SALE-002517,2025-11-20,CHC-00582,Stevia Sweetened Sugar-Free Chocolate Truffle Box,Europe,France,Wholesale Distributor,40,3.46,138.4
SALE-002518,2025-10-12,CHC-00313,Organic Single Origin Chocolate Coated Nuts,Europe,Germany,Wholesale Distributor,17,4.12,70.04
SALE-002519,2026-06-06,CHC-00351,Diabetic Friendly Sugar-Free Chocolate Chips (Baking),Asia Pacific,Indonesia,E-Commerce,58,4.6,266.8
SALE-002520,2026-05-08,CHC-01367,Tropical Mix Fruit & Nut Chocolate Chips (Baking),Europe,Italy,Direct-to-Consumer,12,3.71,44.52
SALE-002521,2025-11-29,CHC-00883,Honeycomb Milk Chocolate Squares,Europe,France,Wholesale Distributor,68,3.98,270.64
SALE-002522,2025-10-27,CHC-00231,Sea Salt Milk Chocolate Pralines,Asia Pacific,Japan,Wholesale Distributor,70,3.73,261.1
SALE-002523,2026-07-07,CHC-01019,Roasted Almond Chocolate Drops,Asia Pacific,Japan,Wholesale Distributor,20,3.86,77.2
SALE-002524,2025-12-15,CHC-01110,Honeycomb Milk Chocolate Squares,Asia Pacific,Japan,Wholesale Distributor,33,3.26,107.58
SALE-002525,2025-09-15,CHC-00233,Roasted Almond Chocolate Filled Bar,North America,Mexico,Direct-to-Consumer,23,3.98,91.54
SALE-002526,2026-01-26,CHC-01133,Stevia Sweetened Sugar-Free Chocolate Drops,Europe,United Kingdom,E-Commerce,137,5.01,686.37
SALE-002527,2026-06-20,CHC-01349,Coconut White Chocolate Drops,North America,Mexico,Wholesale Distributor,3,3.37,10.11
SALE-002528,2026-05-12,CHC-00033,Single Origin Dark Chocolate Coated Nuts,Asia Pacific,China,Duty-Free,60,4.42,265.2
SALE-002529,2026-03-05,CHC-00625,Single Origin Dark Chocolate Gift Box,Middle East & Africa,Cote d'Ivoire,E-Commerce,5,3.49,17.45
SALE-002530,2025-09-24,CHC-00924,Tropical Mix Fruit & Nut Chocolate Wafer Bar,Asia Pacific,India,Duty-Free,83,4.2,348.6
SALE-002531,2026-04-13,CHC-00463,Praline Hazelnut Chocolate Coated Nuts,Latin America,Brazil,Duty-Free,30,3.93,117.9
SALE-002532,2026-05-14,CHC-00372,Tropical Mix Fruit & Nut Chocolate Truffle Box,Asia Pacific,Indonesia,Direct-to-Consumer,40,2.99,119.6
SALE-002533,2026-05-15,CHC-01284,Coconut Sugar Vegan Dark Chocolate Chips (Baking),Europe,Germany,E-Commerce,97,6.17,598.49
SALE-002534,2026-02-18,CHC-01182,Almond Crunch Chocolate Bar,Europe,Switzerland,Retail Store,36,5.3,190.8
SALE-002535,2026-05-01,CHC-00358,Organic Raw Cacao Chocolate Chips (Baking),Asia Pacific,China,Direct-to-Consumer,27,3.8,102.6
SALE-002536,2025-10-19,CHC-00441,Lemon Zest White Chocolate Coated Nuts,Middle East & Africa,Ghana,Direct-to-Consumer,33,3.61,119.13
SALE-002537,2026-07-17,CHC-00024,Coconut White Chocolate Truffle Box,Middle East & Africa,UAE,Duty-Free,8,4.24,33.92
SALE-002538,2026-07-07,CHC-01017,Vanilla Bean White Chocolate Drops,Latin America,Ecuador,Direct-to-Consumer,176,4.16,732.16
SALE-002539,2026-07-31,CHC-01475,Biscuit Milk Chocolate Drops,Europe,Belgium,Wholesale Distributor,68,2.35,159.8
SALE-002540,2026-05-23,CHC-00811,Berry Burst Ruby Chocolate Coated Nuts,Asia Pacific,Indonesia,Direct-to-Consumer,26,7.11,184.86
SALE-002541,2025-09-08,CHC-00069,Sea Salt Milk Chocolate Pralines,North America,Canada,E-Commerce,25,3.7,92.5
SALE-002542,2025-09-15,CHC-01311,Bakers Classic Compound Chocolate Pralines,Europe,Germany,E-Commerce,11,1.37,15.07
SALE-002543,2026-05-17,CHC-01046,Whole Hazelnut Chocolate Pralines,Europe,Belgium,Wholesale Distributor,39,5.19,202.41
SALE-002544,2026-01-24,CHC-01271,Roasted Almond Chocolate Drops,Europe,France,Duty-Free,46,4.43,203.78
SALE-002545,2026-06-20,CHC-00021,Espresso Infused Dark Chocolate Wafer Bar,Asia Pacific,Japan,Duty-Free,32,6.02,192.64
SALE-002546,2026-01-25,CHC-00342,Classic Milk Chocolate Drops,Asia Pacific,Indonesia,Duty-Free,34,3.29,111.86
SALE-002547,2025-10-14,CHC-01402,Plant-Based Classic Vegan Dark Chocolate Filled Bar,Europe,France,Wholesale Distributor,18,4.13,74.34
SALE-002548,2026-07-02,CHC-00088,Organic Fair-Trade Chocolate Bar,Asia Pacific,China,Wholesale Distributor,23,4.16,95.68
SALE-002549,2026-03-30,CHC-00764,Plant-Based Classic Vegan Dark Chocolate Pralines,Europe,France,E-Commerce,24,5.86,140.64
SALE-002550,2026-04-04,CHC-01491,Organic Raw Cacao Chocolate Pralines,Europe,Belgium,E-Commerce,9,6.19,55.71
SALE-002551,2026-07-31,CHC-00861,Tropical Mix Fruit & Nut Chocolate Squares,Europe,Italy,Duty-Free,12,5.23,62.76
SALE-002552,2026-01-03,CHC-00277,Espresso Infused Dark Chocolate Truffle Box,Latin America,Colombia,Wholesale Distributor,17,5.44,92.48
SALE-002553,2025-09-13,CHC-01077,Roasted Almond Chocolate Truffle Box,Latin America,Colombia,E-Commerce,41,4.68,191.88
SALE-002554,2026-07-08,CHC-01104,70% Intense Dark Chocolate Squares,Latin America,Colombia,Wholesale Distributor,309,4.33,1337.97
SALE-002555,2025-12-21,CHC-00751,Organic Raw Cacao Chocolate Truffle Box,North America,Mexico,Retail Store,42,6.06,254.52
SALE-002556,2025-11-03,CHC-00686,Praline Hazelnut Chocolate Squares,Europe,Netherlands,Retail Store,9,3.62,32.58
SALE-002557,2025-11-02,CHC-00080,Honeycomb Milk Chocolate Bar,Latin America,Brazil,Retail Store,10,3.31,33.1
SALE-002558,2026-04-19,CHC-00394,Classic Milk Chocolate Bar,Europe,Netherlands,Retail Store,60,4.35,261.0
SALE-002559,2026-04-08,CHC-00888,85% Extra Bold Dark Chocolate Pralines,Europe,Italy,Retail Store,27,4.42,119.34
SALE-002560,2025-08-22,CHC-01321,Sea Salt Caramel Chocolate Wafer Bar,Europe,France,Duty-Free,6,3.79,22.74
SALE-002561,2026-05-22,CHC-00870,Classic Milk Chocolate Bar,North America,Mexico,E-Commerce,44,2.74,120.56
SALE-002562,2026-01-11,CHC-01449,Berry Burst Ruby Chocolate Squares,Europe,France,Duty-Free,76,7.44,565.44
SALE-002563,2026-07-03,CHC-00139,Coconut White Chocolate Wafer Bar,Middle East & Africa,UAE,Direct-to-Consumer,37,4.47,165.39
SALE-002564,2026-06-22,CHC-00846,Sea Salt Milk Chocolate Filled Bar,Asia Pacific,Japan,Retail Store,14,4.45,62.3
SALE-002565,2026-04-09,CHC-01233,Cranberry Walnut Fruit & Nut Chocolate Chips (Baking),Europe,United Kingdom,Direct-to-Consumer,89,4.04,359.56
SALE-002566,2026-05-07,CHC-00222,Berry Burst Ruby Chocolate Wafer Bar,North America,Mexico,Direct-to-Consumer,45,7.84,352.8
SALE-002567,2026-05-05,CHC-00119,Soft Caramel Core Chocolate Coated Nuts,Europe,United Kingdom,Wholesale Distributor,107,3.45,369.15
SALE-002568,2026-02-11,CHC-00617,Organic Raw Cacao Chocolate Truffle Box,Asia Pacific,Indonesia,Duty-Free,12,7.22,86.64
SALE-002569,2025-11-14,CHC-01419,Plant-Based Classic Vegan Dark Chocolate Truffle Box,Europe,France,Duty-Free,15,3.86,57.9
SALE-002570,2026-07-23,CHC-01135,Praline Hazelnut Chocolate Truffle Box,Europe,Netherlands,Retail Store,18,4.87,87.66
SALE-002571,2025-11-02,CHC-00004,Cranberry Walnut Fruit & Nut Chocolate Pralines,Europe,Germany,E-Commerce,82,3.65,299.3
SALE-002572,2025-11-27,CHC-00770,Stevia Sweetened Sugar-Free Chocolate Squares,Europe,Germany,Retail Store,25,3.41,85.25
SALE-002573,2025-10-01,CHC-01112,Berry Burst Ruby Chocolate Chips (Baking),Europe,Belgium,Duty-Free,19,5.89,111.91
SALE-002574,2026-04-25,CHC-00684,Cranberry Walnut Fruit & Nut Chocolate Filled Bar,Latin America,Brazil,Retail Store,18,4.05,72.9
SALE-002575,2025-09-23,CHC-00994,85% Extra Bold Dark Chocolate Coated Nuts,Europe,France,Retail Store,10,5.2,52.0
SALE-002576,2026-04-26,CHC-00073,Classic Milk Chocolate Gift Box,Asia Pacific,India,Duty-Free,28,2.98,83.44
SALE-002577,2026-02-17,CHC-00032,Espresso Infused Dark Chocolate Truffle Box,Latin America,Peru,E-Commerce,19,5.34,101.46
SALE-002578,2026-05-16,CHC-01429,Coconut White Chocolate Wafer Bar,North America,Mexico,E-Commerce,9,3.49,31.41
SALE-002579,2025-10-04,CHC-01378,Whole Hazelnut Chocolate Squares,Europe,Switzerland,Retail Store,75,5.98,448.5
SALE-002580,2025-08-09,CHC-00376,Vanilla Bean White Chocolate Filled Bar,Latin America,Peru,Duty-Free,38,2.68,101.84
SALE-002581,2026-03-13,CHC-01252,Coconut White Chocolate Drops,Europe,Germany,E-Commerce,22,3.47,76.34
SALE-002582,2025-11-09,CHC-01003,Stevia Sweetened Sugar-Free Chocolate Coated Nuts,Europe,Belgium,Wholesale Distributor,18,4.73,85.14
SALE-002583,2026-01-03,CHC-01178,Organic Single Origin Chocolate Truffle Box,Latin America,Brazil,Direct-to-Consumer,18,6.84,123.12
SALE-002584,2026-02-11,CHC-00171,Honeycomb Milk Chocolate Drops,Asia Pacific,India,Duty-Free,27,3.05,82.35
SALE-002585,2025-08-29,CHC-00672,Biscuit Milk Chocolate Squares,North America,USA,Direct-to-Consumer,47,2.19,102.93
SALE-002586,2026-06-05,CHC-00795,Organic Single Origin Chocolate Coated Nuts,North America,Mexico,Duty-Free,12,6.4,76.8
SALE-002587,2025-12-13,CHC-01086,Honeycomb Milk Chocolate Filled Bar,Europe,Germany,Duty-Free,47,3.27,153.69
SALE-002588,2026-06-25,CHC-01399,Single Origin Dark Chocolate Coated Nuts,North America,Mexico,E-Commerce,38,4.39,166.82
SALE-002589,2025-08-05,CHC-00558,70% Intense Dark Chocolate Pralines,Europe,France,E-Commerce,127,4.0,508.0
SALE-002590,2026-04-07,CHC-00204,Stevia Sweetened Sugar-Free Chocolate Squares,Europe,Germany,E-Commerce,15,5.12,76.8
SALE-002591,2026-07-14,CHC-01037,Stevia Sweetened Sugar-Free Chocolate Bar,Asia Pacific,Australia,Duty-Free,121,4.66,563.86
SALE-002592,2026-04-27,CHC-01486,Classic Sugar-Free Chocolate Bar,North America,Canada,E-Commerce,25,3.16,79.0
SALE-002593,2025-11-26,CHC-00316,Organic Raw Cacao Chocolate Pralines,Latin America,Peru,E-Commerce,4,5.32,21.28
SALE-002594,2025-08-17,CHC-01119,70% Intense Dark Chocolate Wafer Bar,Asia Pacific,India,Duty-Free,91,5.94,540.54
SALE-002595,2026-06-29,CHC-00285,Soft Caramel Core Chocolate Truffle Box,Europe,Switzerland,Wholesale Distributor,6,2.81,16.86
SALE-002596,2026-01-13,CHC-01365,Confectionery Grade Compound Chocolate Drops,Latin America,Colombia,Retail Store,22,2.08,45.76
SALE-002597,2026-08-03,CHC-00736,Roasted Almond Chocolate Bar,North America,Canada,E-Commerce,28,5.05,141.4
SALE-002598,2025-11-10,CHC-00583,Original Ruby Chocolate Chips (Baking),Europe,Netherlands,Wholesale Distributor,33,7.23,238.59
SALE-002599,2025-09-21,CHC-01023,Confectionery Grade Compound Chocolate Chips (Baking),North America,USA,E-Commerce,9,1.87,16.83
SALE-002600,2026-03-18,CHC-00301,Single Origin Dark Chocolate Truffle Box,Asia Pacific,Australia,Duty-Free,37,3.97,146.89
SALE-002601,2026-01-24,CHC-01252,Coconut White Chocolate Drops,Europe,Germany,Duty-Free,37,3.47,128.39
SALE-002602,2026-05-18,CHC-01097,70% Intense Dark Chocolate Truffle Box,North America,USA,Duty-Free,9,2.91,26.19
SALE-002603,2025-12-09,CHC-00151,Almond Crunch Chocolate Gift Box,Asia Pacific,Japan,Duty-Free,10,3.44,34.4
SALE-002604,2026-02-28,CHC-00449,Raisin & Almond Fruit & Nut Chocolate Coated Nuts,North America,Canada,Direct-to-Consumer,59,5.05,297.95
SALE-002605,2026-03-02,CHC-01259,Classic Milk Chocolate Drops,North America,Mexico,Direct-to-Consumer,7,3.78,26.46
SALE-002606,2026-03-05,CHC-00894,Organic Raw Cacao Chocolate Squares,Europe,Italy,E-Commerce,15,6.75,101.25
SALE-002607,2026-01-08,CHC-01485,Espresso Infused Dark Chocolate Drops,Europe,Germany,Direct-to-Consumer,23,2.5,57.5
SALE-002608,2026-04-12,CHC-00589,Praline Hazelnut Chocolate Coated Nuts,Europe,Switzerland,Direct-to-Consumer,42,3.72,156.24
SALE-002609,2025-12-16,CHC-00243,Coconut Sugar Vegan Dark Chocolate Coated Nuts,Asia Pacific,Indonesia,Duty-Free,14,4.06,56.84
SALE-002610,2025-09-05,CHC-01470,Classic Milk Chocolate Drops,Europe,Germany,Duty-Free,4,2.22,8.88
SALE-002611,2026-03-08,CHC-00150,Coconut Sugar Vegan Dark Chocolate Chips (Baking),Middle East & Africa,Cote d'Ivoire,Retail Store,17,4.37,74.29
SALE-002612,2026-02-20,CHC-01037,Stevia Sweetened Sugar-Free Chocolate Bar,Asia Pacific,Australia,Wholesale Distributor,5,4.66,23.3
SALE-002613,2025-12-23,CHC-01491,Organic Raw Cacao Chocolate Pralines,Europe,Belgium,Retail Store,6,6.19,37.14
SALE-002614,2025-12-29,CHC-00363,Espresso Infused Dark Chocolate Filled Bar,Asia Pacific,India,Wholesale Distributor,38,3.28,124.64
SALE-002615,2026-01-08,CHC-01367,Tropical Mix Fruit & Nut Chocolate Chips (Baking),Europe,Italy,Duty-Free,22,3.71,81.62
SALE-002616,2025-08-08,CHC-00888,85% Extra Bold Dark Chocolate Pralines,Europe,Italy,Duty-Free,25,4.42,110.5
SALE-002617,2026-04-07,CHC-00655,Almond Crunch Chocolate Coated Nuts,Europe,Italy,Wholesale Distributor,15,5.35,80.25
SALE-002618,2025-10-29,CHC-00311,Classic Sugar-Free Chocolate Filled Bar,Asia Pacific,Japan,E-Commerce,8,3.36,26.88
SALE-002619,2025-08-23,CHC-00345,Honeycomb Milk Chocolate Squares,Europe,Belgium,Duty-Free,24,2.8,67.2
SALE-002620,2025-10-12,CHC-00015,85% Extra Bold Dark Chocolate Filled Bar,Asia Pacific,Japan,E-Commerce,80,5.24,419.2
SALE-002621,2025-11-27,CHC-00157,Raspberry Swirl White Chocolate Wafer Bar,North America,Mexico,Retail Store,80,2.08,166.4
SALE-002622,2025-11-16,CHC-01150,Oat Milk Blend Vegan Dark Chocolate Gift Box,Europe,Belgium,Wholesale Distributor,79,5.15,406.85
SALE-002623,2025-12-22,CHC-00838,Whole Hazelnut Chocolate Filled Bar,Middle East & Africa,UAE,E-Commerce,26,5.0,130.0
SALE-002624,2025-12-29,CHC-00418,Biscuit Milk Chocolate Coated Nuts,North America,USA,E-Commerce,71,2.56,181.76
SALE-002625,2026-05-05,CHC-01172,Bakers Classic Compound Chocolate Filled Bar,North America,Mexico,Wholesale Distributor,37,1.53,56.61
SALE-002626,2026-02-11,CHC-00439,Soft Caramel Core Chocolate Coated Nuts,Asia Pacific,China,Direct-to-Consumer,22,4.25,93.5
SALE-002627,2026-07-16,CHC-00028,Raspberry Swirl White Chocolate Gift Box,Europe,France,E-Commerce,11,2.57,28.27
SALE-002628,2026-02-08,CHC-00983,Biscuit Milk Chocolate Coated Nuts,Latin America,Brazil,Retail Store,78,2.53,197.34
SALE-002629,2026-06-18,CHC-01319,Raspberry Swirl White Chocolate Gift Box,North America,Canada,Duty-Free,61,4.02,245.22
SALE-002630,2026-05-09,CHC-00801,Biscuit Milk Chocolate Bar,Europe,Belgium,Retail Store,71,2.03,144.13
SALE-002631,2026-05-22,CHC-00850,Honeycomb Milk Chocolate Truffle Box,Asia Pacific,Australia,Direct-to-Consumer,34,2.22,75.48
SALE-002632,2026-04-24,CHC-01410,Sea Salt Caramel Chocolate Gift Box,Latin America,Brazil,Direct-to-Consumer,26,4.2,109.2
SALE-002633,2025-08-21,CHC-00741,Coconut White Chocolate Gift Box,Latin America,Colombia,Wholesale Distributor,9,4.06,36.54
SALE-002634,2026-07-05,CHC-00079,Classic Milk Chocolate Coated Nuts,Europe,France,Duty-Free,7,3.9,27.3
SALE-002635,2026-01-19,CHC-01083,Organic Fair-Trade Chocolate Truffle Box,Asia Pacific,India,Retail Store,38,6.81,258.78
SALE-002636,2026-02-12,CHC-01190,Classic Sugar-Free Chocolate Chips (Baking),Latin America,Brazil,Duty-Free,8,4.18,33.44
SALE-002637,2026-06-11,CHC-01175,Honeycomb Milk Chocolate Coated Nuts,Middle East & Africa,South Africa,Direct-to-Consumer,20,3.92,78.4
SALE-002638,2025-09-17,CHC-00859,Classic Milk Chocolate Gift Box,Europe,Belgium,Retail Store,26,4.34,112.84
SALE-002639,2025-10-30,CHC-00407,Organic Raw Cacao Chocolate Truffle Box,Europe,France,Retail Store,36,3.6,129.6
SALE-002640,2025-11-21,CHC-00512,Sea Salt Milk Chocolate Squares,Asia Pacific,Japan,E-Commerce,43,3.45,148.35
SALE-002641,2025-11-01,CHC-00998,Confectionery Grade Compound Chocolate Squares,Asia Pacific,Australia,E-Commerce,13,1.79,23.27
SALE-002642,2025-10-19,CHC-00131,Coconut White Chocolate Drops,North America,Canada,Direct-to-Consumer,29,2.68,77.72
SALE-002643,2026-02-26,CHC-00166,Coconut Sugar Vegan Dark Chocolate Squares,Asia Pacific,Japan,Direct-to-Consumer,18,3.41,61.38
SALE-002644,2025-11-12,CHC-01285,85% Extra Bold Dark Chocolate Wafer Bar,Europe,France,Duty-Free,38,5.44,206.72
SALE-002645,2026-02-22,CHC-00094,Bakers Classic Compound Chocolate Filled Bar,Latin America,Brazil,Wholesale Distributor,13,1.6,20.8
SALE-002646,2026-05-27,CHC-00549,Sea Salt Caramel Chocolate Gift Box,Europe,Netherlands,Retail Store,74,4.75,351.5
SALE-002647,2026-03-04,CHC-00317,70% Intense Dark Chocolate Bar,Latin America,Brazil,E-Commerce,7,4.91,34.37
SALE-002648,2026-04-26,CHC-00818,Stevia Sweetened Sugar-Free Chocolate Filled Bar,Europe,France,Direct-to-Consumer,15,3.6,54.0
SALE-002649,2026-07-08,CHC-01217,Roasted Almond Chocolate Truffle Box,North America,Canada,Wholesale Distributor,13,5.47,71.11
SALE-002650,2025-10-19,CHC-01152,Honeycomb Milk Chocolate Bar,Asia Pacific,Japan,Retail Store,11,3.81,41.91
SALE-002651,2025-08-25,CHC-00432,Espresso Infused Dark Chocolate Truffle Box,Europe,Italy,Duty-Free,41,5.29,216.89
SALE-002652,2025-10-08,CHC-00632,Honeycomb Milk Chocolate Bar,North America,Mexico,Retail Store,16,4.02,64.32
SALE-002653,2025-09-02,CHC-00389,Whole Hazelnut Chocolate Drops,Asia Pacific,Japan,E-Commerce,30,5.81,174.3
SALE-002654,2025-11-11,CHC-00152,Single Origin Dark Chocolate Chips (Baking),Europe,Belgium,Retail Store,47,4.59,215.73
SALE-002655,2025-11-22,CHC-01343,Gianduja Style Hazelnut Chocolate Drops,Europe,Switzerland,Duty-Free,19,5.6,106.4
SALE-002656,2025-08-30,CHC-00092,Praline Hazelnut Chocolate Squares,North America,Mexico,E-Commerce,41,5.78,236.98
SALE-002657,2026-06-22,CHC-01035,70% Intense Dark Chocolate Wafer Bar,North America,USA,Duty-Free,17,6.12,104.04
SALE-002658,2026-08-01,CHC-01033,Classic Milk Chocolate Chips (Baking),Asia Pacific,Japan,Duty-Free,35,3.17,110.95
SALE-002659,2026-06-03,CHC-00925,Oat Milk Blend Vegan Dark Chocolate Wafer Bar,North America,Canada,E-Commerce,16,4.16,66.56
SALE-002660,2026-06-25,CHC-00630,Espresso Infused Dark Chocolate Gift Box,Latin America,Ecuador,Retail Store,24,5.64,135.36
SALE-002661,2026-07-02,CHC-00980,Almond Crunch Chocolate Truffle Box,Europe,France,Direct-to-Consumer,14,4.2,58.8
SALE-002662,2025-10-28,CHC-01490,Confectionery Grade Compound Chocolate Truffle Box,North America,Mexico,Duty-Free,102,1.4,142.8
SALE-002663,2025-12-27,CHC-01372,Organic Fair-Trade Chocolate Squares,Europe,France,Retail Store,11,3.51,38.61
SALE-002664,2026-01-14,CHC-01203,Whole Hazelnut Chocolate Bar,Europe,Switzerland,E-Commerce,5,4.94,24.7
SALE-002665,2025-09-15,CHC-00145,Single Origin Dark Chocolate Truffle Box,Asia Pacific,India,E-Commerce,198,2.78,550.44
SALE-002666,2026-02-13,CHC-01188,Gianduja Style Hazelnut Chocolate Coated Nuts,Europe,Belgium,Retail Store,5,3.76,18.8
SALE-002667,2026-01-08,CHC-01262,Sea Salt Milk Chocolate Bar,North America,Canada,E-Commerce,8,2.14,17.12
SALE-002668,2026-06-17,CHC-00849,85% Extra Bold Dark Chocolate Filled Bar,Middle East & Africa,Cote d'Ivoire,Retail Store,12,3.76,45.12
SALE-002669,2025-09-06,CHC-00911,Berry Burst Ruby Chocolate Filled Bar,Latin America,Colombia,Wholesale Distributor,20,7.78,155.6
SALE-002670,2025-08-31,CHC-00118,70% Intense Dark Chocolate Wafer Bar,Asia Pacific,Australia,Retail Store,51,6.05,308.55
SALE-002671,2026-03-13,CHC-00882,Diabetic Friendly Sugar-Free Chocolate Pralines,Europe,Switzerland,Duty-Free,18,3.6,64.8
SALE-002672,2026-01-22,CHC-00247,Oat Milk Blend Vegan Dark Chocolate Bar,Asia Pacific,Indonesia,Wholesale Distributor,9,6.24,56.16
SALE-002673,2026-03-27,CHC-00566,Honeycomb Milk Chocolate Squares,North America,USA,E-Commerce,21,2.11,44.31
SALE-002674,2025-12-30,CHC-00682,Soft Caramel Core Chocolate Drops,Asia Pacific,Japan,Duty-Free,12,4.6,55.2
SALE-002675,2025-11-16,CHC-00362,Whole Hazelnut Chocolate Pralines,Europe,Germany,Wholesale Distributor,12,5.45,65.4
SALE-002676,2026-02-08,CHC-00767,70% Intense Dark Chocolate Bar,Latin America,Peru,Retail Store,12,6.24,74.88
SALE-002677,2025-12-14,CHC-00701,Original Ruby Chocolate Drops,Europe,Germany,E-Commerce,26,4.74,123.24
SALE-002678,2026-03-14,CHC-00949,Tropical Mix Fruit & Nut Chocolate Squares,Europe,Belgium,Direct-to-Consumer,148,4.38,648.24
SALE-002679,2025-09-23,CHC-01002,Stevia Sweetened Sugar-Free Chocolate Pralines,Europe,Switzerland,Retail Store,4,3.33,13.32
SALE-002680,2026-06-25,CHC-00123,Vanilla Bean White Chocolate Gift Box,Middle East & Africa,Cote d'Ivoire,Retail Store,93,2.06,191.58
SALE-002681,2026-08-01,CHC-00981,Classic Milk Chocolate Truffle Box,Europe,Switzerland,Duty-Free,75,4.49,336.75
SALE-002682,2025-11-23,CHC-01344,Lemon Zest White Chocolate Coated Nuts,Europe,Italy,Wholesale Distributor,12,2.79,33.48
SALE-002683,2025-08-21,CHC-00197,Citrus Ruby Chocolate Filled Bar,Europe,Switzerland,E-Commerce,29,6.42,186.18
SALE-002684,2026-04-10,CHC-00815,Honeycomb Milk Chocolate Chips (Baking),Europe,Belgium,E-Commerce,11,3.1,34.1
SALE-002685,2026-06-24,CHC-00991,Espresso Infused Dark Chocolate Filled Bar,Latin America,Colombia,Direct-to-Consumer,44,5.02,220.88
SALE-002686,2026-03-19,CHC-00056,Honeycomb Milk Chocolate Bar,Europe,Germany,E-Commerce,14,3.2,44.8
SALE-002687,2025-08-26,CHC-00279,Lemon Zest White Chocolate Coated Nuts,Europe,Netherlands,Retail Store,12,4.07,48.84
SALE-002688,2026-02-09,CHC-00431,Salted Butter Caramel Chocolate Coated Nuts,Europe,Belgium,E-Commerce,20,4.43,88.6
SALE-002689,2025-09-14,CHC-00854,Salted Butter Caramel Chocolate Pralines,Europe,Netherlands,Wholesale Distributor,3,4.47,13.41
SALE-002690,2025-12-12,CHC-00867,Whole Hazelnut Chocolate Filled Bar,Europe,Germany,Duty-Free,193,3.41,658.13
SALE-002691,2026-02-17,CHC-00937,Citrus Ruby Chocolate Gift Box,Latin America,Ecuador,Direct-to-Consumer,42,5.0,210.0
SALE-002692,2025-12-26,CHC-00802,Single Origin Dark Chocolate Gift Box,Middle East & Africa,UAE,Duty-Free,59,5.1,300.9
SALE-002693,2025-08-30,CHC-00968,Organic Single Origin Chocolate Gift Box,Asia Pacific,Australia,Retail Store,23,5.19,119.37
SALE-002694,2026-02-11,CHC-00714,Espresso Infused Dark Chocolate Squares,Middle East & Africa,South Africa,E-Commerce,72,3.12,224.64
SALE-002695,2025-10-27,CHC-00511,Soft Caramel Core Chocolate Coated Nuts,Latin America,Ecuador,Duty-Free,36,3.92,141.12
SALE-002696,2026-05-01,CHC-00168,Original Ruby Chocolate Drops,Asia Pacific,India,E-Commerce,8,4.59,36.72
SALE-002697,2025-09-30,CHC-01201,85% Extra Bold Dark Chocolate Gift Box,Europe,Belgium,Wholesale Distributor,22,4.63,101.86
SALE-002698,2026-01-13,CHC-00342,Classic Milk Chocolate Drops,Asia Pacific,Indonesia,Wholesale Distributor,36,3.29,118.44
SALE-002699,2026-05-03,CHC-00043,Soft Caramel Core Chocolate Coated Nuts,Europe,France,E-Commerce,58,2.94,170.52
SALE-002700,2025-12-29,CHC-00725,Organic Raw Cacao Chocolate Wafer Bar,North America,Mexico,E-Commerce,10,7.27,72.7
SALE-002701,2026-04-07,CHC-00765,Confectionery Grade Compound Chocolate Coated Nuts,Latin America,Colombia,Retail Store,143,1.57,224.51
SALE-002702,2026-02-19,CHC-01339,Roasted Almond Chocolate Gift Box,Asia Pacific,Australia,Duty-Free,9,5.47,49.23
SALE-002703,2025-10-03,CHC-00343,Tropical Mix Fruit & Nut Chocolate Wafer Bar,Latin America,Brazil,Wholesale Distributor,8,3.42,27.36
SALE-002704,2026-06-12,CHC-00845,Gianduja Style Hazelnut Chocolate Pralines,Europe,France,Direct-to-Consumer,73,5.23,381.79
SALE-002705,2026-01-30,CHC-00954,Whole Hazelnut Chocolate Wafer Bar,Asia Pacific,China,E-Commerce,40,3.67,146.8
SALE-002706,2026-03-21,CHC-01283,Sea Salt Caramel Chocolate Squares,Middle East & Africa,South Africa,E-Commerce,39,3.38,131.82
SALE-002707,2025-09-15,CHC-00968,Organic Single Origin Chocolate Gift Box,Asia Pacific,Australia,Retail Store,20,5.19,103.8
SALE-002708,2026-02-25,CHC-00490,Soft Caramel Core Chocolate Pralines,Europe,Belgium,Direct-to-Consumer,31,3.65,113.15
SALE-002709,2026-06-05,CHC-00326,Roasted Almond Chocolate Chips (Baking),Middle East & Africa,Ghana,Retail Store,77,3.81,293.37
SALE-002710,2025-11-08,CHC-00996,Stevia Sweetened Sugar-Free Chocolate Wafer Bar,Middle East & Africa,UAE,Direct-to-Consumer,13,5.88,76.44
SALE-002711,2026-01-24,CHC-01255,Biscuit Milk Chocolate Squares,Europe,United Kingdom,Duty-Free,18,3.07,55.26
SALE-002712,2026-05-14,CHC-01129,Vanilla Bean White Chocolate Truffle Box,Asia Pacific,Australia,E-Commerce,19,2.31,43.89
SALE-002713,2025-11-05,CHC-01250,Organic Single Origin Chocolate Bar,Middle East & Africa,Cote d'Ivoire,Retail Store,114,3.77,429.78
SALE-002714,2025-12-21,CHC-00666,Soft Caramel Core Chocolate Chips (Baking),Middle East & Africa,Cote d'Ivoire,Wholesale Distributor,29,4.38,127.02
SALE-002715,2026-05-20,CHC-01420,85% Extra Bold Dark Chocolate Gift Box,Europe,Belgium,E-Commerce,11,5.88,64.68
SALE-002716,2026-03-05,CHC-01382,Almond Crunch Chocolate Drops,Europe,France,Wholesale Distributor,31,4.68,145.08
SALE-002717,2025-09-25,CHC-01330,Praline Hazelnut Chocolate Chips (Baking),North America,USA,Wholesale Distributor,23,3.51,80.73
SALE-002718,2026-07-08,CHC-00162,Biscuit Milk Chocolate Filled Bar,Europe,Belgium,Duty-Free,10,2.71,27.1
SALE-002719,2025-12-15,CHC-00010,70% Intense Dark Chocolate Gift Box,Europe,Belgium,Retail Store,17,3.29,55.93
SALE-002720,2026-02-14,CHC-00447,Espresso Infused Dark Chocolate Gift Box,Asia Pacific,Australia,Wholesale Distributor,25,5.31,132.75
SALE-002721,2026-01-25,CHC-00009,Confectionery Grade Compound Chocolate Drops,Europe,Germany,Duty-Free,24,1.57,37.68
SALE-002722,2026-06-14,CHC-00895,Citrus Ruby Chocolate Filled Bar,Asia Pacific,Australia,E-Commerce,58,6.92,401.36
SALE-002723,2026-02-16,CHC-01350,Tropical Mix Fruit & Nut Chocolate Gift Box,North America,USA,Duty-Free,82,4.06,332.92
SALE-002724,2026-05-17,CHC-01251,Biscuit Milk Chocolate Drops,Asia Pacific,India,Direct-to-Consumer,54,3.27,176.58
SALE-002725,2026-06-22,CHC-00205,Salted Butter Caramel Chocolate Squares,Europe,France,Wholesale Distributor,26,2.79,72.54
SALE-002726,2026-06-13,CHC-00654,Espresso Infused Dark Chocolate Filled Bar,Europe,France,E-Commerce,29,5.62,162.98
SALE-002727,2025-10-14,CHC-00644,Almond Crunch Chocolate Truffle Box,Middle East & Africa,Ghana,Direct-to-Consumer,7,5.29,37.03
SALE-002728,2026-03-24,CHC-00056,Honeycomb Milk Chocolate Bar,Europe,Germany,Wholesale Distributor,14,3.2,44.8
SALE-002729,2025-08-22,CHC-00746,Gianduja Style Hazelnut Chocolate Bar,North America,USA,Direct-to-Consumer,7,4.48,31.36
SALE-002730,2026-07-09,CHC-01070,Classic Sugar-Free Chocolate Gift Box,Middle East & Africa,Cote d'Ivoire,Wholesale Distributor,29,3.13,90.77
SALE-002731,2026-04-09,CHC-01374,Marzipan Style Almond Chocolate Wafer Bar,Europe,Germany,E-Commerce,32,3.08,98.56
SALE-002732,2025-12-10,CHC-00162,Biscuit Milk Chocolate Filled Bar,Europe,Belgium,Wholesale Distributor,35,2.71,94.85
SALE-002733,2026-05-10,CHC-01189,Citrus Ruby Chocolate Gift Box,Europe,United Kingdom,Wholesale Distributor,8,6.96,55.68
SALE-002734,2026-01-20,CHC-01499,Organic Single Origin Chocolate Squares,Asia Pacific,China,E-Commerce,20,3.63,72.6
SALE-002735,2026-03-10,CHC-01174,Biscuit Milk Chocolate Coated Nuts,Asia Pacific,Australia,Direct-to-Consumer,39,3.61,140.79
SALE-002736,2025-12-26,CHC-00572,Organic Single Origin Chocolate Wafer Bar,Europe,Belgium,Retail Store,15,5.8,87.0
SALE-002737,2026-01-12,CHC-01107,Gianduja Style Hazelnut Chocolate Drops,Europe,Switzerland,Wholesale Distributor,14,5.04,70.56
SALE-002738,2025-10-08,CHC-00979,70% Intense Dark Chocolate Coated Nuts,Asia Pacific,Australia,E-Commerce,22,3.36,73.92
SALE-002739,2025-12-13,CHC-00755,Original Ruby Chocolate Squares,Asia Pacific,Australia,Duty-Free,56,4.87,272.72
SALE-002740,2026-07-31,CHC-00506,Gianduja Style Hazelnut Chocolate Filled Bar,Asia Pacific,China,E-Commerce,78,4.07,317.46
SALE-002741,2026-03-27,CHC-01415,Classic Sugar-Free Chocolate Drops,Middle East & Africa,South Africa,Wholesale Distributor,33,4.72,155.76
SALE-002742,2026-04-13,CHC-01306,Classic Milk Chocolate Bar,North America,USA,Duty-Free,31,4.49,139.19
SALE-002743,2026-01-05,CHC-00674,Espresso Infused Dark Chocolate Filled Bar,Latin America,Colombia,Direct-to-Consumer,44,3.7,162.8
SALE-002744,2025-10-26,CHC-00128,Berry Burst Ruby Chocolate Truffle Box,Asia Pacific,Australia,Direct-to-Consumer,75,6.86,514.5
SALE-002745,2026-02-08,CHC-00318,Espresso Infused Dark Chocolate Wafer Bar,Middle East & Africa,South Africa,Retail Store,6,5.56,33.36
SALE-002746,2026-06-03,CHC-00124,Gianduja Style Hazelnut Chocolate Gift Box,Europe,Germany,Direct-to-Consumer,4,4.37,17.48
SALE-002747,2025-10-30,CHC-00405,Organic Raw Cacao Chocolate Squares,Europe,Netherlands,E-Commerce,60,4.97,298.2
SALE-002748,2025-09-08,CHC-00662,Espresso Infused Dark Chocolate Drops,Middle East & Africa,Cote d'Ivoire,Wholesale Distributor,45,2.88,129.6
SALE-002749,2026-01-12,CHC-00855,Coconut Sugar Vegan Dark Chocolate Gift Box,Europe,Switzerland,Direct-to-Consumer,22,3.48,76.56
SALE-002750,2026-06-15,CHC-01200,Gianduja Style Hazelnut Chocolate Pralines,Middle East & Africa,Cote d'Ivoire,Duty-Free,17,3.68,62.56
SALE-002751,2026-04-10,CHC-00736,Roasted Almond Chocolate Bar,North America,Canada,E-Commerce,25,5.05,126.25
SALE-002752,2026-04-20,CHC-01358,Marzipan Style Almond Chocolate Truffle Box,Europe,Germany,Direct-to-Consumer,4,4.76,19.04
SALE-002753,2025-10-01,CHC-00297,Classic Milk Chocolate Truffle Box,Europe,Belgium,Duty-Free,7,3.31,23.17
SALE-002754,2025-12-19,CHC-00412,Single Origin Dark Chocolate Bar,North America,Canada,Direct-to-Consumer,43,3.51,150.93
SALE-002755,2026-04-27,CHC-00272,Cranberry Walnut Fruit & Nut Chocolate Pralines,Latin America,Peru,Retail Store,6,3.96,23.76
SALE-002756,2025-10-04,CHC-00386,Original Ruby Chocolate Truffle Box,Europe,Belgium,E-Commerce,20,6.23,124.6
SALE-002757,2026-02-27,CHC-00791,Single Origin Dark Chocolate Bar,Europe,United Kingdom,Retail Store,16,4.66,74.56
SALE-002758,2026-05-01,CHC-01152,Honeycomb Milk Chocolate Bar,Asia Pacific,Japan,Direct-to-Consumer,28,3.81,106.68
SALE-002759,2026-06-03,CHC-00308,Espresso Infused Dark Chocolate Drops,Asia Pacific,India,Wholesale Distributor,16,3.07,49.12
SALE-002760,2026-01-08,CHC-00210,Diabetic Friendly Sugar-Free Chocolate Squares,Asia Pacific,Australia,Direct-to-Consumer,23,3.49,80.27
SALE-002761,2026-07-27,CHC-01346,Whole Hazelnut Chocolate Truffle Box,Europe,Germany,Direct-to-Consumer,52,3.1,161.2
SALE-002762,2025-09-12,CHC-00479,Salted Butter Caramel Chocolate Coated Nuts,Asia Pacific,Japan,Direct-to-Consumer,51,4.26,217.26
SALE-002763,2026-08-02,CHC-00511,Soft Caramel Core Chocolate Coated Nuts,Latin America,Ecuador,Direct-to-Consumer,34,3.92,133.28
SALE-002764,2025-11-24,CHC-00230,Sea Salt Caramel Chocolate Squares,Middle East & Africa,Ghana,Retail Store,8,2.66,21.28
SALE-002765,2026-04-16,CHC-00016,Classic Milk Chocolate Coated Nuts,Europe,Netherlands,Wholesale Distributor,20,2.74,54.8
SALE-002766,2026-02-26,CHC-01127,85% Extra Bold Dark Chocolate Drops,Latin America,Brazil,E-Commerce,9,3.15,28.35
SALE-002767,2025-08-23,CHC-00531,Bakers Classic Compound Chocolate Bar,Europe,Switzerland,E-Commerce,21,1.49,31.29
SALE-002768,2026-05-12,CHC-00363,Espresso Infused Dark Chocolate Filled Bar,Asia Pacific,India,E-Commerce,125,3.28,410.0
SALE-002769,2025-10-21,CHC-01235,Stevia Sweetened Sugar-Free Chocolate Pralines,North America,Mexico,Wholesale Distributor,30,5.98,179.4
SALE-002770,2026-01-13,CHC-00865,Sea Salt Milk Chocolate Coated Nuts,Middle East & Africa,Cote d'Ivoire,Duty-Free,72,3.68,264.96
SALE-002771,2026-01-30,CHC-00044,Raspberry Swirl White Chocolate Chips (Baking),Europe,France,Retail Store,41,4.17,170.97
SALE-002772,2026-06-04,CHC-01186,Tropical Mix Fruit & Nut Chocolate Squares,Latin America,Ecuador,Duty-Free,14,5.35,74.9
SALE-002773,2025-11-07,CHC-01256,Sea Salt Caramel Chocolate Pralines,Latin America,Peru,E-Commerce,16,2.87,45.92
SALE-002774,2026-07-20,CHC-01481,Cranberry Walnut Fruit & Nut Chocolate Truffle Box,Latin America,Colombia,Duty-Free,22,3.4,74.8
SALE-002775,2026-01-12,CHC-00101,Biscuit Milk Chocolate Gift Box,Europe,Belgium,Duty-Free,14,4.33,60.62
SALE-002776,2025-09-26,CHC-00668,85% Extra Bold Dark Chocolate Chips (Baking),Middle East & Africa,Cote d'Ivoire,E-Commerce,51,3.83,195.33
SALE-002777,2026-01-02,CHC-00014,Sea Salt Milk Chocolate Chips (Baking),Europe,France,Retail Store,30,2.09,62.7
SALE-002778,2026-05-30,CHC-01147,Confectionery Grade Compound Chocolate Gift Box,Latin America,Ecuador,Wholesale Distributor,26,1.3,33.8
SALE-002779,2026-04-19,CHC-00977,Single Origin Dark Chocolate Chips (Baking),Middle East & Africa,South Africa,Retail Store,14,4.8,67.2
SALE-002780,2026-08-02,CHC-00483,Biscuit Milk Chocolate Truffle Box,North America,Mexico,Duty-Free,28,2.72,76.16
SALE-002781,2026-07-27,CHC-01392,Organic Single Origin Chocolate Wafer Bar,Europe,Switzerland,Wholesale Distributor,71,6.56,465.76
SALE-002782,2025-11-02,CHC-01407,Tropical Mix Fruit & Nut Chocolate Truffle Box,Europe,United Kingdom,Wholesale Distributor,11,4.59,50.49
SALE-002783,2026-05-09,CHC-00055,Classic Milk Chocolate Drops,North America,USA,Retail Store,13,2.37,30.81
SALE-002784,2026-03-16,CHC-00158,Classic Sugar-Free Chocolate Filled Bar,Asia Pacific,Indonesia,Wholesale Distributor,13,4.76,61.88
SALE-002785,2026-07-02,CHC-00248,Confectionery Grade Compound Chocolate Gift Box,Latin America,Ecuador,Duty-Free,7,2.31,16.17
SALE-002786,2026-03-19,CHC-00795,Organic Single Origin Chocolate Coated Nuts,North America,Mexico,Direct-to-Consumer,15,6.4,96.0
SALE-002787,2026-06-05,CHC-01389,Berry Burst Ruby Chocolate Bar,Asia Pacific,China,Wholesale Distributor,49,4.65,227.85
SALE-002788,2026-04-04,CHC-00266,Confectionery Grade Compound Chocolate Wafer Bar,North America,Mexico,Direct-to-Consumer,5,2.33,11.65
SALE-002789,2026-01-16,CHC-00899,Single Origin Dark Chocolate Pralines,North America,USA,Duty-Free,10,2.93,29.3
SALE-002790,2026-02-25,CHC-00613,Marzipan Style Almond Chocolate Wafer Bar,North America,USA,Wholesale Distributor,15,4.96,74.4
SALE-002791,2025-11-21,CHC-00739,85% Extra Bold Dark Chocolate Coated Nuts,Asia Pacific,India,Retail Store,6,5.26,31.56
SALE-002792,2025-10-31,CHC-00622,Value Pack Compound Chocolate Gift Box,Middle East & Africa,Cote d'Ivoire,E-Commerce,13,1.99,25.87
SALE-002793,2026-05-28,CHC-00972,Single Origin Dark Chocolate Wafer Bar,Asia Pacific,Japan,E-Commerce,68,5.81,395.08
SALE-002794,2025-11-08,CHC-00059,Value Pack Compound Chocolate Gift Box,North America,Mexico,E-Commerce,8,1.28,10.24
SALE-002795,2025-11-03,CHC-00642,Sea Salt Milk Chocolate Squares,Latin America,Brazil,E-Commerce,16,2.41,38.56
SALE-002796,2025-09-20,CHC-00841,Organic Raw Cacao Chocolate Squares,Europe,Germany,Direct-to-Consumer,6,3.8,22.8
SALE-002797,2025-09-23,CHC-00253,Praline Hazelnut Chocolate Pralines,Asia Pacific,Australia,Retail Store,75,5.94,445.5
SALE-002798,2026-03-25,CHC-01325,Honeycomb Milk Chocolate Truffle Box,North America,USA,Duty-Free,69,2.36,162.84
SALE-002799,2025-11-29,CHC-00503,Honeycomb Milk Chocolate Drops,Middle East & Africa,Cote d'Ivoire,E-Commerce,22,3.74,82.28
SALE-002800,2026-05-18,CHC-01383,70% Intense Dark Chocolate Filled Bar,Europe,Italy,Direct-to-Consumer,46,3.38,155.48
SALE-002801,2026-07-04,CHC-01055,85% Extra Bold Dark Chocolate Pralines,Europe,Switzerland,Wholesale Distributor,15,3.57,53.55
SALE-002802,2026-01-25,CHC-00221,Diabetic Friendly Sugar-Free Chocolate Pralines,North America,Mexico,Direct-to-Consumer,43,4.91,211.13
SALE-002803,2025-10-08,CHC-00144,Roasted Almond Chocolate Pralines,Middle East & Africa,Ghana,Direct-to-Consumer,17,3.96,67.32
SALE-002804,2025-12-11,CHC-00031,Almond Crunch Chocolate Filled Bar,North America,USA,Direct-to-Consumer,54,3.96,213.84
SALE-002805,2025-12-24,CHC-01190,Classic Sugar-Free Chocolate Chips (Baking),Latin America,Brazil,Direct-to-Consumer,23,4.18,96.14
SALE-002806,2025-09-26,CHC-00890,85% Extra Bold Dark Chocolate Drops,Middle East & Africa,South Africa,Retail Store,48,6.21,298.08
SALE-002807,2025-09-07,CHC-01088,Praline Hazelnut Chocolate Wafer Bar,North America,Canada,E-Commerce,53,3.28,173.84
SALE-002808,2025-08-23,CHC-01295,Organic Raw Cacao Chocolate Bar,Asia Pacific,Japan,Wholesale Distributor,153,6.2,948.6
SALE-002809,2025-10-14,CHC-00842,Oat Milk Blend Vegan Dark Chocolate Drops,Latin America,Peru,Wholesale Distributor,8,3.32,26.56
SALE-002810,2026-05-24,CHC-01366,Cranberry Walnut Fruit & Nut Chocolate Chips (Baking),Asia Pacific,Japan,Wholesale Distributor,36,3.96,142.56
SALE-002811,2025-09-18,CHC-00799,Vanilla Bean White Chocolate Coated Nuts,North America,USA,Direct-to-Consumer,19,3.48,66.12
SALE-002812,2026-01-19,CHC-01162,Stevia Sweetened Sugar-Free Chocolate Squares,Europe,Germany,Retail Store,12,5.63,67.56
SALE-002813,2025-09-17,CHC-01418,Coconut White Chocolate Pralines,North America,Canada,Retail Store,48,3.43,164.64
SALE-002814,2026-05-17,CHC-00598,Confectionery Grade Compound Chocolate Bar,Latin America,Ecuador,E-Commerce,19,1.72,32.68
SALE-002815,2026-04-25,CHC-01284,Coconut Sugar Vegan Dark Chocolate Chips (Baking),Europe,Germany,Direct-to-Consumer,23,6.17,141.91
SALE-002816,2026-01-01,CHC-01280,Stevia Sweetened Sugar-Free Chocolate Coated Nuts,Europe,Belgium,Retail Store,24,5.17,124.08
SALE-002817,2025-11-15,CHC-01123,Bakers Classic Compound Chocolate Truffle Box,Middle East & Africa,UAE,Direct-to-Consumer,4,2.37,9.48
SALE-002818,2025-11-23,CHC-00392,Confectionery Grade Compound Chocolate Coated Nuts,North America,Canada,Direct-to-Consumer,15,2.1,31.5
SALE-002819,2025-12-29,CHC-00288,Original Ruby Chocolate Coated Nuts,North America,Mexico,Duty-Free,10,7.15,71.5
SALE-002820,2026-02-17,CHC-00775,Sea Salt Caramel Chocolate Chips (Baking),Latin America,Brazil,Direct-to-Consumer,4,4.29,17.16
SALE-002821,2026-07-28,CHC-00438,Bakers Classic Compound Chocolate Truffle Box,Europe,Switzerland,E-Commerce,6,1.29,7.74
SALE-002822,2026-03-21,CHC-00833,Cranberry Walnut Fruit & Nut Chocolate Drops,North America,USA,Wholesale Distributor,33,4.68,154.44
SALE-002823,2026-04-30,CHC-00665,Single Origin Dark Chocolate Bar,North America,Canada,Wholesale Distributor,30,3.37,101.1
SALE-002824,2026-04-15,CHC-01028,Sea Salt Milk Chocolate Pralines,Europe,Netherlands,Wholesale Distributor,6,2.88,17.28
SALE-002825,2026-07-03,CHC-00252,70% Intense Dark Chocolate Drops,Europe,France,Wholesale Distributor,111,4.98,552.78
SALE-002826,2026-02-11,CHC-00136,Espresso Infused Dark Chocolate Truffle Box,Europe,United Kingdom,Retail Store,6,2.91,17.46
SALE-002827,2026-01-25,CHC-00267,Biscuit Milk Chocolate Coated Nuts,Asia Pacific,China,Retail Store,42,4.44,186.48
SALE-002828,2025-11-04,CHC-00801,Biscuit Milk Chocolate Bar,Europe,Belgium,Duty-Free,27,2.03,54.81
SALE-002829,2025-09-19,CHC-01360,Cranberry Walnut Fruit & Nut Chocolate Gift Box,Europe,Italy,Duty-Free,62,3.86,239.32
SALE-002830,2026-05-28,CHC-00276,Oat Milk Blend Vegan Dark Chocolate Coated Nuts,North America,Canada,Duty-Free,49,3.42,167.58
SALE-002831,2026-04-29,CHC-01192,70% Intense Dark Chocolate Coated Nuts,Asia Pacific,China,Retail Store,20,4.22,84.4
SALE-002832,2026-06-20,CHC-01302,Vanilla Bean White Chocolate Chips (Baking),Latin America,Colombia,Duty-Free,13,2.21,28.73
SALE-002833,2025-11-13,CHC-00307,Bakers Classic Compound Chocolate Wafer Bar,Europe,Belgium,Wholesale Distributor,13,1.26,16.38
SALE-002834,2026-06-02,CHC-00019,Biscuit Milk Chocolate Gift Box,Europe,France,Retail Store,28,3.57,99.96
SALE-002835,2026-07-01,CHC-00020,Lemon Zest White Chocolate Chips (Baking),Europe,Switzerland,E-Commerce,11,4.46,49.06
SALE-002836,2025-10-08,CHC-00216,Raspberry Swirl White Chocolate Bar,North America,Mexico,Duty-Free,10,3.09,30.9
SALE-002837,2025-12-12,CHC-00657,Coconut White Chocolate Filled Bar,Europe,Netherlands,Direct-to-Consumer,13,4.46,57.98
SALE-002838,2026-03-14,CHC-01424,Organic Single Origin Chocolate Coated Nuts,Latin America,Ecuador,Direct-to-Consumer,13,3.82,49.66
SALE-002839,2025-10-22,CHC-00137,Organic Raw Cacao Chocolate Bar,North America,Mexico,Wholesale Distributor,16,6.47,103.52
SALE-002840,2026-06-11,CHC-00932,Diabetic Friendly Sugar-Free Chocolate Coated Nuts,Europe,United Kingdom,Direct-to-Consumer,15,3.12,46.8
SALE-002841,2025-08-23,CHC-01136,Salted Butter Caramel Chocolate Pralines,Latin America,Colombia,Direct-to-Consumer,26,2.9,75.4
SALE-002842,2026-04-08,CHC-01443,Plant-Based Classic Vegan Dark Chocolate Drops,Europe,Switzerland,Direct-to-Consumer,31,5.56,172.36
SALE-002843,2025-10-06,CHC-01202,85% Extra Bold Dark Chocolate Coated Nuts,Asia Pacific,Australia,Direct-to-Consumer,50,6.0,300.0
SALE-002844,2025-11-07,CHC-00491,85% Extra Bold Dark Chocolate Pralines,Middle East & Africa,Cote d'Ivoire,Duty-Free,21,5.52,115.92
SALE-002845,2026-07-16,CHC-00478,Value Pack Compound Chocolate Squares,Europe,Belgium,Wholesale Distributor,27,1.27,34.29
SALE-002846,2026-02-15,CHC-00008,Plant-Based Classic Vegan Dark Chocolate Drops,Europe,Switzerland,Direct-to-Consumer,40,6.06,242.4
SALE-002847,2025-11-29,CHC-00176,85% Extra Bold Dark Chocolate Drops,Middle East & Africa,Ghana,E-Commerce,13,3.82,49.66
SALE-002848,2026-05-16,CHC-00443,Tropical Mix Fruit & Nut Chocolate Gift Box,North America,USA,Direct-to-Consumer,5,4.48,22.4
SALE-002849,2026-07-18,CHC-01395,Espresso Infused Dark Chocolate Squares,Asia Pacific,China,Direct-to-Consumer,22,6.25,137.5
SALE-002850,2026-03-27,CHC-01119,70% Intense Dark Chocolate Wafer Bar,Asia Pacific,India,Direct-to-Consumer,43,5.94,255.42
SALE-002851,2025-12-16,CHC-01156,Single Origin Dark Chocolate Coated Nuts,North America,Canada,Duty-Free,41,5.51,225.91
SALE-002852,2026-04-19,CHC-00024,Coconut White Chocolate Truffle Box,Middle East & Africa,UAE,Wholesale Distributor,10,4.24,42.4
SALE-002853,2025-11-18,CHC-00266,Confectionery Grade Compound Chocolate Wafer Bar,North America,Mexico,Direct-to-Consumer,8,2.33,18.64
SALE-002854,2026-06-08,CHC-00127,Marzipan Style Almond Chocolate Gift Box,Europe,Belgium,Duty-Free,2,5.17,10.34
SALE-002855,2025-11-24,CHC-00396,Raspberry Swirl White Chocolate Wafer Bar,Europe,Netherlands,Duty-Free,42,3.3,138.6
SALE-002856,2025-11-10,CHC-00701,Original Ruby Chocolate Drops,Europe,Germany,Duty-Free,53,4.74,251.22
SALE-002857,2025-09-21,CHC-00197,Citrus Ruby Chocolate Filled Bar,Europe,Switzerland,Duty-Free,13,6.42,83.46
SALE-002858,2026-01-08,CHC-00410,Tropical Mix Fruit & Nut Chocolate Coated Nuts,Asia Pacific,Australia,Wholesale Distributor,20,3.79,75.8
SALE-002859,2026-03-17,CHC-00137,Organic Raw Cacao Chocolate Bar,North America,Mexico,Duty-Free,114,6.47,737.58
SALE-002860,2025-12-23,CHC-00980,Almond Crunch Chocolate Truffle Box,Europe,France,E-Commerce,61,4.2,256.2
SALE-002861,2025-12-08,CHC-01297,Sea Salt Milk Chocolate Pralines,North America,Canada,Wholesale Distributor,19,2.51,47.69
SALE-002862,2026-07-19,CHC-00064,Citrus Ruby Chocolate Pralines,North America,Mexico,Wholesale Distributor,26,5.71,148.46
SALE-002863,2025-09-20,CHC-01125,Plant-Based Classic Vegan Dark Chocolate Filled Bar,North America,Canada,Direct-to-Consumer,62,4.65,288.3
SALE-002864,2025-10-03,CHC-00923,Sea Salt Caramel Chocolate Chips (Baking),Latin America,Colombia,E-Commerce,96,3.64,349.44
SALE-002865,2025-12-03,CHC-00422,Biscuit Milk Chocolate Squares,Europe,France,E-Commerce,10,2.07,20.7
SALE-002866,2025-08-27,CHC-00260,Honeycomb Milk Chocolate Drops,North America,Canada,Duty-Free,28,3.69,103.32
SALE-002867,2025-09-13,CHC-01137,Classic Sugar-Free Chocolate Drops,Latin America,Brazil,Wholesale Distributor,35,3.63,127.05
SALE-002868,2026-06-06,CHC-00335,Soft Caramel Core Chocolate Drops,Europe,Switzerland,Direct-to-Consumer,32,4.37,139.84
SALE-002869,2026-03-01,CHC-00370,85% Extra Bold Dark Chocolate Squares,Asia Pacific,Indonesia,Retail Store,29,4.27,123.83
SALE-002870,2026-05-02,CHC-01098,Classic Sugar-Free Chocolate Chips (Baking),Europe,Switzerland,Duty-Free,19,3.8,72.2
SALE-002871,2025-08-29,CHC-01033,Classic Milk Chocolate Chips (Baking),Asia Pacific,Japan,Duty-Free,18,3.17,57.06
SALE-002872,2025-10-06,CHC-00552,Whole Hazelnut Chocolate Truffle Box,Middle East & Africa,Cote d'Ivoire,Direct-to-Consumer,9,5.09,45.81
SALE-002873,2025-11-28,CHC-01009,85% Extra Bold Dark Chocolate Filled Bar,Europe,Netherlands,Direct-to-Consumer,37,4.12,152.44
SALE-002874,2025-09-24,CHC-00482,Single Origin Dark Chocolate Filled Bar,North America,Mexico,Direct-to-Consumer,29,4.41,127.89
SALE-002875,2026-02-21,CHC-01049,Lemon Zest White Chocolate Squares,Europe,Italy,Retail Store,34,2.65,90.1
SALE-002876,2025-11-30,CHC-00874,Espresso Infused Dark Chocolate Filled Bar,Europe,Germany,Direct-to-Consumer,14,4.79,67.06
SALE-002877,2026-02-19,CHC-01352,Marzipan Style Almond Chocolate Coated Nuts,North America,USA,E-Commerce,31,4.46,138.26
SALE-002878,2026-01-13,CHC-01458,Classic Sugar-Free Chocolate Wafer Bar,North America,Mexico,Retail Store,28,5.46,152.88
SALE-002879,2025-10-13,CHC-00123,Vanilla Bean White Chocolate Gift Box,Middle East & Africa,Cote d'Ivoire,Wholesale Distributor,46,2.06,94.76
SALE-002880,2025-12-31,CHC-00094,Bakers Classic Compound Chocolate Filled Bar,Latin America,Brazil,Direct-to-Consumer,18,1.6,28.8
SALE-002881,2026-07-05,CHC-00603,70% Intense Dark Chocolate Gift Box,North America,Mexico,E-Commerce,14,4.05,56.7
SALE-002882,2025-11-02,CHC-01184,Raspberry Swirl White Chocolate Coated Nuts,Middle East & Africa,UAE,Duty-Free,5,3.53,17.65
SALE-002883,2026-07-21,CHC-00501,70% Intense Dark Chocolate Bar,Europe,France,Retail Store,21,4.08,85.68
SALE-002884,2026-03-16,CHC-00162,Biscuit Milk Chocolate Filled Bar,Europe,Belgium,Duty-Free,55,2.71,149.05
SALE-002885,2026-06-30,CHC-01146,Tropical Mix Fruit & Nut Chocolate Chips (Baking),Latin America,Ecuador,Retail Store,12,4.68,56.16
SALE-002886,2026-05-26,CHC-00555,Single Origin Dark Chocolate Pralines,Middle East & Africa,UAE,E-Commerce,38,6.4,243.2
SALE-002887,2025-12-26,CHC-01405,Raspberry Swirl White Chocolate Gift Box,North America,Mexico,Wholesale Distributor,47,2.81,132.07
SALE-002888,2025-10-20,CHC-00804,Single Origin Dark Chocolate Wafer Bar,Asia Pacific,Japan,Direct-to-Consumer,33,5.22,172.26
SALE-002889,2026-06-24,CHC-01122,Gianduja Style Hazelnut Chocolate Drops,North America,USA,E-Commerce,59,3.24,191.16
SALE-002890,2025-11-02,CHC-01088,Praline Hazelnut Chocolate Wafer Bar,North America,Canada,Wholesale Distributor,17,3.28,55.76
SALE-002891,2025-11-19,CHC-01329,Sea Salt Milk Chocolate Truffle Box,Asia Pacific,Australia,Duty-Free,27,4.15,112.05
SALE-002892,2026-03-29,CHC-00807,85% Extra Bold Dark Chocolate Truffle Box,Latin America,Brazil,Wholesale Distributor,18,6.48,116.64
SALE-002893,2026-04-25,CHC-01342,Espresso Infused Dark Chocolate Coated Nuts,Asia Pacific,Australia,Retail Store,5,5.53,27.65
SALE-002894,2026-01-31,CHC-01439,Tropical Mix Fruit & Nut Chocolate Drops,Europe,France,Direct-to-Consumer,13,5.33,69.29
SALE-002895,2025-11-29,CHC-00941,Classic Sugar-Free Chocolate Truffle Box,North America,Canada,Retail Store,16,4.89,78.24
SALE-002896,2025-11-01,CHC-00751,Organic Raw Cacao Chocolate Truffle Box,North America,Mexico,Retail Store,5,6.06,30.3
SALE-002897,2026-02-02,CHC-00396,Raspberry Swirl White Chocolate Wafer Bar,Europe,Netherlands,Direct-to-Consumer,41,3.3,135.3
SALE-002898,2026-03-12,CHC-00326,Roasted Almond Chocolate Chips (Baking),Middle East & Africa,Ghana,Duty-Free,11,3.81,41.91
SALE-002899,2025-11-13,CHC-00423,Marzipan Style Almond Chocolate Bar,Europe,Belgium,E-Commerce,5,4.92,24.6
SALE-002900,2025-10-04,CHC-01186,Tropical Mix Fruit & Nut Chocolate Squares,Latin America,Ecuador,Retail Store,8,5.35,42.8
SALE-002901,2026-05-08,CHC-00703,Classic Milk Chocolate Gift Box,Europe,Switzerland,Retail Store,107,2.23,238.61
SALE-002902,2026-03-09,CHC-00230,Sea Salt Caramel Chocolate Squares,Middle East & Africa,Ghana,Direct-to-Consumer,38,2.66,101.08
SALE-002903,2026-08-03,CHC-01383,70% Intense Dark Chocolate Filled Bar,Europe,Italy,Wholesale Distributor,32,3.38,108.16
SALE-002904,2025-11-05,CHC-01096,70% Intense Dark Chocolate Bar,Latin America,Ecuador,Duty-Free,36,3.02,108.72
SALE-002905,2026-05-15,CHC-00526,Roasted Almond Chocolate Truffle Box,Asia Pacific,China,Direct-to-Consumer,37,3.21,118.77
SALE-002906,2026-05-27,CHC-00379,Biscuit Milk Chocolate Gift Box,Asia Pacific,Australia,Direct-to-Consumer,52,4.49,233.48
SALE-002907,2025-10-30,CHC-00647,Soft Caramel Core Chocolate Drops,Latin America,Peru,Wholesale Distributor,20,3.16,63.2
SALE-002908,2026-07-26,CHC-00096,Biscuit Milk Chocolate Squares,Europe,Germany,Wholesale Distributor,29,2.48,71.92
SALE-002909,2026-07-20,CHC-00135,70% Intense Dark Chocolate Pralines,Europe,Belgium,Direct-to-Consumer,4,6.25,25.0
SALE-002910,2026-02-20,CHC-00877,Sea Salt Milk Chocolate Bar,Europe,Switzerland,Retail Store,28,4.27,119.56
SALE-002911,2025-09-03,CHC-00810,Praline Hazelnut Chocolate Gift Box,Middle East & Africa,UAE,Direct-to-Consumer,39,4.74,184.86
SALE-002912,2026-07-17,CHC-00062,Classic Milk Chocolate Drops,Middle East & Africa,Cote d'Ivoire,Duty-Free,33,4.2,138.6
SALE-002913,2025-12-25,CHC-00526,Roasted Almond Chocolate Truffle Box,Asia Pacific,China,Direct-to-Consumer,46,3.21,147.66
SALE-002914,2025-10-26,CHC-01096,70% Intense Dark Chocolate Bar,Latin America,Ecuador,Retail Store,58,3.02,175.16
SALE-002915,2025-12-02,CHC-01198,85% Extra Bold Dark Chocolate Filled Bar,North America,Mexico,Direct-to-Consumer,10,3.84,38.4
SALE-002916,2025-12-23,CHC-00660,Honeycomb Milk Chocolate Filled Bar,Asia Pacific,China,Direct-to-Consumer,40,4.09,163.6
SALE-002917,2026-02-21,CHC-01410,Sea Salt Caramel Chocolate Gift Box,Latin America,Brazil,Retail Store,61,4.2,256.2
SALE-002918,2026-02-09,CHC-00347,Stevia Sweetened Sugar-Free Chocolate Gift Box,Asia Pacific,Japan,Retail Store,17,5.81,98.77
SALE-002919,2026-01-06,CHC-00331,70% Intense Dark Chocolate Drops,Europe,Belgium,Direct-to-Consumer,14,6.49,90.86
SALE-002920,2025-10-03,CHC-00423,Marzipan Style Almond Chocolate Bar,Europe,Belgium,Wholesale Distributor,17,4.92,83.64
SALE-002921,2026-01-15,CHC-00083,Coconut White Chocolate Coated Nuts,North America,Canada,Wholesale Distributor,148,4.04,597.92
SALE-002922,2025-10-30,CHC-01378,Whole Hazelnut Chocolate Squares,Europe,Switzerland,Retail Store,30,5.98,179.4
SALE-002923,2026-04-15,CHC-00229,Cranberry Walnut Fruit & Nut Chocolate Wafer Bar,Middle East & Africa,Ghana,Duty-Free,11,4.91,54.01
SALE-002924,2026-01-11,CHC-00287,Classic Sugar-Free Chocolate Filled Bar,Middle East & Africa,South Africa,Duty-Free,38,5.34,202.92
SALE-002925,2025-08-11,CHC-01119,70% Intense Dark Chocolate Wafer Bar,Asia Pacific,India,Retail Store,64,5.94,380.16
SALE-002926,2025-10-31,CHC-00495,Coconut Sugar Vegan Dark Chocolate Pralines,Asia Pacific,Australia,Direct-to-Consumer,11,6.44,70.84
SALE-002927,2026-05-03,CHC-01154,Sea Salt Milk Chocolate Squares,Europe,France,Wholesale Distributor,167,4.05,676.35
SALE-002928,2026-06-09,CHC-00611,Biscuit Milk Chocolate Wafer Bar,Europe,Netherlands,Retail Store,108,3.15,340.2
SALE-002929,2025-09-20,CHC-00021,Espresso Infused Dark Chocolate Wafer Bar,Asia Pacific,Japan,Direct-to-Consumer,29,6.02,174.58
SALE-002930,2025-12-22,CHC-00081,Almond Crunch Chocolate Wafer Bar,Europe,Switzerland,Wholesale Distributor,20,5.36,107.2
SALE-002931,2026-05-07,CHC-00575,Berry Burst Ruby Chocolate Wafer Bar,North America,USA,Direct-to-Consumer,32,4.44,142.08
SALE-002932,2026-04-08,CHC-00741,Coconut White Chocolate Gift Box,Latin America,Colombia,Duty-Free,52,4.06,211.12
SALE-002933,2025-12-19,CHC-01468,Soft Caramel Core Chocolate Truffle Box,Europe,United Kingdom,Wholesale Distributor,137,4.01,549.37
SALE-002934,2026-04-14,CHC-01190,Classic Sugar-Free Chocolate Chips (Baking),Latin America,Brazil,E-Commerce,13,4.18,54.34
SALE-002935,2026-03-08,CHC-00392,Confectionery Grade Compound Chocolate Coated Nuts,North America,Canada,Direct-to-Consumer,11,2.1,23.1
SALE-002936,2026-03-17,CHC-00022,Classic Milk Chocolate Truffle Box,Europe,Switzerland,Duty-Free,19,3.55,67.45
SALE-002937,2025-09-03,CHC-01215,Sea Salt Caramel Chocolate Squares,Latin America,Brazil,Wholesale Distributor,15,4.59,68.85
SALE-002938,2025-09-21,CHC-00611,Biscuit Milk Chocolate Wafer Bar,Europe,Netherlands,Direct-to-Consumer,52,3.15,163.8
SALE-002939,2025-09-01,CHC-00245,Sea Salt Milk Chocolate Wafer Bar,Europe,Netherlands,Retail Store,79,4.08,322.32
SALE-002940,2026-02-16,CHC-01360,Cranberry Walnut Fruit & Nut Chocolate Gift Box,Europe,Italy,Duty-Free,6,3.86,23.16
SALE-002941,2025-10-01,CHC-00661,Sea Salt Caramel Chocolate Truffle Box,Asia Pacific,India,E-Commerce,69,3.72,256.68
SALE-002942,2026-06-17,CHC-00568,Classic Milk Chocolate Filled Bar,Europe,France,Wholesale Distributor,23,4.16,95.68
SALE-002943,2026-03-28,CHC-00830,Whole Hazelnut Chocolate Bar,Europe,Germany,Retail Store,27,3.74,100.98
SALE-002944,2026-01-18,CHC-01262,Sea Salt Milk Chocolate Bar,North America,Canada,Direct-to-Consumer,15,2.14,32.1
SALE-002945,2025-10-15,CHC-00407,Organic Raw Cacao Chocolate Truffle Box,Europe,France,Direct-to-Consumer,33,3.6,118.8
SALE-002946,2025-11-21,CHC-00354,Plant-Based Classic Vegan Dark Chocolate Pralines,Europe,Switzerland,Direct-to-Consumer,72,5.3,381.6
SALE-002947,2026-02-07,CHC-01372,Organic Fair-Trade Chocolate Squares,Europe,France,E-Commerce,50,3.51,175.5
SALE-002948,2026-05-17,CHC-00410,Tropical Mix Fruit & Nut Chocolate Coated Nuts,Asia Pacific,Australia,Wholesale Distributor,3,3.79,11.37
SALE-002949,2026-03-25,CHC-00223,Bakers Classic Compound Chocolate Gift Box,Asia Pacific,Australia,Direct-to-Consumer,58,1.69,98.02
SALE-002950,2025-12-31,CHC-00426,Plant-Based Classic Vegan Dark Chocolate Chips (Baking),Europe,France,Direct-to-Consumer,44,3.4,149.6
SALE-002951,2025-12-29,CHC-00088,Organic Fair-Trade Chocolate Bar,Asia Pacific,China,Retail Store,14,4.16,58.24
SALE-002952,2025-12-06,CHC-01157,Single Origin Dark Chocolate Drops,Latin America,Colombia,Wholesale Distributor,50,4.03,201.5
SALE-002953,2026-03-23,CHC-00539,Salted Butter Caramel Chocolate Filled Bar,Europe,France,E-Commerce,18,3.18,57.24
SALE-002954,2026-02-18,CHC-01045,Almond Crunch Chocolate Coated Nuts,Latin America,Brazil,Duty-Free,9,3.41,30.69
SALE-002955,2025-10-19,CHC-00756,Roasted Almond Chocolate Pralines,Asia Pacific,Indonesia,Duty-Free,232,3.4,788.8
SALE-002956,2026-06-22,CHC-00905,Organic Fair-Trade Chocolate Squares,Asia Pacific,Indonesia,Direct-to-Consumer,60,6.44,386.4
SALE-002957,2026-01-11,CHC-00174,Honeycomb Milk Chocolate Pralines,Europe,United Kingdom,Wholesale Distributor,18,2.88,51.84
SALE-002958,2025-12-25,CHC-01004,Cranberry Walnut Fruit & Nut Chocolate Squares,North America,Mexico,Duty-Free,62,4.05,251.1
SALE-002959,2026-07-15,CHC-00918,Almond Crunch Chocolate Bar,Asia Pacific,Australia,Duty-Free,18,3.02,54.36
SALE-002960,2025-10-06,CHC-00457,Almond Crunch Chocolate Bar,North America,Mexico,Retail Store,22,5.01,110.22
SALE-002961,2026-07-28,CHC-01195,Classic Milk Chocolate Truffle Box,Europe,France,Wholesale Distributor,69,4.11,283.59
SALE-002962,2026-05-22,CHC-01298,85% Extra Bold Dark Chocolate Squares,Europe,Switzerland,E-Commerce,16,3.56,56.96
SALE-002963,2026-01-01,CHC-00065,Diabetic Friendly Sugar-Free Chocolate Truffle Box,Europe,Italy,E-Commerce,23,3.51,80.73
SALE-002964,2025-11-26,CHC-00544,Confectionery Grade Compound Chocolate Truffle Box,Asia Pacific,India,Retail Store,11,2.3,25.3
SALE-002965,2025-09-11,CHC-00364,Organic Raw Cacao Chocolate Filled Bar,Latin America,Colombia,Direct-to-Consumer,56,7.19,402.64
SALE-002966,2026-01-08,CHC-00803,Oat Milk Blend Vegan Dark Chocolate Coated Nuts,Asia Pacific,India,Wholesale Distributor,63,6.46,406.98
SALE-002967,2026-05-09,CHC-01395,Espresso Infused Dark Chocolate Squares,Asia Pacific,China,Duty-Free,12,6.25,75.0
SALE-002968,2025-12-16,CHC-00600,Diabetic Friendly Sugar-Free Chocolate Pralines,Middle East & Africa,South Africa,E-Commerce,30,5.21,156.3
SALE-002969,2026-07-17,CHC-01370,Espresso Infused Dark Chocolate Chips (Baking),Asia Pacific,Australia,Direct-to-Consumer,32,3.71,118.72
SALE-002970,2025-12-05,CHC-00925,Oat Milk Blend Vegan Dark Chocolate Wafer Bar,North America,Canada,Direct-to-Consumer,20,4.16,83.2
SALE-002971,2026-01-11,CHC-01463,Sea Salt Milk Chocolate Pralines,Latin America,Brazil,Retail Store,40,2.48,99.2
SALE-002972,2025-09-28,CHC-00091,Sea Salt Caramel Chocolate Bar,Latin America,Peru,Retail Store,18,4.73,85.14
SALE-002973,2026-04-04,CHC-00756,Roasted Almond Chocolate Pralines,Asia Pacific,Indonesia,E-Commerce,38,3.4,129.2
SALE-002974,2026-07-22,CHC-00988,Roasted Almond Chocolate Coated Nuts,Europe,United Kingdom,E-Commerce,7,3.44,24.08
SALE-002975,2025-12-04,CHC-00687,Diabetic Friendly Sugar-Free Chocolate Chips (Baking),Europe,Italy,E-Commerce,26,5.54,144.04
SALE-002976,2025-11-05,CHC-01298,85% Extra Bold Dark Chocolate Squares,Europe,Switzerland,E-Commerce,30,3.56,106.8
SALE-002977,2026-01-31,CHC-00780,Cranberry Walnut Fruit & Nut Chocolate Chips (Baking),Europe,Germany,Retail Store,17,5.18,88.06
SALE-002978,2026-07-08,CHC-00875,Raisin & Almond Fruit & Nut Chocolate Chips (Baking),Middle East & Africa,Cote d'Ivoire,Wholesale Distributor,8,3.4,27.2
SALE-002979,2025-10-21,CHC-00281,Plant-Based Classic Vegan Dark Chocolate Drops,Middle East & Africa,UAE,Duty-Free,33,5.59,184.47
SALE-002980,2026-02-15,CHC-00814,Honeycomb Milk Chocolate Truffle Box,Europe,Belgium,Direct-to-Consumer,22,3.21,70.62
SALE-002981,2025-12-27,CHC-00728,Organic Raw Cacao Chocolate Filled Bar,Europe,Netherlands,E-Commerce,23,6.13,140.99
SALE-002982,2026-07-04,CHC-00215,Organic Raw Cacao Chocolate Pralines,Middle East & Africa,South Africa,Wholesale Distributor,14,4.44,62.16
SALE-002983,2026-07-13,CHC-01373,Cranberry Walnut Fruit & Nut Chocolate Chips (Baking),Europe,United Kingdom,Wholesale Distributor,32,3.25,104.0
SALE-002984,2025-11-18,CHC-00389,Whole Hazelnut Chocolate Drops,Asia Pacific,Japan,Duty-Free,15,5.81,87.15
SALE-002985,2026-04-28,CHC-00029,Praline Hazelnut Chocolate Wafer Bar,Latin America,Colombia,Retail Store,13,5.14,66.82
SALE-002986,2025-12-19,CHC-00226,Coconut White Chocolate Truffle Box,North America,Mexico,Direct-to-Consumer,55,2.47,135.85
SALE-002987,2026-06-13,CHC-00176,85% Extra Bold Dark Chocolate Drops,Middle East & Africa,Ghana,Direct-to-Consumer,27,3.82,103.14
SALE-002988,2026-02-24,CHC-01021,Tropical Mix Fruit & Nut Chocolate Squares,Europe,Switzerland,Retail Store,13,3.96,51.48
SALE-002989,2026-07-23,CHC-00472,Biscuit Milk Chocolate Squares,North America,Canada,Direct-to-Consumer,41,2.31,94.71
SALE-002990,2025-09-20,CHC-00735,Raspberry Swirl White Chocolate Squares,Middle East & Africa,Cote d'Ivoire,Retail Store,3,2.97,8.91
SALE-002991,2026-02-15,CHC-00284,Sea Salt Milk Chocolate Truffle Box,Asia Pacific,Japan,Wholesale Distributor,27,2.87,77.49
SALE-002992,2026-01-23,CHC-00314,Marzipan Style Almond Chocolate Gift Box,North America,Mexico,Wholesale Distributor,77,4.72,363.44
SALE-002993,2026-04-05,CHC-01196,Tropical Mix Fruit & Nut Chocolate Coated Nuts,Europe,Switzerland,Wholesale Distributor,17,3.88,65.96
SALE-002994,2025-12-14,CHC-00275,Stevia Sweetened Sugar-Free Chocolate Squares,Latin America,Ecuador,Direct-to-Consumer,23,4.65,106.95
SALE-002995,2026-05-09,CHC-00216,Raspberry Swirl White Chocolate Bar,North America,Mexico,Retail Store,33,3.09,101.97
SALE-002996,2026-07-27,CHC-00664,Value Pack Compound Chocolate Chips (Baking),Europe,Belgium,Duty-Free,25,1.25,31.25
SALE-002997,2025-08-18,CHC-00066,Lemon Zest White Chocolate Pralines,Latin America,Peru,Direct-to-Consumer,13,2.39,31.07
SALE-002998,2025-11-16,CHC-00769,Roasted Almond Chocolate Pralines,Asia Pacific,Japan,Direct-to-Consumer,147,3.57,524.79
SALE-002999,2025-10-11,CHC-01030,70% Intense Dark Chocolate Wafer Bar,Middle East & Africa,UAE,E-Commerce,11,5.95,65.45
SALE-003000,2026-03-18,CHC-00176,85% Extra Bold Dark Chocolate Drops,Middle East & Africa,Ghana,Duty-Free,138,3.82,527.16
